Date/Time,Temp.,Dew,Relative,Wind,Wind,Visibility,Weather,Clouds,Sea Level,Station,Altimeter,1 Hour,3 Hour,6 Hour,6 Hr,6 Hr,24 Hr,24 Hr
,,Point,Humidity,Direction,Speed,,,,Pressure,Pressure,Setting,Precip,Precip,Precip,Max,Min,Max,Min
(L),(°F),(°F),(%),,(mph),(miles),,(x100 ft),(mb),(in Hg),(in Hg),(in),(in),(in),(°F),(°F),(°F),(°F)
"Jul 31, 7:53 pm",66,58,75,W,12,10,,FEW008,1015,29.84,29.98,,,,,,,
"Jul 31, 7:50 pm",66,57,73,W,12,10,,FEW008,,29.84,29.98,,,,,,,
"Jul 31, 7:45 pm",66,59,78,WSW,13,10,,FEW008,,29.84,29.98,,,,,,,
"Jul 31, 7:40 pm",66,57,73,W,9,10,,FEW008,,29.84,29.98,,,,,,,
"Jul 31, 7:35 pm",66,57,73,WSW,13,10,,FEW008,,29.84,29.98,,,,,,,
"Jul 31, 7:30 pm",66,57,73,WSW,10,10,,FEW008,,29.84,29.98,,,,,,,
"Jul 31, 7:25 pm",66,57,73,W,13,10,,FEW008,,29.84,29.98,,,,,,,
"Jul 31, 7:20 pm",66,59,78,WSW,12,10,,FEW008,,29.84,29.98,,,,,,,
"Jul 31, 7:15 pm",68,59,73,W,10,10,,FEW008,,29.84,29.98,,,,,,,
"Jul 31, 7:10 pm",68,59,73,WSW,12,10,,FEW008,,29.83,29.97,,,,,,,
"Jul 31, 7:05 pm",68,57,68,W,12,10,,FEW008,,29.83,29.97,,,,,,,
"Jul 31, 7:00 pm",68,57,68,W,13,10,,FEW008,,29.84,29.98,,,,,,,
"Jul 31, 6:55 pm",68,57,68,W,13,10,,FEW008,,29.84,29.98,,,,,,,
"Jul 31, 6:53 pm",68,58,70,W,13,10,,FEW008,1014.9,29.84,29.98,,,,,,,
"Jul 31, 6:50 pm",70,59,69,W,12,10,,FEW009,,29.83,29.97,,,,,,,
"Jul 31, 6:45 pm",70,59,69,W,12,10,,FEW009,,29.83,29.97,,,,,,,
"Jul 31, 6:40 pm",70,59,69,WSW,13,10,,FEW009,,29.83,29.97,,,,,,,
"Jul 31, 6:35 pm",70,61,73,W,12,10,,FEW009,,29.83,29.97,,,,,,,
"Jul 31, 6:30 pm",70,61,73,W,12,10,,FEW009,,29.83,29.97,,,,,,,
"Jul 31, 6:25 pm",70,61,73,WSW,13,10,,FEW009,,29.83,29.97,,,,,,,
"Jul 31, 6:20 pm",70,61,73,W,13,10,,FEW009,,29.83,29.97,,,,,,,
"Jul 31, 6:15 pm",70,61,73,WSW,13,10,,FEW009,,29.83,29.97,,,,,,,
"Jul 31, 6:10 pm",70,61,73,WSW,12,10,,FEW009,,29.83,29.97,,,,,,,
"Jul 31, 6:05 pm",70,61,73,WSW,13,10,,FEW009,,29.82,29.96,,,,,,,
"Jul 31, 6:00 pm",70,61,73,WSW,13,10,,FEW009,,29.82,29.96,,,,,,,
"Jul 31, 5:55 pm",70,61,73,W,13,10,,FEW009,,29.82,29.96,,,,,,,
"Jul 31, 5:53 pm",70,61,73,WSW,13,10,,FEW009,1014.5,29.82,29.96,,,,,,,
"Jul 31, 5:50 pm",70,61,73,WSW,14,10,,FEW009,,29.82,29.96,,,,,,,
"Jul 31, 5:45 pm",70,61,73,WSW,13,10,,FEW009,,29.82,29.96,,,,,,,
"Jul 31, 5:40 pm",70,61,73,WSW,13,10,,FEW009,,29.83,29.97,,,,,,,
"Jul 31, 5:35 pm",70,61,73,WSW,14,10,,FEW009,,29.83,29.97,,,,,,,
"Jul 31, 5:33 pm",70,61,73,WSW,13,10,,FEW009,,29.83,29.97,,,,,,,
"Jul 31, 5:30 pm",70,61,73,WSW,14,10,,FEW010,,29.83,29.97,,,,,,,
"Jul 31, 5:25 pm",70,61,73,W,13,10,,FEW010,,29.83,29.97,,,,,,,
"Jul 31, 5:20 pm",70,61,73,WSW,12G18,10,,FEW010,,29.83,29.97,,,,,,,
"Jul 31, 5:15 pm",72,61,69,WSW,13,10,,FEW010,,29.83,29.97,,,,,,,
"Jul 31, 5:10 pm",72,61,69,WSW,14,10,,FEW010,,29.83,29.97,,,,,,,
"Jul 31, 5:05 pm",72,61,69,W,14,10,,FEW010,,29.83,29.97,,,,,,,
"Jul 31, 5:00 pm",72,61,69,WSW,13,10,,CLR,,29.83,29.97,,,,,,,
"Jul 31, 4:55 pm",72,61,69,WSW,13,10,,CLR,,29.83,29.97,,,,,,,
"Jul 31, 4:53 pm",72,60,66,WSW,14,10,,FEW010,1014.7,29.83,29.97,,,,73,70,,
"Jul 31, 4:50 pm",72,61,69,WSW,14,10,,FEW010,,29.83,29.97,,,,,,,
"Jul 31, 4:45 pm",72,61,69,W,14,10,,FEW010,,29.83,29.97,,,,,,,
"Jul 31, 4:40 pm",72,61,69,WSW,13,10,,FEW010,,29.83,29.97,,,,,,,
"Jul 31, 4:35 pm",72,61,69,WSW,14,10,,FEW010,,29.83,29.97,,,,,,,
"Jul 31, 4:30 pm",72,61,69,WSW,14,10,,FEW010,,29.83,29.97,,,,,,,
"Jul 31, 4:25 pm",72,61,69,WSW,13,10,,FEW010,,29.83,29.97,,,,,,,
"Jul 31, 4:20 pm",72,61,69,W,14,10,,FEW010,,29.83,29.97,,,,,,,
"Jul 31, 4:15 pm",72,61,69,WSW,13,10,,FEW010,,29.83,29.97,,,,,,,
"Jul 31, 4:10 pm",72,61,69,W,14,10,,FEW010,,29.84,29.98,,,,,,,
"Jul 31, 4:05 pm",72,61,69,W,14,10,,FEW010,,29.84,29.98,,,,,,,
"Jul 31, 4:00 pm",72,61,69,W,14,10,,FEW010,,29.84,29.98,,,,,,,
"Jul 31, 3:55 pm",72,61,69,W,14,10,,FEW010,,29.84,29.98,,,,,,,
"Jul 31, 3:53 pm",72,60,66,W,13,10,,FEW010,1015,29.84,29.98,,,,,,,
"Jul 31, 3:50 pm",72,61,69,WSW,14G21,10,,FEW010,,29.84,29.98,,,,,,,
"Jul 31, 3:45 pm",72,61,69,W,14,10,,FEW010 FEW016,,29.84,29.98,,,,,,,
"Jul 31, 3:40 pm",72,61,69,W,15,10,,FEW010 FEW016,,29.84,29.98,,,,,,,
"Jul 31, 3:35 pm",72,61,69,W,16,10,,FEW010 FEW016,,29.84,29.98,,,,,,,
"Jul 31, 3:30 pm",72,61,69,WSW,15,10,,FEW010 FEW016,,29.84,29.98,,,,,,,
"Jul 31, 3:25 pm",72,61,69,WSW,14,10,,FEW010 FEW016,,29.84,29.98,,,,,,,
"Jul 31, 3:20 pm",72,61,69,W,15,10,,FEW010 FEW016,,29.85,29.99,,,,,,,
"Jul 31, 3:15 pm",72,61,69,W,15,10,,FEW010 FEW016,,29.85,29.99,,,,,,,
"Jul 31, 3:10 pm",72,61,69,W,15,10,,FEW010 FEW016,,29.85,29.99,,,,,,,
"Jul 31, 3:05 pm",72,61,69,WSW,14G20,10,,FEW010 FEW016,,29.85,29.99,,,,,,,
"Jul 31, 3:00 pm",72,61,69,W,14,10,,FEW010 FEW016,,29.85,29.99,,,,,,,
"Jul 31, 2:55 pm",72,61,69,WSW,14,10,,FEW010 FEW016,,29.85,29.99,,,,,,,
"Jul 31, 2:53 pm",71,61,71,W,15,10,,FEW010 FEW016,1015.6,29.85,29.99,,,,,,,
"Jul 31, 2:50 pm",72,61,69,W,14,10,,FEW010 FEW016,,29.85,29.99,,,,,,,
"Jul 31, 2:45 pm",72,61,69,W,15G21,10,,FEW016,,29.85,29.99,,,,,,,
"Jul 31, 2:40 pm",72,61,69,WSW,12,10,,FEW016,,29.85,29.99,,,,,,,
"Jul 31, 2:35 pm",72,61,69,W,13,10,,FEW016,,29.86,30,,,,,,,
"Jul 31, 2:30 pm",73,61,65,WSW,13,10,,FEW016,,29.86,30,,,,,,,
"Jul 31, 2:25 pm",72,61,69,W,14,10,,FEW016,,29.86,30,,,,,,,
"Jul 31, 2:20 pm",72,61,69,W,14,10,,FEW016,,29.86,30,,,,,,,
"Jul 31, 2:15 pm",72,61,69,W,12,10,,FEW016,,29.86,30,,,,,,,
"Jul 31, 2:10 pm",72,61,69,WSW,12,10,,FEW016,,29.86,30,,,,,,,
"Jul 31, 2:05 pm",72,61,69,WSW,13,10,,FEW016,,29.86,30,,,,,,,
"Jul 31, 2:00 pm",72,61,69,W,13,10,,FEW016,,29.86,30,,,,,,,
"Jul 31, 1:55 pm",72,61,69,WSW,12,10,,CLR,,29.86,30,,,,,,,
"Jul 31, 1:53 pm",72,61,68,WSW,12,10,,FEW016,1015.9,29.86,30,,,,,,,
"Jul 31, 1:50 pm",72,61,69,W,14,10,,FEW016,,29.87,30.01,,,,,,,
"Jul 31, 1:45 pm",73,61,65,W,12,10,,FEW016,,29.87,30.01,,,,,,,
"Jul 31, 1:40 pm",72,61,69,WSW,12,10,,CLR,,29.87,30.01,,,,,,,
"Jul 31, 1:35 pm",72,61,69,WSW,12,10,,CLR,,29.87,30.01,,,,,,,
"Jul 31, 1:30 pm",72,61,69,W,13,10,,CLR,,29.87,30.01,,,,,,,
"Jul 31, 1:25 pm",72,61,69,WSW,10,10,,CLR,,29.87,30.01,,,,,,,
"Jul 31, 1:20 pm",72,61,69,W,10,10,,CLR,,29.87,30.01,,,,,,,
"Jul 31, 1:15 pm",72,61,69,W,12,10,,CLR,,29.87,30.01,,,,,,,
"Jul 31, 1:10 pm",73,61,65,WSW,10,10,,CLR,,29.87,30.01,,,,,,,
"Jul 31, 1:05 pm",72,61,69,W,10,10,,CLR,,29.87,30.01,,,,,,,
"Jul 31, 1:00 pm",72,61,69,WSW,10,10,,CLR,,29.87,30.01,,,,,,,
"Jul 31, 12:55 pm",72,61,69,WSW,10,10,,CLR,,29.87,30.01,,,,,,,
"Jul 31, 12:53 pm",72,61,68,W,9,10,,FEW014,1016.2,29.87,30.01,,,,,,,
"Jul 31, 12:50 pm",72,61,69,WSW,12,10,,FEW014,,29.87,30.01,,,,,,,
"Jul 31, 12:45 pm",72,61,69,WSW,10,10,,CLR,,29.87,30.01,,,,,,,
"Jul 31, 12:40 pm",72,61,69,WSW,10,10,,CLR,,29.87,30.01,,,,,,,
"Jul 31, 12:35 pm",72,61,69,W,12,10,,CLR,,29.87,30.01,,,,,,,
"Jul 31, 12:30 pm",72,61,69,W,13,10,,CLR,,29.87,30.01,,,,,,,
"Jul 31, 12:25 pm",72,61,69,WSW,10,10,,CLR,,29.87,30.01,,,,,,,
"Jul 31, 12:20 pm",72,61,69,W,10,10,,CLR,,29.87,30.01,,,,,,,
"Jul 31, 12:15 pm",72,61,69,WSW,9,10,,CLR,,29.87,30.01,,,,,,,
"Jul 31, 12:10 pm",72,61,69,WSW,10,10,,CLR,,29.87,30.01,,,,,,,
"Jul 31, 12:05 pm",72,61,69,W,9,10,,CLR,,29.87,30.01,,,,,,,
"Jul 31, 12:00 pm",72,61,69,W,12,10,,CLR,,29.87,30.01,,,,,,,
"Jul 31, 11:55 am",72,61,69,W,9,10,,CLR,,29.88,30.02,,,,,,,
"Jul 31, 11:53 am",71,61,71,W,9,9,,FEW009 FEW015,1016.3,29.87,30.01,,,,,,,
"Jul 31, 11:50 am",72,61,69,WSW,9,9,,FEW009 FEW015,,29.88,30.02,,,,,,,
"Jul 31, 11:45 am",72,61,69,W,9,9,,FEW009 FEW015,,29.88,30.02,,,,,,,
"Jul 31, 11:40 am",72,61,69,W,12,10,,CLR,,29.88,30.02,,,,,,,
"Jul 31, 11:35 am",72,61,69,W,10,10,,CLR,,29.88,30.02,,,,,,,
"Jul 31, 11:30 am",72,61,69,W,9,10,,CLR,,29.88,30.02,,,,,,,
"Jul 31, 11:25 am",72,61,69,WSW,9,10,,CLR,,29.88,30.02,,,,,,,
"Jul 31, 11:20 am",70,61,73,WSW,9,10,,CLR,,29.88,30.02,,,,,,,
"Jul 31, 11:15 am",72,61,69,W,12,10,,CLR,,29.88,30.02,,,,,,,
"Jul 31, 11:10 am",72,61,69,WSW,9,10,,CLR,,29.88,30.02,,,,,,,
"Jul 31, 11:05 am",72,61,69,W,10,10,,CLR,,29.88,30.02,,,,,,,
"Jul 31, 11:00 am",72,61,69,W,12,10,,CLR,,29.88,30.02,,,,,,,
"Jul 31, 10:55 am",70,61,73,WSW,10,10,,CLR,,29.88,30.02,,,,,,,
"Jul 31, 10:53 am",70,61,73,W,9,9,,FEW009 FEW018,1016.4,29.88,30.02,,,,71,63,,
"Jul 31, 10:50 am",72,61,69,WSW,9,9,,FEW009 FEW018,,29.88,30.02,,,,,,,
"Jul 31, 10:45 am",70,61,73,W,10,10,,CLR,,29.88,30.02,,,,,,,
"Jul 31, 10:40 am",70,61,73,W,12,10,,FEW015,,29.88,30.02,,,,,,,
"Jul 31, 10:35 am",70,61,73,W,7,10,,FEW015,,29.88,30.02,,,,,,,
"Jul 31, 10:30 am",70,61,73,WSW,9,10,,FEW014,,29.88,30.02,,,,,,,
"Jul 31, 10:25 am",70,61,73,W,9,10,,FEW014,,29.88,30.02,,,,,,,
"Jul 31, 10:20 am",70,61,73,WSW,7,10,,FEW014,,29.88,30.02,,,,,,,
"Jul 31, 10:15 am",70,61,73,WSW,9,10,,SCT014,,29.88,30.02,,,,,,,
"Jul 31, 10:10 am",70,61,73,WSW,9,10,,SCT014,,29.88,30.02,,,,,,,
"Jul 31, 10:05 am",70,61,73,WSW,7,10,,FEW014,,29.88,30.02,,,,,,,
"Jul 31, 10:00 am",70,61,73,WSW,9,10,,FEW014,,29.88,30.02,,,,,,,
"Jul 31, 9:55 am",70,61,73,WSW,8,10,,FEW014,,29.88,30.02,,,,,,,
"Jul 31, 9:53 am",69,61,75,WSW,9,9,,FEW009 FEW018,1016.3,29.88,30.02,,,,,,,
"Jul 31, 9:50 am",70,61,73,WSW,8,9,,FEW009 FEW018,,29.87,30.01,,,,,,,
"Jul 31, 9:45 am",70,61,73,SW,8,10,,CLR,,29.87,30.01,,,,,,,
"Jul 31, 9:40 am",70,61,73,SSW,6,10,,CLR,,29.87,30.01,,,,,,,
"Jul 31, 9:35 am",70,61,73,SW,7,10,,CLR,,29.87,30.01,,,,,,,
"Jul 31, 9:30 am",70,61,73,SSW,6,10,,CLR,,29.87,30.01,,,,,,,
"Jul 31, 9:25 am",70,61,73,SW,7,10,,CLR,,29.87,30.01,,,,,,,
"Jul 31, 9:20 am",70,61,73,SW,7,10,,CLR,,29.87,30.01,,,,,,,
"Jul 31, 9:15 am",70,61,73,SW,7,10,,CLR,,29.86,30,,,,,,,
"Jul 31, 9:10 am",70,61,73,SW,7,10,,CLR,,29.86,30,,,,,,,
"Jul 31, 9:05 am",70,61,73,WSW,7,10,,CLR,,29.86,30,,,,,,,
"Jul 31, 9:00 am",70,61,73,W,5,10,,CLR,,29.86,30,,,,,,,
"Jul 31, 8:55 am",70,61,73,SSW,6,10,,CLR,,29.86,30,,,,,,,
"Jul 31, 8:53 am",69,61,75,WSW,5,8,,FEW009 FEW015,1015.7,29.86,30,,,,,,,
"Jul 31, 8:50 am",70,61,73,SW,6,8,,FEW009 FEW015,,29.86,30,,,,,,,
"Jul 31, 8:45 am",68,61,78,SW,3,10,,CLR,,29.86,30,,,,,,,
"Jul 31, 8:40 am",68,61,78,W,5,10,,CLR,,29.86,30,,,,,,,
"Jul 31, 8:35 am",68,61,78,WSW,6,10,,CLR,,29.86,30,,,,,,,
"Jul 31, 8:30 am",66,61,83,WSW,3,10,,CLR,,29.86,30,,,,,,,
"Jul 31, 8:25 am",66,61,83,SSE,3,10,,CLR,,29.86,30,,,,,,,
"Jul 31, 8:20 am",68,61,78,WSW,5,10,,CLR,,29.85,29.99,,,,,,,
"Jul 31, 8:15 am",66,61,83,SSW,3,10,,CLR,,29.86,30,,,,,,,
"Jul 31, 8:10 am",66,61,83,WSW,3,10,,CLR,,29.86,30,,,,,,,
"Jul 31, 8:05 am",66,61,83,SW,3,10,,CLR,,29.85,29.99,,,,,,,
"Jul 31, 8:00 am",66,61,83,N,0,10,,CLR,,29.85,29.99,,,,,,,
"Jul 31, 7:55 am",66,61,83,W,3,10,,CLR,,29.85,29.99,,,,,,,
"Jul 31, 7:53 am",66,61,84,W,3,8,,FEW009 FEW014,1015.3,29.85,29.99,,,,,,,
"Jul 31, 7:50 am",66,61,83,W,3,8,,FEW009 FEW014,,29.85,29.99,,,,,,,
"Jul 31, 7:45 am",66,61,83,N,0,10,,CLR,,29.85,29.99,,,,,,,
"Jul 31, 7:40 am",66,61,83,N,0,10,,CLR,,29.85,29.99,,,,,,,
"Jul 31, 7:35 am",66,61,83,N,0,10,,CLR,,29.85,29.99,,,,,,,
"Jul 31, 7:30 am",64,61,88,,,10,,CLR,,29.85,29.99,,,,,,,
"Jul 31, 7:25 am",64,61,88,,,9,,CLR,,29.84,29.98,,,,,,,
"Jul 31, 7:20 am",64,61,88,,,9,,CLR,,29.84,29.98,,,,,,,
"Jul 31, 7:15 am",64,61,88,SW,3,10,,CLR,,29.84,29.98,,,,,,,
"Jul 31, 7:10 am",64,61,88,SW,3,10,,CLR,,29.84,29.98,,,,,,,
"Jul 31, 7:05 am",64,61,88,N,0,10,,CLR,,29.84,29.98,,,,,,,
"Jul 31, 7:00 am",64,61,88,N,0,10,,CLR,,29.84,29.98,,,,,,,
"Jul 31, 6:55 am",64,61,88,N,0,10,,CLR,,29.84,29.98,,,,,,,
"Jul 31, 6:53 am",64,60,87,WSW,5,8,,FEW009 FEW013,1015,29.84,29.98,,,,,,,
"Jul 31, 6:50 am",64,61,88,WSW,5G20,8,,FEW009 FEW013,,29.84,29.98,,,,,,,
"Jul 31, 6:45 am",64,61,88,WSW,5G20,10,,CLR,,29.84,29.98,,,,,,,
"Jul 31, 6:40 am",64,61,88,WSW,5G20,10,,CLR,,29.84,29.98,,,,,,,
"Jul 31, 6:35 am",64,61,88,WSW,5G20,10,,CLR,,29.84,29.98,,,,,,,
"Jul 31, 6:30 am",63,61,94,WSW,5G20,10,,CLR,,29.83,29.97,,,,,,,
"Jul 31, 6:25 am",63,61,94,WSW,5G20,10,,CLR,,29.83,29.97,,,,,,,
"Jul 31, 6:20 am",63,61,94,WSW,5G20,10,,CLR,,29.83,29.97,,,,,,,
"Jul 31, 6:15 am",63,61,94,SW,3,10,,CLR,,29.83,29.97,,,,,,,
"Jul 31, 6:10 am",63,61,94,WSW,3,10,,CLR,,29.83,29.97,,,,,,,
"Jul 31, 6:05 am",63,61,94,WSW,3,10,,CLR,,29.83,29.97,,,,,,,
"Jul 31, 6:00 am",63,61,94,WSW,3,10,,CLR,,29.82,29.96,,,,,,,
"Jul 31, 5:55 am",63,61,94,W,3,10,,CLR,,29.82,29.96,,,,,,,
"Jul 31, 5:53 am",63,60,90,N,0,10,,FEW009 FEW012,1014.4,29.82,29.96,,,,,,,
"Jul 31, 5:50 am",63,61,94,WSW,3,10,,FEW011,,29.82,29.96,,,,,,,
"Jul 31, 5:45 am",63,61,94,W,3,10,,FEW011,,29.82,29.96,,,,,,,
"Jul 31, 5:40 am",63,61,94,N,0,10,,FEW011,,29.82,29.96,,,,,,,
"Jul 31, 5:35 am",63,61,94,N,0,10,,FEW011,,29.82,29.96,,,,,,,
"Jul 31, 5:30 am",63,61,94,SSW,3,10,,FEW011,,29.82,29.96,,,,,,,
"Jul 31, 5:25 am",63,61,94,SSW,3,10,,FEW012,,29.82,29.96,,,,,,,
"Jul 31, 5:20 am",63,61,94,S,3,10,,FEW012,,29.81,29.95,,,,,,,
"Jul 31, 5:15 am",63,61,94,SSW,5,10,,FEW012,,29.81,29.95,,,,,,,
"Jul 31, 5:10 am",63,61,94,SSW,3,10,,FEW012,,29.81,29.95,,,,,,,
"Jul 31, 5:05 am",63,61,94,N,0,10,,FEW012,,29.81,29.95,,,,,,,
"Jul 31, 5:00 am",63,61,94,N,0,10,,CLR,,29.81,29.95,,,,,,,
"Jul 31, 4:55 am",63,61,94,WSW,3,10,,CLR,,29.81,29.95,,,,,,,
"Jul 31, 4:53 am",63,60,90,SW,3,10,,FEW009 FEW012,1014,29.81,29.95,,,,66,63,,
"Jul 31, 4:50 am",63,61,94,WSW,3,10,,FEW009 FEW012,,29.81,29.95,,,,,,,
"Jul 31, 4:45 am",63,61,94,SW,3,10,,FEW009 FEW012,,29.81,29.95,,,,,,,
"Jul 31, 4:40 am",63,61,94,WSW,3,10,,FEW009 FEW012,,29.81,29.95,,,,,,,
"Jul 31, 4:36 am",63,60,90,WSW,3,10,,FEW009 FEW012,,29.81,29.95,,,,,,,
"Jul 31, 4:35 am",63,61,94,WSW,3,10,,FEW012,,29.81,29.95,,,,,,,
"Jul 31, 4:30 am",63,61,94,N,0,10,,FEW012,,29.81,29.95,,,,,,,
"Jul 31, 4:25 am",63,61,94,SW,3,10,,FEW012,,29.81,29.95,,,,,,,
"Jul 31, 4:20 am",63,61,94,WSW,3,10,,FEW012,,29.81,29.95,,,,,,,
"Jul 31, 4:15 am",63,59,88,WSW,3,10,,FEW012,,29.81,29.95,,,,,,,
"Jul 31, 4:10 am",63,61,94,N,0,10,,FEW012,,29.81,29.95,,,,,,,
"Jul 31, 4:05 am",64,61,88,W,3,10,,FEW012,,29.81,29.95,,,,,,,
"Jul 31, 4:00 am",63,61,94,WNW,3,10,,FEW012,,29.81,29.95,,,,,,,
"Jul 31, 3:55 am",63,61,94,NW,3,10,,CLR,,29.81,29.95,,,,,,,
"Jul 31, 3:53 am",63,60,90,N,0,10,,FEW012,1014,29.81,29.95,,,,,,,
"Jul 31, 3:50 am",63,61,94,NW,3,10,,FEW012,,29.81,29.95,,,,,,,
"Jul 31, 3:45 am",64,61,88,N,0,10,,FEW012,,29.82,29.96,,,,,,,
"Jul 31, 3:40 am",64,61,88,N,0,10,,FEW012,,29.82,29.96,,,,,,,
"Jul 31, 3:35 am",64,61,88,N,0,10,,FEW012,,29.82,29.96,,,,,,,
"Jul 31, 3:30 am",64,61,88,N,0,10,,FEW012,,29.82,29.96,,,,,,,
"Jul 31, 3:25 am",63,59,88,W,5,10,,FEW012,,29.82,29.96,,,,,,,
"Jul 31, 3:20 am",63,61,94,N,0,10,,FEW012,,29.82,29.96,,,,,,,
"Jul 31, 3:15 am",63,61,94,N,0,10,,FEW014,,29.82,29.96,,,,,,,
"Jul 31, 3:10 am",64,61,88,N,0,10,,FEW014,,29.82,29.96,,,,,,,
"Jul 31, 3:05 am",63,61,94,N,0,10,,FEW014,,29.82,29.96,,,,,,,
"Jul 31, 3:00 am",63,61,94,N,0,10,,FEW014,,29.82,29.96,,,,,,,
"Jul 31, 2:55 am",63,61,94,W,3,10,,FEW014,,29.82,29.96,,,,,,,
"Jul 31, 2:53 am",64,60,87,N,0,10,,FEW014,1014.2,29.82,29.96,,,,,,,
"Jul 31, 2:50 am",64,61,88,WSW,3,10,,FEW014,,29.82,29.96,,,,,,,
"Jul 31, 2:45 am",63,61,94,W,3,10,,FEW014,,29.82,29.96,,,,,,,
"Jul 31, 2:40 am",64,61,88,N,0,10,,FEW014,,29.82,29.96,,,,,,,
"Jul 31, 2:35 am",63,61,94,N,0,10,,FEW014,,29.82,29.96,,,,,,,
"Jul 31, 2:30 am",63,61,94,WSW,3,10,,FEW014,,29.82,29.96,,,,,,,
"Jul 31, 2:25 am",63,61,94,W,3,10,,FEW014,,29.82,29.96,,,,,,,
"Jul 31, 2:20 am",63,61,94,W,3,10,,FEW014,,29.82,29.96,,,,,,,
"Jul 31, 2:15 am",63,61,94,W,5,10,,CLR,,29.82,29.96,,,,,,,
"Jul 31, 2:10 am",63,61,94,WSW,5,10,,CLR,,29.82,29.96,,,,,,,
"Jul 31, 2:05 am",64,61,88,WSW,3,10,,CLR,,29.82,29.96,,,,,,,
"Jul 31, 2:00 am",64,61,88,WSW,3,10,,CLR,,29.82,29.96,,,,,,,
"Jul 31, 1:55 am",63,61,94,WSW,5,10,,CLR,,29.82,29.96,,,,,,,
"Jul 31, 1:53 am",64,60,87,WSW,5,10,,FEW014,1014.3,29.82,29.96,,,,,,,
"Jul 31, 1:50 am",64,61,88,WSW,3,10,,FEW014,,29.83,29.97,,,,,,,
"Jul 31, 1:45 am",64,61,88,SW,3,10,,FEW014,,29.82,29.96,,,,,,,
"Jul 31, 1:40 am",64,61,88,WSW,3,10,,FEW014,,29.82,29.96,,,,,,,
"Jul 31, 1:35 am",64,61,88,WSW,5,10,,FEW014,,29.83,29.97,,,,,,,
"Jul 31, 1:30 am",64,61,88,WSW,6,10,,FEW014,,29.83,29.97,,,,,,,
"Jul 31, 1:25 am",64,61,88,WSW,6,10,,FEW014,,29.83,29.97,,,,,,,
"Jul 31, 1:20 am",64,59,83,W,5,10,,CLR,,29.82,29.96,,,,,,,
"Jul 31, 1:15 am",64,59,83,WSW,5,10,,CLR,,29.83,29.97,,,,,,,
"Jul 31, 1:10 am",64,61,88,SSW,3,10,,CLR,,29.83,29.97,,,,,,,
"Jul 31, 1:05 am",64,61,88,S,3,10,,CLR,,29.83,29.97,,,,,,,
"Jul 31, 1:00 am",64,61,88,S,5,10,,CLR,,29.83,29.97,,,,,,,
"Jul 31, 12:55 am",64,61,88,S,5,10,,CLR,,29.83,29.97,,,,,,,
"Jul 31, 12:53 am",64,60,87,S,6,10,,FEW014,1014.6,29.83,29.97,,,,,,74,63
"Jul 31, 12:50 am",64,61,88,S,5,10,,FEW014,,29.83,29.97,,,,,,,
"Jul 31, 12:45 am",64,61,88,SW,5,10,,FEW014,,29.83,29.97,,,,,,,
"Jul 31, 12:40 am",64,61,88,SSW,5,10,,FEW014,,29.83,29.97,,,,,,,
"Jul 31, 12:35 am",64,61,88,S,5,10,,FEW014,,29.83,29.97,,,,,,,
"Jul 31, 12:30 am",64,61,88,SW,5,10,,FEW014,,29.83,29.97,,,,,,,
"Jul 31, 12:25 am",64,61,88,WSW,5,10,,FEW014,,29.83,29.97,,,,,,,
"Jul 31, 12:20 am",64,59,83,SSW,3,10,,FEW014,,29.83,29.97,,,,,,,
"Jul 31, 12:15 am",64,59,83,SSW,5,10,,FEW014,,29.83,29.97,,,,,,,
"Jul 31, 12:10 am",64,59,83,SSW,6,10,,FEW014,,29.82,29.96,,,,,,,
"Jul 31, 12:05 am",64,61,88,SW,5,10,,FEW014,,29.83,29.97,,,,,,,
"Jul 31, 12:00 am",64,61,88,SSW,6,10,,FEW014,,29.83,29.97,,,,,,,
"Jul 30, 11:55 pm",64,61,88,SSW,6,10,,CLR,,29.82,29.96,,,,,,,
"Jul 30, 11:53 pm",65,60,84,SSW,6,10,,FEW014,1014.3,29.82,29.96,,,,,,,
"Jul 30, 11:50 pm",64,61,88,SSW,6,10,,FEW014,,29.82,29.96,,,,,,,
"Jul 30, 11:45 pm",64,61,88,SSW,7,10,,FEW014,,29.82,29.96,,,,,,,
"Jul 30, 11:40 pm",64,61,88,SSW,7,10,,FEW014,,29.82,29.96,,,,,,,
"Jul 30, 11:35 pm",64,61,88,SSW,7,10,,FEW014,,29.82,29.96,,,,,,,
"Jul 30, 11:30 pm",66,61,83,SSW,8,10,,FEW014,,29.82,29.96,,,,,,,
"Jul 30, 11:25 pm",66,61,83,SSW,7,10,,FEW014,,29.82,29.96,,,,,,,
"Jul 30, 11:20 pm",66,61,83,SW,6,10,,CLR,,29.82,29.96,,,,,,,
"Jul 30, 11:15 pm",66,61,83,SW,7,10,,CLR,,29.82,29.96,,,,,,,
"Jul 30, 11:10 pm",66,61,83,SW,7,10,,CLR,,29.82,29.96,,,,,,,
"Jul 30, 11:05 pm",64,61,88,WSW,6,10,,CLR,,29.82,29.96,,,,,,,
"Jul 30, 11:00 pm",64,59,83,W,5,10,,CLR,,29.82,29.96,,,,,,,
"Jul 30, 10:55 pm",64,59,83,WSW,5,10,,CLR,,29.81,29.95,,,,,,,
"Jul 30, 10:53 pm",65,59,81,SW,7,10,,FEW014,1014,29.81,29.95,,,,72,65,,
"Jul 30, 10:50 pm",64,59,83,SW,7,10,,CLR,,29.81,29.95,,,,,,,
"Jul 30, 10:45 pm",64,57,77,WSW,8,10,,CLR,,29.81,29.95,,,,,,,
"Jul 30, 10:40 pm",64,57,77,W,8,10,,CLR,,29.81,29.95,,,,,,,
"Jul 30, 10:35 pm",64,57,77,W,8,10,,CLR,,29.81,29.95,,,,,,,
"Jul 30, 10:30 pm",64,57,77,WSW,7,10,,CLR,,29.82,29.96,,,,,,,
"Jul 30, 10:25 pm",64,57,77,WSW,7,10,,CLR,,29.82,29.96,,,,,,,
"Jul 30, 10:20 pm",64,57,77,WSW,9,10,,CLR,,29.82,29.96,,,,,,,
"Jul 30, 10:15 pm",66,57,73,SW,8,10,,CLR,,29.82,29.96,,,,,,,
"Jul 30, 10:10 pm",66,57,73,SSW,7,10,,CLR,,29.82,29.96,,,,,,,
"Jul 30, 10:05 pm",66,59,78,SW,7,10,,CLR,,29.82,29.96,,,,,,,
"Jul 30, 10:00 pm",66,59,78,SW,6,10,,CLR,,29.82,29.96,,,,,,,
"Jul 30, 9:55 pm",66,57,73,SW,7,10,,CLR,,29.82,29.96,,,,,,,
"Jul 30, 9:53 pm",66,58,75,WSW,6,10,,CLR,1014.2,29.82,29.96,,,,,,,
"Jul 30, 9:50 pm",66,57,73,SW,6,10,,CLR,,29.81,29.95,,,,,,,
"Jul 30, 9:45 pm",66,57,73,SW,6,10,,CLR,,29.81,29.95,,,,,,,
"Jul 30, 9:40 pm",66,59,78,SW,5,10,,CLR,,29.81,29.95,,,,,,,
"Jul 30, 9:35 pm",66,59,78,SW,5,10,,CLR,,29.81,29.95,,,,,,,
"Jul 30, 9:30 pm",66,59,78,SW,5,10,,CLR,,29.81,29.95,,,,,,,
"Jul 30, 9:25 pm",66,61,83,SW,5,10,,CLR,,29.81,29.95,,,,,,,
"Jul 30, 9:20 pm",66,61,83,SW,5,10,,CLR,,29.81,29.95,,,,,,,
"Jul 30, 9:15 pm",66,61,83,SSW,5,10,,CLR,,29.8,29.94,,,,,,,
"Jul 30, 9:10 pm",66,61,83,N,0,10,,CLR,,29.8,29.94,,,,,,,
"Jul 30, 9:05 pm",66,59,78,SW,7,10,,CLR,,29.8,29.94,,,,,,,
"Jul 30, 9:00 pm",66,61,83,SW,8,10,,CLR,,29.8,29.94,,,,,,,
"Jul 30, 8:55 pm",66,61,83,WSW,8,10,,CLR,,29.8,29.94,,,,,,,
"Jul 30, 8:53 pm",66,60,81,WSW,6,10,,CLR,1013.7,29.8,29.94,,,,,,,
"Jul 30, 8:50 pm",66,61,83,WSW,7,10,,CLR,,29.8,29.94,,,,,,,
"Jul 30, 8:45 pm",66,59,78,WSW,7,10,,CLR,,29.8,29.94,,,,,,,
"Jul 30, 8:40 pm",66,59,78,WSW,7,10,,CLR,,29.8,29.94,,,,,,,
"Jul 30, 8:35 pm",66,59,78,WSW,7,10,,CLR,,29.8,29.94,,,,,,,
"Jul 30, 8:30 pm",66,59,78,WSW,9,10,,CLR,,29.8,29.94,,,,,,,
"Jul 30, 8:25 pm",66,61,83,WSW,9,10,,CLR,,29.8,29.94,,,,,,,
"Jul 30, 8:20 pm",66,61,83,W,8,10,,CLR,,29.8,29.94,,,,,,,
"Jul 30, 8:15 pm",66,61,83,W,7,10,,CLR,,29.8,29.94,,,,,,,
"Jul 30, 8:10 pm",66,61,83,W,8,10,,CLR,,29.8,29.94,,,,,,,
"Jul 30, 8:05 pm",66,61,83,WSW,8,10,,CLR,,29.8,29.94,,,,,,,
"Jul 30, 8:00 pm",66,61,83,W,8,10,,CLR,,29.8,29.94,,,,,,,
"Jul 30, 7:55 pm",66,61,83,W,9,10,,CLR,,29.8,29.94,,,,,,,
"Jul 30, 7:53 pm",67,61,81,W,9,10,,FEW012,1013.8,29.81,29.95,,,,,,,
"Jul 30, 7:50 pm",66,63,88,WSW,9,10,,FEW012,,29.81,29.95,,,,,,,
"Jul 30, 7:45 pm",66,61,83,WSW,8,10,,CLR,,29.81,29.95,,,,,,,
"Jul 30, 7:40 pm",66,63,88,WSW,10,10,,CLR,,29.81,29.95,,,,,,,
"Jul 30, 7:35 pm",66,61,83,WSW,10,10,,CLR,,29.81,29.95,,,,,,,
"Jul 30, 7:30 pm",68,61,78,WSW,12,10,,CLR,,29.81,29.95,,,,,,,
"Jul 30, 7:25 pm",68,61,78,W,10,10,,CLR,,29.81,29.95,,,,,,,
"Jul 30, 7:20 pm",68,61,78,WSW,13,10,,CLR,,29.8,29.94,,,,,,,
"Jul 30, 7:15 pm",68,61,78,WSW,13,10,,CLR,,29.81,29.95,,,,,,,
"Jul 30, 7:10 pm",68,61,78,W,12,10,,CLR,,29.81,29.95,,,,,,,
"Jul 30, 7:05 pm",68,61,78,W,13,10,,CLR,,29.81,29.95,,,,,,,
"Jul 30, 7:00 pm",68,61,78,W,14,10,,CLR,,29.81,29.95,,,,,,,
"Jul 30, 6:55 pm",70,61,73,W,14,10,,CLR,,29.81,29.95,,,,,,,
"Jul 30, 6:53 pm",69,61,75,W,14,10,,CLR,1013.9,29.81,29.95,,,,,,,
"Jul 30, 6:50 pm",70,61,73,W,14,10,,CLR,,29.81,29.95,,,,,,,
"Jul 30, 6:45 pm",68,61,78,W,14,10,,CLR,,29.81,29.95,,,,,,,
"Jul 30, 6:40 pm",70,61,73,WSW,16,10,,CLR,,29.8,29.94,,,,,,,
"Jul 30, 6:35 pm",70,63,78,WSW,15,10,,CLR,,29.8,29.94,,,,,,,
"Jul 30, 6:30 pm",70,61,73,W,17,10,,CLR,,29.8,29.94,,,,,,,
"Jul 30, 6:25 pm",70,61,73,W,16,10,,CLR,,29.81,29.95,,,,,,,
"Jul 30, 6:20 pm",70,61,73,W,16,10,,CLR,,29.8,29.94,,,,,,,
"Jul 30, 6:15 pm",70,61,73,WSW,16,10,,CLR,,29.81,29.95,,,,,,,
"Jul 30, 6:10 pm",70,61,73,W,17,10,,CLR,,29.81,29.95,,,,,,,
"Jul 30, 6:05 pm",70,61,73,WSW,16,10,,CLR,,29.81,29.95,,,,,,,
"Jul 30, 6:00 pm",70,59,69,WSW,16,10,,CLR,,29.8,29.94,,,,,,,
"Jul 30, 5:55 pm",70,59,69,WSW,16,10,,CLR,,29.8,29.94,,,,,,,
"Jul 30, 5:53 pm",70,59,68,WSW,15,10,,CLR,1013.8,29.8,29.94,,,,,,,
"Jul 30, 5:50 pm",70,59,69,SW,15,10,,CLR,,29.8,29.94,,,,,,,
"Jul 30, 5:45 pm",70,59,69,WSW,16,10,,CLR,,29.8,29.94,,,,,,,
"Jul 30, 5:40 pm",70,59,69,WSW,15,10,,CLR,,29.81,29.95,,,,,,,
"Jul 30, 5:35 pm",72,59,65,WSW,15,10,,CLR,,29.8,29.94,,,,,,,
"Jul 30, 5:30 pm",72,59,65,WSW,16,10,,CLR,,29.8,29.94,,,,,,,
"Jul 30, 5:25 pm",72,59,65,WSW,14,10,,CLR,,29.8,29.94,,,,,,,
"Jul 30, 5:20 pm",72,59,65,W,14,10,,CLR,,29.8,29.94,,,,,,,
"Jul 30, 5:15 pm",72,59,65,WSW,15,10,,CLR,,29.8,29.94,,,,,,,
"Jul 30, 5:10 pm",72,59,65,WSW,15,10,,CLR,,29.8,29.94,,,,,,,
"Jul 30, 5:05 pm",72,59,65,WSW,15,10,,CLR,,29.8,29.94,,,,,,,
"Jul 30, 5:00 pm",72,61,69,WSW,14,10,,CLR,,29.8,29.94,,,,,,,
"Jul 30, 4:55 pm",72,61,69,WSW,14,10,,CLR,,29.8,29.94,,,,,,,
"Jul 30, 4:53 pm",71,60,68,WSW,13,10,,FEW011,1013.8,29.8,29.94,,,,74,71,,
"Jul 30, 4:50 pm",72,61,69,WSW,14,10,,CLR,,29.8,29.94,,,,,,,
"Jul 30, 4:45 pm",72,61,69,WSW,14,10,,CLR,,29.8,29.94,,,,,,,
"Jul 30, 4:40 pm",72,61,69,WSW,16,10,,CLR,,29.8,29.94,,,,,,,
"Jul 30, 4:35 pm",72,61,69,W,15,10,,CLR,,29.8,29.94,,,,,,,
"Jul 30, 4:30 pm",72,61,69,W,15,10,,CLR,,29.81,29.95,,,,,,,
"Jul 30, 4:25 pm",72,61,69,W,15,10,,CLR,,29.81,29.95,,,,,,,
"Jul 30, 4:20 pm",73,61,65,W,15,10,,CLR,,29.81,29.95,,,,,,,
"Jul 30, 4:15 pm",72,61,69,W,15,10,,CLR,,29.81,29.95,,,,,,,
"Jul 30, 4:10 pm",72,61,69,W,15,10,,CLR,,29.81,29.95,,,,,,,
"Jul 30, 4:05 pm",72,61,69,WSW,14,10,,CLR,,29.81,29.95,,,,,,,
"Jul 30, 4:00 pm",72,61,69,WSW,14,10,,CLR,,29.81,29.95,,,,,,,
"Jul 30, 3:55 pm",72,61,69,W,12,10,,CLR,,29.81,29.95,,,,,,,
"Jul 30, 3:53 pm",72,61,68,WSW,12,10,,CLR,1014.2,29.81,29.95,,,,,,,
"Jul 30, 3:50 pm",72,61,69,WSW,13G20,10,,CLR,,29.82,29.96,,,,,,,
"Jul 30, 3:45 pm",72,61,69,W,14,10,,CLR,,29.82,29.96,,,,,,,
"Jul 30, 3:40 pm",73,61,65,WSW,14,10,,CLR,,29.82,29.96,,,,,,,
"Jul 30, 3:35 pm",73,61,65,WSW,14,10,,CLR,,29.82,29.96,,,,,,,
"Jul 30, 3:30 pm",73,61,65,W,14,10,,CLR,,29.82,29.96,,,,,,,
"Jul 30, 3:25 pm",73,63,69,W,14,10,,CLR,,29.82,29.96,,,,,,,
"Jul 30, 3:20 pm",72,61,69,W,14,10,,CLR,,29.83,29.97,,,,,,,
"Jul 30, 3:15 pm",73,63,69,W,15,10,,CLR,,29.83,29.97,,,,,,,
"Jul 30, 3:10 pm",72,61,69,W,14,10,,CLR,,29.83,29.97,,,,,,,
"Jul 30, 3:05 pm",73,63,69,W,15,10,,CLR,,29.83,29.97,,,,,,,
"Jul 30, 3:00 pm",73,63,69,W,15,10,,CLR,,29.83,29.97,,,,,,,
"Jul 30, 2:55 pm",73,63,69,W,15,10,,CLR,,29.83,29.97,,,,,,,
"Jul 30, 2:53 pm",73,62,69,W,14,10,,FEW011,1014.8,29.83,29.97,,,,,,,
"Jul 30, 2:50 pm",73,63,69,W,13,10,,FEW011,,29.84,29.98,,,,,,,
"Jul 30, 2:45 pm",73,63,69,W,14,10,,CLR,,29.84,29.98,,,,,,,
"Jul 30, 2:40 pm",73,61,65,W,14,10,,CLR,,29.84,29.98,,,,,,,
"Jul 30, 2:35 pm",73,61,65,W,14,10,,CLR,,29.84,29.98,,,,,,,
"Jul 30, 2:30 pm",73,61,65,W,14G21,10,,CLR,,29.84,29.98,,,,,,,
"Jul 30, 2:25 pm",73,61,65,W,13,10,,CLR,,29.85,29.99,,,,,,,
"Jul 30, 2:20 pm",73,61,65,WSW,13,10,,CLR,,29.85,29.99,,,,,,,
"Jul 30, 2:15 pm",73,61,65,W,15,10,,CLR,,29.85,29.99,,,,,,,
"Jul 30, 2:10 pm",73,61,65,W,14,10,,CLR,,29.85,29.99,,,,,,,
"Jul 30, 2:05 pm",73,61,65,WSW,13,10,,CLR,,29.85,29.99,,,,,,,
"Jul 30, 2:00 pm",73,61,65,W,14,10,,CLR,,29.85,29.99,,,,,,,
"Jul 30, 1:55 pm",73,61,65,W,13,10,,CLR,,29.85,29.99,,,,,,,
"Jul 30, 1:53 pm",74,61,64,WSW,14,10,,FEW011,1015.5,29.85,29.99,,,,,,,
"Jul 30, 1:50 pm",73,61,65,W,14,10,,FEW011,,29.85,29.99,,,,,,,
"Jul 30, 1:45 pm",73,61,65,W,13,10,,FEW011,,29.85,29.99,,,,,,,
"Jul 30, 1:40 pm",73,61,65,W,13,10,,CLR,,29.85,29.99,,,,,,,
"Jul 30, 1:35 pm",73,61,65,WSW,12,10,,CLR,,29.85,29.99,,,,,,,
"Jul 30, 1:30 pm",72,61,69,WSW,12G17,10,,CLR,,29.86,30,,,,,,,
"Jul 30, 1:25 pm",72,61,69,W,12,10,,CLR,,29.86,30,,,,,,,
"Jul 30, 1:20 pm",72,61,69,WSW,13,10,,CLR,,29.86,30,,,,,,,
"Jul 30, 1:15 pm",73,61,65,W,12,10,,CLR,,29.86,30,,,,,,,
"Jul 30, 1:10 pm",72,61,69,WSW,10,10,,CLR,,29.86,30,,,,,,,
"Jul 30, 1:05 pm",73,61,65,WSW,12,10,,CLR,,29.86,30,,,,,,,
"Jul 30, 1:00 pm",72,61,69,WSW,12,10,,CLR,,29.86,30,,,,,,,
"Jul 30, 12:55 pm",73,61,65,WSW,10,10,,CLR,,29.86,30,,,,,,,
"Jul 30, 12:53 pm",73,61,66,WSW,13,10,,FEW009,1015.9,29.87,30.01,,,,,,,
"Jul 30, 12:50 pm",73,61,65,WSW,12,10,,CLR,,29.87,30.01,,,,,,,
"Jul 30, 12:45 pm",72,61,69,WSW,12,10,,CLR,,29.87,30.01,,,,,,,
"Jul 30, 12:40 pm",72,61,69,WSW,10,9,,CLR,,29.87,30.01,,,,,,,
"Jul 30, 12:35 pm",72,61,69,W,12,9,,CLR,,29.87,30.01,,,,,,,
"Jul 30, 12:30 pm",72,61,69,W,10,10,,CLR,,29.87,30.01,,,,,,,
"Jul 30, 12:25 pm",73,61,65,W,12,10,,CLR,,29.87,30.01,,,,,,,
"Jul 30, 12:20 pm",73,61,65,WSW,10,10,,CLR,,29.87,30.01,,,,,,,
"Jul 30, 12:15 pm",72,61,69,W,12,10,,CLR,,29.87,30.01,,,,,,,
"Jul 30, 12:10 pm",72,61,69,W,12,10,,CLR,,29.88,30.02,,,,,,,
"Jul 30, 12:05 pm",73,61,65,W,12,10,,CLR,,29.88,30.02,,,,,,,
"Jul 30, 12:00 pm",73,61,65,W,10,10,,CLR,,29.88,30.02,,,,,,,
"Jul 30, 11:55 am",72,61,69,W,13,10,,CLR,,29.88,30.02,,,,,,,
"Jul 30, 11:53 am",72,61,68,W,13,9,,FEW009,1016.4,29.88,30.02,,,,,,,
"Jul 30, 11:50 am",72,61,69,W,14,9,,FEW009,,29.88,30.02,,,,,,,
"Jul 30, 11:45 am",73,61,65,W,12,10,,CLR,,29.88,30.02,,,,,,,
"Jul 30, 11:40 am",72,61,69,WSW,12,10,,CLR,,29.88,30.02,,,,,,,
"Jul 30, 11:35 am",72,61,69,W,10,10,,CLR,,29.88,30.02,,,,,,,
"Jul 30, 11:30 am",72,61,69,W,10,9,,CLR,,29.88,30.02,,,,,,,
"Jul 30, 11:25 am",72,61,69,WSW,8,9,,CLR,,29.88,30.02,,,,,,,
"Jul 30, 11:20 am",73,61,65,WSW,9,9,,CLR,,29.88,30.02,,,,,,,
"Jul 30, 11:15 am",73,61,65,WSW,9,8,,CLR,,29.89,30.03,,,,,,,
"Jul 30, 11:10 am",73,61,65,WSW,8,8,,CLR,,29.89,30.03,,,,,,,
"Jul 30, 11:05 am",73,61,65,SW,8,9,,CLR,,29.89,30.03,,,,,,,
"Jul 30, 11:00 am",73,61,65,WSW,8,9,,CLR,,29.89,30.03,,,,,,,
"Jul 30, 10:55 am",72,61,69,WSW,8,9,,CLR,,29.89,30.03,,,,,,,
"Jul 30, 10:53 am",72,61,68,W,12,8,,FEW009 FEW018,1016.8,29.89,30.03,,,,73,63,,
"Jul 30, 10:50 am",73,61,65,WSW,10,8,,FEW009 FEW018,,29.89,30.03,,,,,,,
"Jul 30, 10:45 am",73,61,65,WSW,9,9,,CLR,,29.89,30.03,,,,,,,
"Jul 30, 10:40 am",73,61,65,WSW,8,9,,CLR,,29.89,30.03,,,,,,,
"Jul 30, 10:35 am",73,61,65,W,9,9,,CLR,,29.89,30.03,,,,,,,
"Jul 30, 10:30 am",72,61,69,N,0,9,,CLR,,29.89,30.03,,,,,,,
"Jul 30, 10:25 am",72,61,69,SSE,5,9,,CLR,,29.89,30.03,,,,,,,
"Jul 30, 10:20 am",73,61,65,S,3,8,,CLR,,29.89,30.03,,,,,,,
"Jul 30, 10:15 am",72,61,69,SSE,3,8,,CLR,,29.89,30.03,,,,,,,
"Jul 30, 10:10 am",72,61,69,S,3,9,,CLR,,29.89,30.03,,,,,,,
"Jul 30, 10:05 am",72,61,69,SSE,6,9,,CLR,,29.89,30.03,,,,,,,
"Jul 30, 10:00 am",72,61,69,N,0,10,,CLR,,29.89,30.03,,,,,,,
"Jul 30, 9:55 am",70,61,73,,,10,,CLR,,29.89,30.03,,,,,,,
"Jul 30, 9:53 am",70,61,73,N,0,8,,FEW009 FEW016,1016.8,29.89,30.03,,,,,,,
"Jul 30, 9:50 am",72,61,69,S,5,8,,FEW009 FEW016,,29.89,30.03,,,,,,,
"Jul 30, 9:45 am",70,61,73,S,5,10,,FEW016,,29.89,30.03,,,,,,,
"Jul 30, 9:40 am",70,61,73,S,6,10,,CLR,,29.89,30.03,,,,,,,
"Jul 30, 9:35 am",70,61,73,S,7,9,,CLR,,29.89,30.03,,,,,,,
"Jul 30, 9:30 am",70,61,73,S,6,9,,FEW015,,29.89,30.03,,,,,,,
"Jul 30, 9:25 am",70,61,73,SSE,7,9,,FEW015,,29.89,30.03,,,,,,,
"Jul 30, 9:20 am",70,61,73,SE,7,9,,SCT015,,29.89,30.03,,,,,,,
"Jul 30, 9:15 am",70,61,73,SSE,5,8,,FEW015,,29.89,30.03,,,,,,,
"Jul 30, 9:10 am",68,61,78,N,0,8,,SCT015,,29.89,30.03,,,,,,,
"Jul 30, 9:05 am",70,61,73,E,5,8,,SCT015,,29.89,30.03,,,,,,,
"Jul 30, 9:00 am",70,61,73,SE,5,9,,SCT015,,29.89,30.03,,,,,,,
"Jul 30, 8:55 am",70,61,73,SSE,7,9,,SCT014,,29.89,30.03,,,,,,,
"Jul 30, 8:53 am",69,60,73,,5,7,,FEW009 SCT014,1016.7,29.89,30.03,,,,,,,
"Jul 30, 8:50 am",70,61,73,ESE,6,9,Haze,FEW014,,29.89,30.03,,,,,,,
"Jul 30, 8:45 am",68,61,78,SSE,6,9,Haze,SCT014,,29.89,30.03,,,,,,,
"Jul 30, 8:40 am",68,61,78,SE,5,9,Haze,SCT014,,29.89,30.03,,,,,,,
"Jul 30, 8:35 am",68,61,78,E,6,9,Haze,FEW013,,29.89,30.03,,,,,,,
"Jul 30, 8:30 am",68,61,78,SE,7,9,Haze,FEW013,,29.89,30.03,,,,,,,
"Jul 30, 8:25 am",68,61,78,ESE,6,9,Haze,FEW013,,29.89,30.03,,,,,,,
"Jul 30, 8:20 am",66,61,83,ESE,5,9,Haze,FEW013,,29.89,30.03,,,,,,,
"Jul 30, 8:15 am",66,61,83,E,3,10,Haze,CLR,,29.89,30.03,,,,,,,
"Jul 30, 8:10 am",66,61,83,E,3,10,Haze,CLR,,29.89,30.03,,,,,,,
"Jul 30, 8:05 am",66,61,83,E,5,9,Haze,CLR,,29.89,30.03,,,,,,,
"Jul 30, 8:00 am",66,61,83,E,3,9,Haze,CLR,,29.89,30.03,,,,,,,
"Jul 30, 7:55 am",66,61,83,E,5,9,Haze,CLR,,29.88,30.02,,,,,,,
"Jul 30, 7:53 am",66,61,84,ENE,5,6,Haze,FEW009 SCT017,1016.5,29.88,30.02,,,,,,,
"Jul 30, 7:50 am",66,61,83,E,7,6,Haze,FEW009 SCT017,,29.88,30.02,,,,,,,
"Jul 30, 7:45 am",66,61,83,ESE,7,9,Haze,CLR,,29.88,30.02,,,,,,,
"Jul 30, 7:40 am",66,61,83,E,7,9,Haze,CLR,,29.88,30.02,,,,,,,
"Jul 30, 7:35 am",66,61,83,E,7,9,Haze,CLR,,29.88,30.02,,,,,,,
"Jul 30, 7:30 am",66,61,83,E,6,9,Haze,CLR,,29.88,30.02,,,,,,,
"Jul 30, 7:25 am",64,61,88,E,3,9,Haze,CLR,,29.88,30.02,,,,,,,
"Jul 30, 7:20 am",64,61,88,E,3,9,Haze,CLR,,29.88,30.02,,,,,,,
"Jul 30, 7:15 am",64,61,88,ESE,3,9,Haze,CLR,,29.88,30.02,,,,,,,
"Jul 30, 7:10 am",64,61,88,E,5,9,Haze,CLR,,29.88,30.02,,,,,,,
"Jul 30, 7:05 am",64,61,88,E,5,10,Haze,CLR,,29.88,30.02,,,,,,,
"Jul 30, 7:00 am",64,61,88,E,6,10,Haze,CLR,,29.87,30.01,,,,,,,
"Jul 30, 6:55 am",64,61,88,E,5,9,Haze,CLR,,29.87,30.01,,,,,,,
"Jul 30, 6:53 am",65,60,84,NE,5,6,Haze,FEW008 FEW016,1016.1,29.87,30.01,,,,,,,
"Jul 30, 6:50 am",64,61,88,NE,5G20,6,Haze,FEW008 FEW016,,29.87,30.01,,,,,,,
"Jul 30, 6:45 am",64,61,88,NE,5G20,8,,CLR,,29.87,30.01,,,,,,,
"Jul 30, 6:40 am",64,61,88,NE,5G20,8,,CLR,,29.87,30.01,,,,,,,
"Jul 30, 6:35 am",64,61,88,,,9,,CLR,,29.87,30.01,,,,,,,
"Jul 30, 6:30 am",64,61,88,N,3,9,,CLR,,29.87,30.01,,,,,,,
"Jul 30, 6:25 am",64,61,88,N,0,9,,CLR,,29.87,30.01,,,,,,,
"Jul 30, 6:20 am",64,61,88,N,0,8,,CLR,,29.87,30.01,,,,,,,
"Jul 30, 6:15 am",63,61,94,N,0,8,,CLR,,29.87,30.01,,,,,,,
"Jul 30, 6:10 am",64,61,88,N,0,8,,CLR,,29.87,30.01,,,,,,,
"Jul 30, 6:05 am",64,61,88,N,0,8,,CLR,,29.87,30.01,,,,,,,
"Jul 30, 6:00 am",64,61,88,N,0,8,,CLR,,29.87,30.01,,,,,,,
"Jul 30, 5:55 am",64,61,88,N,0,9,,CLR,,29.87,30.01,,,,,,,
"Jul 30, 5:53 am",64,60,87,,3,7,,FEW008 FEW015,1015.8,29.86,30,,,,,,,
"Jul 30, 5:50 am",64,61,88,N,0,9,,FEW008,,29.86,30,,,,,,,
"Jul 30, 5:45 am",64,61,88,N,0,9,,FEW008,,29.86,30,,,,,,,
"Jul 30, 5:40 am",64,61,88,N,3,9,,FEW008,,29.86,30,,,,,,,
"Jul 30, 5:35 am",64,61,88,NNE,3,9,,FEW008,,29.86,30,,,,,,,
"Jul 30, 5:30 am",63,61,94,N,0,10,,FEW008,,29.86,30,,,,,,,
"Jul 30, 5:25 am",63,61,94,N,0,10,,FEW008,,29.86,30,,,,,,,
"Jul 30, 5:20 am",63,61,94,N,0,10,,FEW008,,29.86,30,,,,,,,
"Jul 30, 5:15 am",64,61,88,N,0,10,,CLR,,29.86,30,,,,,,,
"Jul 30, 5:10 am",63,61,94,NNE,3,10,,CLR,,29.86,30,,,,,,,
"Jul 30, 5:05 am",64,61,88,N,0,10,,CLR,,29.86,30,,,,,,,
"Jul 30, 5:00 am",64,61,88,N,0,10,,CLR,,29.85,29.99,,,,,,,
"Jul 30, 4:55 am",64,61,88,N,0,10,,CLR,,29.85,29.99,,,,,,,
"Jul 30, 4:53 am",64,60,87,N,0,10,,FEW008,1015.5,29.85,29.99,,,,65,63,,
"Jul 30, 4:50 am",63,61,94,N,0,10,,FEW008,,29.85,29.99,,,,,,,
"Jul 30, 4:45 am",63,61,94,N,0,10,,FEW008,,29.85,29.99,,,,,,,
"Jul 30, 4:40 am",64,61,88,N,0,10,,SCT008,,29.85,29.99,,,,,,,
"Jul 30, 4:35 am",63,61,94,N,0,10,,SCT008,,29.85,29.99,,,,,,,
"Jul 30, 4:30 am",63,61,94,N,0,10,,SCT008,,29.85,29.99,,,,,,,
"Jul 30, 4:25 am",64,61,88,ENE,3,10,,SCT008,,29.85,29.99,,,,,,,
"Jul 30, 4:20 am",64,61,88,N,0,10,,SCT008,,29.85,29.99,,,,,,,
"Jul 30, 4:15 am",63,61,94,ENE,3,10,,SCT008,,29.85,29.99,,,,,,,
"Jul 30, 4:10 am",64,61,88,N,0,10,,SCT008,,29.85,29.99,,,,,,,
"Jul 30, 4:05 am",64,61,88,N,0,10,,SCT008,,29.85,29.99,,,,,,,
"Jul 30, 4:00 am",64,61,88,N,0,10,,SCT008,,29.85,29.99,,,,,,,
"Jul 30, 3:55 am",64,61,88,N,0,10,,SCT008,,29.85,29.99,,,,,,,
"Jul 30, 3:53 am",64,61,90,N,0,10,,SCT008,1015.2,29.85,29.99,,,,,,,
"Jul 30, 3:50 am",64,61,88,N,0,10,,FEW008,,29.85,29.99,,,,,,,
"Jul 30, 3:45 am",64,61,88,NNE,3,10,,FEW008,,29.85,29.99,,,,,,,
"Jul 30, 3:40 am",64,61,88,N,3,10,,FEW008,,29.85,29.99,,,,,,,
"Jul 30, 3:35 am",64,61,88,,,10,,FEW008,,29.85,29.99,,,,,,,
"Jul 30, 3:30 am",64,61,88,NNE,3,10,,FEW008,,29.85,29.99,,,,,,,
"Jul 30, 3:25 am",64,61,88,N,0,10,,FEW008,,29.85,29.99,,,,,,,
"Jul 30, 3:20 am",64,61,88,NNE,3,10,,FEW008,,29.85,29.99,,,,,,,
"Jul 30, 3:15 am",64,61,88,N,0,10,,FEW008,,29.85,29.99,,,,,,,
"Jul 30, 3:10 am",64,61,88,N,0,10,,FEW008,,29.85,29.99,,,,,,,
"Jul 30, 3:05 am",64,61,88,N,0,10,,FEW008,,29.85,29.99,,,,,,,
"Jul 30, 3:00 am",64,61,88,N,0,10,,FEW008,,29.85,29.99,,,,,,,
"Jul 30, 2:55 am",64,61,88,N,0,10,,FEW008,,29.85,29.99,,,,,,,
"Jul 30, 2:53 am",64,60,87,N,0,10,,FEW008,1015.4,29.85,29.99,,,,,,,
"Jul 30, 2:50 am",64,61,88,N,0,10,,FEW008,,29.85,29.99,,,,,,,
"Jul 30, 2:45 am",64,61,88,N,0,10,,FEW008,,29.85,29.99,,,,,,,
"Jul 30, 2:40 am",64,61,88,N,0,10,,FEW008,,29.85,29.99,,,,,,,
"Jul 30, 2:35 am",64,61,88,NE,3,10,,FEW008,,29.85,29.99,,,,,,,
"Jul 30, 2:30 am",64,61,88,NE,3,10,,FEW008,,29.85,29.99,,,,,,,
"Jul 30, 2:25 am",64,61,88,N,0,10,,FEW008,,29.85,29.99,,,,,,,
"Jul 30, 2:20 am",64,61,88,N,0,10,,FEW008,,29.85,29.99,,,,,,,
"Jul 30, 2:15 am",64,61,88,N,0,10,,FEW008,,29.85,29.99,,,,,,,
"Jul 30, 2:10 am",64,61,88,N,0,10,,FEW008,,29.85,29.99,,,,,,,
"Jul 30, 2:05 am",64,61,88,N,3,10,,FEW008,,29.86,30,,,,,,,
"Jul 30, 2:00 am",64,61,88,N,0,10,,FEW008,,29.86,30,,,,,,,
"Jul 30, 1:55 am",64,61,88,N,0,10,,FEW008,,29.86,30,,,,,,,
"Jul 30, 1:53 am",64,60,87,N,0,10,,FEW008,1015.5,29.86,30,,,,,,,
"Jul 30, 1:50 am",64,61,88,N,0,10,,FEW008,,29.85,29.99,,,,,,,
"Jul 30, 1:45 am",64,61,88,N,0,10,,FEW008,,29.85,29.99,,,,,,,
"Jul 30, 1:40 am",64,61,88,N,0,10,,FEW008,,29.85,29.99,,,,,,,
"Jul 30, 1:35 am",64,61,88,N,0,10,,FEW008,,29.86,30,,,,,,,
"Jul 30, 1:30 am",64,61,88,N,0,10,,FEW008,,29.86,30,,,,,,,
"Jul 30, 1:25 am",64,61,88,N,0,10,,FEW008,,29.86,30,,,,,,,
"Jul 30, 1:20 am",64,61,88,N,0,10,,FEW008,,29.86,30,,,,,,,
"Jul 30, 1:15 am",64,61,88,N,0,10,,FEW008,,29.86,30,,,,,,,
"Jul 30, 1:10 am",64,61,88,N,0,10,,FEW008,,29.85,29.99,,,,,,,
"Jul 30, 1:05 am",64,61,88,SSW,3,10,,FEW008,,29.85,29.99,,,,,,,
"Jul 30, 1:00 am",64,61,88,N,0,10,,FEW008,,29.85,29.99,,,,,,,
"Jul 30, 12:55 am",64,61,88,SW,3,10,,CLR,,29.85,29.99,,,,,,,
"Jul 30, 12:53 am",65,61,87,N,0,10,,FEW008,1015.4,29.85,29.99,,,,,,74,63
"Jul 30, 12:50 am",64,61,88,N,0,10,,FEW008,,29.85,29.99,,,,,,,
"Jul 30, 12:45 am",64,61,88,N,0,10,,FEW008,,29.85,29.99,,,,,,,
"Jul 30, 12:40 am",64,61,88,SE,3,10,,FEW008,,29.86,30,,,,,,,
"Jul 30, 12:35 am",64,61,88,SE,5,10,,FEW008,,29.85,29.99,,,,,,,
"Jul 30, 12:30 am",64,61,88,SE,5,10,,FEW008,,29.85,29.99,,,,,,,
"Jul 30, 12:25 am",64,61,88,SE,6,10,,FEW008,,29.85,29.99,,,,,,,
"Jul 30, 12:20 am",64,61,88,SE,7,10,,FEW008,,29.85,29.99,,,,,,,
"Jul 30, 12:15 am",64,61,88,SE,5,10,,FEW008,,29.85,29.99,,,,,,,
"Jul 30, 12:10 am",64,61,88,SE,6,10,,FEW008,,29.85,29.99,,,,,,,
"Jul 30, 12:05 am",64,61,88,SSE,5,10,,FEW008,,29.85,29.99,,,,,,,
"Jul 30, 12:00 am",64,61,88,S,6,10,,FEW008,,29.85,29.99,,,,,,,
"Jul 29, 11:55 pm",64,61,88,SSE,3,10,,FEW008,,29.85,29.99,,,,,,,
"Jul 29, 11:53 pm",65,61,87,SSE,5,10,,FEW008,1015.4,29.85,29.99,,,,,,,
"Jul 29, 11:50 pm",64,61,88,SSE,5,10,,FEW008,,29.85,29.99,,,,,,,
"Jul 29, 11:45 pm",64,61,88,SSE,5,10,,FEW008,,29.85,29.99,,,,,,,
"Jul 29, 11:40 pm",64,61,88,SSE,5,10,,FEW008,,29.85,29.99,,,,,,,
"Jul 29, 11:35 pm",64,61,88,N,0,10,,FEW008,,29.85,29.99,,,,,,,
"Jul 29, 11:30 pm",64,61,88,N,0,10,,FEW008,,29.85,29.99,,,,,,,
"Jul 29, 11:25 pm",64,61,88,SSW,3,10,,FEW008,,29.85,29.99,,,,,,,
"Jul 29, 11:20 pm",64,61,88,SW,5,10,,FEW008,,29.85,29.99,,,,,,,
"Jul 29, 11:15 pm",64,61,88,WSW,5,10,,FEW008,,29.85,29.99,,,,,,,
"Jul 29, 11:10 pm",64,61,88,WSW,6,10,,CLR,,29.85,29.99,,,,,,,
"Jul 29, 11:05 pm",64,61,88,WSW,5,10,,CLR,,29.85,29.99,,,,,,,
"Jul 29, 11:00 pm",64,61,88,WSW,6,10,,CLR,,29.85,29.99,,,,,,,
"Jul 29, 10:55 pm",64,61,88,W,6,10,,CLR,,29.85,29.99,,,,,,,
"Jul 29, 10:53 pm",64,61,90,W,6,10,,FEW008,1015.5,29.86,30,,,,70,64,,
"Jul 29, 10:50 pm",64,61,88,WSW,7,10,,FEW008,,29.86,30,,,,,,,
"Jul 29, 10:45 pm",64,61,88,W,7,10,,CLR,,29.86,30,,,,,,,
"Jul 29, 10:40 pm",64,61,88,WSW,6,9,,CLR,,29.86,30,,,,,,,
"Jul 29, 10:35 pm",64,61,88,WSW,6,9,,CLR,,29.86,30,,,,,,,
"Jul 29, 10:30 pm",64,61,88,SSW,6,10,,CLR,,29.86,30,,,,,,,
"Jul 29, 10:25 pm",64,61,88,SW,6,10,,CLR,,29.86,30,,,,,,,
"Jul 29, 10:20 pm",64,61,88,SW,7,10,,CLR,,29.86,30,,,,,,,
"Jul 29, 10:15 pm",64,61,88,WSW,7,10,,CLR,,29.86,30,,,,,,,
"Jul 29, 10:10 pm",64,61,88,WSW,8,10,,CLR,,29.86,30,,,,,,,
"Jul 29, 10:05 pm",64,61,88,WSW,9,10,,CLR,,29.87,30.01,,,,,,,
"Jul 29, 10:00 pm",64,61,88,WSW,8,10,,CLR,,29.87,30.01,,,,,,,
"Jul 29, 9:55 pm",64,61,88,WSW,9,10,,CLR,,29.87,30.01,,,,,,,
"Jul 29, 9:53 pm",64,61,90,W,10,10,,FEW008,1015.9,29.87,30.01,,,,,,,
"Jul 29, 9:50 pm",64,61,88,WSW,10,10,,FEW008,,29.87,30.01,,,,,,,
"Jul 29, 9:45 pm",64,61,88,WSW,9,10,,CLR,,29.87,30.01,,,,,,,
"Jul 29, 9:40 pm",64,61,88,W,10,10,,CLR,,29.87,30.01,,,,,,,
"Jul 29, 9:35 pm",64,61,88,W,12,10,,CLR,,29.87,30.01,,,,,,,
"Jul 29, 9:30 pm",64,61,88,W,13,10,,CLR,,29.87,30.01,,,,,,,
"Jul 29, 9:25 pm",64,61,88,W,12,10,,CLR,,29.86,30,,,,,,,
"Jul 29, 9:20 pm",64,61,88,W,12,10,,CLR,,29.87,30.01,,,,,,,
"Jul 29, 9:15 pm",64,61,88,W,12,10,,CLR,,29.86,30,,,,,,,
"Jul 29, 9:10 pm",64,61,88,W,12,10,,CLR,,29.86,30,,,,,,,
"Jul 29, 9:05 pm",64,61,88,W,10,10,,CLR,,29.86,30,,,,,,,
"Jul 29, 9:00 pm",64,61,88,W,10,10,,CLR,,29.86,30,,,,,,,
"Jul 29, 8:55 pm",64,61,88,W,10,10,,CLR,,29.86,30,,,,,,,
"Jul 29, 8:53 pm",64,60,87,W,10,10,,FEW008,1015.7,29.86,30,,,,,,,
"Jul 29, 8:50 pm",64,61,88,W,10,10,,FEW008,,29.86,30,,,,,,,
"Jul 29, 8:45 pm",64,61,88,WSW,12,10,,CLR,,29.86,30,,,,,,,
"Jul 29, 8:40 pm",64,59,83,WSW,10,10,,CLR,,29.86,30,,,,,,,
"Jul 29, 8:35 pm",64,59,83,WSW,9,10,,CLR,,29.86,30,,,,,,,
"Jul 29, 8:30 pm",64,59,83,WSW,9,10,,CLR,,29.86,30,,,,,,,
"Jul 29, 8:25 pm",64,59,83,WSW,10,10,,CLR,,29.86,30,,,,,,,
"Jul 29, 8:20 pm",64,59,83,WSW,13,10,,CLR,,29.86,30,,,,,,,
"Jul 29, 8:15 pm",64,59,83,WSW,13,10,,CLR,,29.86,30,,,,,,,
"Jul 29, 8:10 pm",64,59,83,WSW,14,10,,CLR,,29.86,30,,,,,,,
"Jul 29, 8:05 pm",64,59,83,WSW,12,10,,CLR,,29.86,30,,,,,,,
"Jul 29, 8:00 pm",64,59,83,W,12,10,,FEW007,,29.86,30,,,,,,,
"Jul 29, 7:55 pm",64,59,83,WSW,13,10,,FEW007,,29.86,30,,,,,,,
"Jul 29, 7:53 pm",64,59,84,WSW,13,10,,FEW008,1015.8,29.86,30,,,,,,,
"Jul 29, 7:50 pm",64,59,83,W,12,10,,FEW008,,29.86,30,,,,,,,
"Jul 29, 7:45 pm",64,59,83,W,13,10,,FEW007,,29.86,30,,,,,,,
"Jul 29, 7:43 pm",64,59,84,W,13,10,,FEW007,,29.86,30,,,,,,,
"Jul 29, 7:40 pm",64,59,83,WSW,14,10,,OVC008,,29.86,30,,,,,,,
"Jul 29, 7:35 pm",64,59,83,W,12,10,,BKN008,,29.86,30,,,,,,,
"Jul 29, 7:30 pm",64,59,83,WSW,15,10,,BKN008,,29.86,30,,,,,,,
"Jul 29, 7:25 pm",64,59,83,W,14,10,,BKN008,,29.86,30,,,,,,,
"Jul 29, 7:20 pm",64,59,83,W,15,10,,BKN009,,29.86,30,,,,,,,
"Jul 29, 7:15 pm",64,61,88,W,15,10,,BKN009,,29.86,30,,,,,,,
"Jul 29, 7:10 pm",64,61,88,W,15,10,,OVC008,,29.86,30,,,,,,,
"Jul 29, 7:05 pm",64,61,88,W,15,10,,OVC008,,29.86,30,,,,,,,
"Jul 29, 7:00 pm",66,61,83,WSW,15,10,,OVC008,,29.86,30,,,,,,,
"Jul 29, 6:55 pm",66,61,83,W,16,10,,OVC008,,29.86,30,,,,,,,
"Jul 29, 6:53 pm",66,61,84,W,15,10,,OVC008,1015.8,29.86,30,,,,,,,
"Jul 29, 6:50 pm",66,61,83,WSW,14,10,,OVC008,,29.86,30,,,,,,,
"Jul 29, 6:45 pm",66,61,83,W,14,10,,BKN008,,29.86,30,,,,,,,
"Jul 29, 6:40 pm",66,61,83,WSW,14,10,,BKN008,,29.86,30,,,,,,,
"Jul 29, 6:35 pm",66,61,83,WSW,15,10,,BKN008,,29.86,30,,,,,,,
"Jul 29, 6:32 pm",66,60,81,WSW,16,10,,BKN008,,29.86,30,,,,,,,
"Jul 29, 6:30 pm",66,61,83,WSW,15,10,,SCT010,,29.86,30,,,,,,,
"Jul 29, 6:25 pm",66,61,83,WSW,15,10,,FEW010,,29.86,30,,,,,,,
"Jul 29, 6:20 pm",68,61,78,W,14,10,,FEW013,,29.86,30,,,,,,,
"Jul 29, 6:15 pm",68,61,78,W,14,10,,FEW013,,29.86,30,,,,,,,
"Jul 29, 6:10 pm",68,61,78,WSW,14,10,,FEW013,,29.86,30,,,,,,,
"Jul 29, 6:05 pm",70,61,73,WSW,13,10,,FEW013,,29.86,30,,,,,,,
"Jul 29, 6:00 pm",68,61,78,WSW,12,10,,FEW013,,29.86,30,,,,,,,
"Jul 29, 5:55 pm",70,61,73,W,14,10,,FEW013,,29.86,30,,,,,,,
"Jul 29, 5:53 pm",69,61,75,WSW,13,10,,FEW013,1015.8,29.86,30,,,,,,,
"Jul 29, 5:50 pm",70,61,73,WSW,14,10,,FEW013,,29.86,30,,,,,,,
"Jul 29, 5:45 pm",70,61,73,W,13G21,10,,FEW013,,29.86,30,,,,,,,
"Jul 29, 5:40 pm",70,61,73,WSW,13,10,,CLR,,29.86,30,,,,,,,
"Jul 29, 5:35 pm",70,61,73,W,13,10,,CLR,,29.86,30,,,,,,,
"Jul 29, 5:30 pm",70,61,73,W,14,10,,CLR,,29.86,30,,,,,,,
"Jul 29, 5:25 pm",70,61,73,WSW,13,10,,CLR,,29.87,30.01,,,,,,,
"Jul 29, 5:20 pm",70,61,73,W,14,10,,CLR,,29.86,30,,,,,,,
"Jul 29, 5:15 pm",70,61,73,W,14G21,10,,CLR,,29.87,30.01,,,,,,,
"Jul 29, 5:10 pm",70,61,73,WSW,14,10,,CLR,,29.87,30.01,,,,,,,
"Jul 29, 5:05 pm",70,61,73,WSW,12,10,,CLR,,29.87,30.01,,,,,,,
"Jul 29, 5:00 pm",70,61,73,WSW,12,10,,CLR,,29.87,30.01,,,,,,,
"Jul 29, 4:55 pm",70,61,73,W,13,10,,CLR,,29.87,30.01,,,,,,,
"Jul 29, 4:53 pm",70,60,71,W,13,10,,FEW013,1016.1,29.87,30.01,,,,74,69,,
"Jul 29, 4:50 pm",70,61,73,WSW,12,10,,FEW013,,29.87,30.01,,,,,,,
"Jul 29, 4:45 pm",70,61,73,WSW,12,10,,FEW013,,29.87,30.01,,,,,,,
"Jul 29, 4:40 pm",70,61,73,W,12,10,,CLR,,29.87,30.01,,,,,,,
"Jul 29, 4:35 pm",70,61,73,WSW,13,10,,CLR,,29.87,30.01,,,,,,,
"Jul 29, 4:30 pm",70,61,73,W,12,10,,CLR,,29.88,30.02,,,,,,,
"Jul 29, 4:25 pm",70,61,73,W,13,10,,CLR,,29.88,30.02,,,,,,,
"Jul 29, 4:20 pm",70,61,73,WSW,12,10,,CLR,,29.88,30.02,,,,,,,
"Jul 29, 4:15 pm",70,61,73,W,13,10,,CLR,,29.88,30.02,,,,,,,
"Jul 29, 4:10 pm",70,61,73,W,13,10,,CLR,,29.88,30.02,,,,,,,
"Jul 29, 4:05 pm",72,61,69,W,14,10,,CLR,,29.88,30.02,,,,,,,
"Jul 29, 4:00 pm",70,61,73,W,13,10,,FEW012,,29.89,30.03,,,,,,,
"Jul 29, 3:55 pm",70,61,73,W,14,10,,FEW013,,29.89,30.03,,,,,,,
"Jul 29, 3:53 pm",70,60,71,WSW,14,10,,FEW013,1016.7,29.89,30.03,,,,,,,
"Jul 29, 3:50 pm",70,61,73,W,15,10,,FEW013,,29.89,30.03,,,,,,,
"Jul 29, 3:45 pm",70,61,73,W,14G20,10,,SCT013,,29.89,30.03,,,,,,,
"Jul 29, 3:40 pm",70,61,73,W,15G21,10,,SCT013,,29.89,30.03,,,,,,,
"Jul 29, 3:35 pm",72,61,69,W,15,10,,SCT014,,29.89,30.03,,,,,,,
"Jul 29, 3:30 pm",70,61,73,W,16,10,,SCT014,,29.9,30.04,,,,,,,
"Jul 29, 3:25 pm",70,61,73,W,16,10,,SCT014,,29.9,30.04,,,,,,,
"Jul 29, 3:20 pm",72,61,69,W,16,10,,SCT014,,29.9,30.04,,,,,,,
"Jul 29, 3:15 pm",72,61,69,W,17,10,,SCT014,,29.9,30.04,,,,,,,
"Jul 29, 3:10 pm",72,61,69,W,17,10,,SCT014,,29.9,30.04,,,,,,,
"Jul 29, 3:06 pm",71,60,68,W,17G25,10,,SCT014,,29.9,30.04,,,,,,,
"Jul 29, 3:05 pm",72,61,69,W,16,10,,SCT014,,29.91,30.05,,,,,,,
"Jul 29, 3:00 pm",72,61,69,WSW,17,10,,BKN014,,29.91,30.05,,,,,,,
"Jul 29, 2:55 pm",72,61,69,WSW,17,10,,BKN014,,29.91,30.05,,,,,,,
"Jul 29, 2:53 pm",71,60,68,WSW,15,10,,BKN014,1017.5,29.91,30.05,,,,,,,
"Jul 29, 2:50 pm",72,61,69,W,17,10,,BKN014,,29.91,30.05,,,,,,,
"Jul 29, 2:45 pm",72,61,69,W,18,10,,BKN013,,29.91,30.05,,,,,,,
"Jul 29, 2:40 pm",72,61,69,W,18,10,,BKN013,,29.92,30.06,,,,,,,
"Jul 29, 2:35 pm",72,61,69,W,17,10,,BKN013,,29.92,30.06,,,,,,,
"Jul 29, 2:30 pm",72,61,69,WSW,17,10,,BKN013,,29.92,30.06,,,,,,,
"Jul 29, 2:27 pm",71,60,68,W,20,10,,BKN013,,29.92,30.06,,,,,,,
"Jul 29, 2:25 pm",72,61,69,WSW,17,10,,BKN013,,29.92,30.06,,,,,,,
"Jul 29, 2:20 pm",72,61,69,WSW,18,10,,BKN015,,29.92,30.06,,,,,,,
"Jul 29, 2:15 pm",72,60,66,W,20G26,10,,BKN015,,29.92,30.06,,,,,,,
"Jul 29, 2:10 pm",72,61,69,W,18G24,10,,FEW015,,29.92,30.06,,,,,,,
"Jul 29, 2:05 pm",72,61,69,W,18,10,,CLR,,29.92,30.06,,,,,,,
"Jul 29, 2:00 pm",72,61,69,WSW,18,10,,CLR,,29.92,30.06,,,,,,,
"Jul 29, 1:55 pm",72,61,69,WSW,17,10,,CLR,,29.92,30.06,,,,,,,
"Jul 29, 1:53 pm",71,60,68,WSW,17G24,9,,FEW010 FEW012,1017.7,29.92,30.06,,,,,,,
"Jul 29, 1:50 pm",72,61,69,W,18,9,,FEW010 FEW012,,29.92,30.06,,,,,,,
"Jul 29, 1:45 pm",72,61,69,W,17,9,,FEW010,,29.92,30.06,,,,,,,
"Jul 29, 1:40 pm",72,61,69,W,16,10,,CLR,,29.91,30.05,,,,,,,
"Jul 29, 1:35 pm",73,61,65,W,15,10,,CLR,,29.91,30.05,,,,,,,
"Jul 29, 1:30 pm",72,61,69,W,13,10,,CLR,,29.91,30.05,,,,,,,
"Jul 29, 1:25 pm",72,61,69,W,12,10,,CLR,,29.91,30.05,,,,,,,
"Jul 29, 1:20 pm",72,61,69,W,12,10,,CLR,,29.9,30.04,,,,,,,
"Jul 29, 1:15 pm",72,61,69,WSW,13,10,,CLR,,29.9,30.04,,,,,,,
"Jul 29, 1:10 pm",72,61,69,W,13,10,,CLR,,29.91,30.05,,,,,,,
"Jul 29, 1:05 pm",72,61,69,W,14,10,,CLR,,29.91,30.05,,,,,,,
"Jul 29, 1:00 pm",73,61,65,W,13G18,10,,CLR,,29.91,30.05,,,,,,,
"Jul 29, 12:55 pm",72,61,69,W,10,10,,CLR,,29.91,30.05,,,,,,,
"Jul 29, 12:53 pm",73,60,64,WSW,9G18,8,,FEW015,1017.3,29.91,30.05,,,,,,,
"Jul 29, 12:50 pm",73,61,65,W,12,10,,CLR,,29.91,30.05,,,,,,,
"Jul 29, 12:45 pm",72,61,69,WSW,7,10,,CLR,,29.91,30.05,,,,,,,
"Jul 29, 12:40 pm",72,61,69,WSW,9,10,,CLR,,29.91,30.05,,,,,,,
"Jul 29, 12:35 pm",72,61,69,WSW,9,10,,CLR,,29.91,30.05,,,,,,,
"Jul 29, 12:30 pm",72,61,69,W,10,10,,CLR,,29.91,30.05,,,,,,,
"Jul 29, 12:25 pm",73,61,65,W,10,10,,CLR,,29.92,30.06,,,,,,,
"Jul 29, 12:20 pm",72,61,69,WSW,10,9,,CLR,,29.92,30.06,,,,,,,
"Jul 29, 12:15 pm",72,61,69,WSW,8,8,,CLR,,29.92,30.06,,,,,,,
"Jul 29, 12:10 pm",72,59,65,W,9,7,,CLR,,29.92,30.06,,,,,,,
"Jul 29, 12:05 pm",72,59,65,W,8,6,,CLR,,29.92,30.06,,,,,,,
"Jul 29, 12:00 pm",70,59,69,WSW,8,6,,CLR,,29.92,30.06,,,,,,,
"Jul 29, 11:55 am",72,59,65,W,9,6,,CLR,,29.92,30.06,,,,,,,
"Jul 29, 11:53 am",71,59,66,W,8,7,,FEW011,1017.8,29.92,30.06,,,,,,,
"Jul 29, 11:50 am",72,61,69,W,8,7,,FEW011,,29.92,30.06,,,,,,,
"Jul 29, 11:45 am",72,59,65,WSW,9,6,Haze,CLR,,29.92,30.06,,,,,,,
"Jul 29, 11:40 am",72,61,69,W,8,6,Haze,CLR,,29.93,30.07,,,,,,,
"Jul 29, 11:35 am",70,61,73,W,8,6,Haze,CLR,,29.93,30.07,,,,,,,
"Jul 29, 11:30 am",72,61,69,W,8,6,Haze,CLR,,29.93,30.07,,,,,,,
"Jul 29, 11:25 am",70,61,73,W,7,6,Haze,CLR,,29.93,30.07,,,,,,,
"Jul 29, 11:20 am",72,59,65,W,7,7,,CLR,,29.93,30.07,,,,,,,
"Jul 29, 11:15 am",72,61,69,W,8,6,Haze,CLR,,29.93,30.07,,,,,,,
"Jul 29, 11:10 am",72,61,69,WSW,8,7,,CLR,,29.93,30.07,,,,,,,
"Jul 29, 11:05 am",72,61,69,WSW,7,7,,CLR,,29.93,30.07,,,,,,,
"Jul 29, 11:00 am",70,61,73,WSW,8,7,,CLR,,29.93,30.07,,,,,,,
"Jul 29, 10:55 am",72,61,69,SW,9,7,,CLR,,29.93,30.07,,,,,,,
"Jul 29, 10:53 am",71,60,68,WSW,9,8,,FEW009 SCT016,1018.3,29.93,30.07,,,,71,63,,
"Jul 29, 10:50 am",72,61,69,SW,8,7,,CLR,,29.94,30.08,,,,,,,
"Jul 29, 10:45 am",70,61,73,W,8,7,,CLR,,29.94,30.08,,,,,,,
"Jul 29, 10:40 am",72,61,69,SW,6,7,,CLR,,29.94,30.08,,,,,,,
"Jul 29, 10:35 am",70,61,73,SW,7,7,,CLR,,29.94,30.08,,,,,,,
"Jul 29, 10:30 am",70,61,73,SW,5,7,,CLR,,29.94,30.08,,,,,,,
"Jul 29, 10:25 am",70,61,73,WSW,7,7,,CLR,,29.94,30.08,,,,,,,
"Jul 29, 10:20 am",70,61,73,W,8,7,,CLR,,29.94,30.08,,,,,,,
"Jul 29, 10:15 am",70,61,73,W,6,7,,CLR,,29.94,30.08,,,,,,,
"Jul 29, 10:10 am",70,61,73,WSW,8,7,,FEW017,,29.94,30.08,,,,,,,
"Jul 29, 10:05 am",70,61,73,W,9,7,,FEW017,,29.94,30.08,,,,,,,
"Jul 29, 10:00 am",70,61,73,W,8,7,,FEW017,,29.94,30.08,,,,,,,
"Jul 29, 9:55 am",70,61,73,WSW,9,7,,FEW017,,29.94,30.08,,,,,,,
"Jul 29, 9:53 am",70,60,71,,6,7,,FEW009 SCT015,1018.5,29.94,30.08,,,,,,,
"Jul 29, 9:50 am",70,59,69,W,7,7,,FEW009 SCT015,,29.94,30.08,,,,,,,
"Jul 29, 9:45 am",70,59,69,SW,5,7,,FEW009 SCT015,,29.94,30.08,,,,,,,
"Jul 29, 9:40 am",70,61,73,SSW,6,7,,FEW009 SCT015,,29.94,30.08,,,,,,,
"Jul 29, 9:35 am",68,59,73,SSE,5,7,,FEW009 SCT015,,29.94,30.08,,,,,,,
"Jul 29, 9:30 am",68,59,73,N,0,7,,FEW009 BKN015,,29.94,30.08,,,,,,,
"Jul 29, 9:25 am",68,59,73,SE,3,7,,FEW009 BKN015,,29.94,30.08,,,,,,,
"Jul 29, 9:20 am",66,59,78,N,0,7,,FEW009 BKN015,,29.94,30.08,,,,,,,
"Jul 29, 9:15 am",66,59,78,ESE,3,7,,FEW009 BKN015,,29.94,30.08,,,,,,,
"Jul 29, 9:11 am",67,59,76,E,5,7,,FEW009 BKN015,,29.95,30.09,,,,,,,
"Jul 29, 9:10 am",66,59,78,E,5,7,,FEW009 BKN015,,29.95,30.09,,,,,,,
"Jul 29, 9:05 am",66,59,78,ESE,6,7,,BKN014,,29.95,30.09,,,,,,,
"Jul 29, 9:00 am",66,59,78,E,6,7,,OVC014,,29.95,30.09,,,,,,,
"Jul 29, 8:55 am",66,59,78,ESE,3,7,,OVC014,,29.95,30.09,,,,,,,
"Jul 29, 8:53 am",66,59,78,N,0,7,,FEW009 OVC013,1018.6,29.95,30.09,,,,,,,
"Jul 29, 8:50 am",66,59,78,N,0,7,,FEW009 OVC013,,29.95,30.09,,,,,,,
"Jul 29, 8:45 am",66,59,78,SE,3,7,,OVC013,,29.95,30.09,,,,,,,
"Jul 29, 8:40 am",66,59,78,N,0,7,,OVC013,,29.95,30.09,,,,,,,
"Jul 29, 8:35 am",64,59,83,N,0,7,,OVC013,,29.94,30.08,,,,,,,
"Jul 29, 8:30 am",64,59,83,N,0,8,,OVC012,,29.94,30.08,,,,,,,
"Jul 29, 8:25 am",64,59,83,N,0,7,,OVC012,,29.94,30.08,,,,,,,
"Jul 29, 8:20 am",64,59,83,N,0,7,,OVC012,,29.94,30.08,,,,,,,
"Jul 29, 8:15 am",64,59,83,N,0,8,,OVC012,,29.94,30.08,,,,,,,
"Jul 29, 8:10 am",64,59,83,N,3,7,,OVC011,,29.94,30.08,,,,,,,
"Jul 29, 8:05 am",64,59,83,N,3,8,,OVC011,,29.94,30.08,,,,,,,
"Jul 29, 8:00 am",64,59,83,N,3,8,,OVC011,,29.94,30.08,,,,,,,
"Jul 29, 7:55 am",64,59,83,NNE,5,8,,OVC011,,29.94,30.08,,,,,,,
"Jul 29, 7:53 am",64,59,84,,3,7,,FEW008 OVC011,1018.5,29.94,30.08,,,,,,,
"Jul 29, 7:50 am",64,59,83,NNE,3,7,,FEW008 OVC011,,29.94,30.08,,,,,,,
"Jul 29, 7:45 am",64,59,83,N,0,7,,FEW008 OVC011,,29.94,30.08,,,,,,,
"Jul 29, 7:40 am",64,59,83,N,0,7,,FEW008 OVC011,,29.94,30.08,,,,,,,
"Jul 29, 7:35 am",63,59,88,N,0,7,,FEW008 OVC011,,29.94,30.08,,,,,,,
"Jul 29, 7:30 am",63,59,88,N,0,7,,FEW008 OVC011,,29.93,30.07,,,,,,,
"Jul 29, 7:25 am",64,59,83,N,0,7,,FEW008 OVC011,,29.93,30.07,,,,,,,
"Jul 29, 7:20 am",64,59,83,E,3,7,,FEW008 OVC011,,29.93,30.07,,,,,,,
"Jul 29, 7:15 am",64,59,83,NE,3,7,,FEW008 OVC011,,29.93,30.07,,,,,,,
"Jul 29, 7:10 am",64,59,83,NE,6,7,,FEW008 OVC011,,29.93,30.07,,,,,,,
"Jul 29, 7:05 am",64,59,83,NE,6,7,,FEW008 OVC011,,29.93,30.07,,,,,,,
"Jul 29, 7:00 am",64,59,83,ENE,5,7,,FEW008 OVC011,,29.92,30.06,,,,,,,
"Jul 29, 6:55 am",63,59,88,E,6,7,,FEW008 OVC011,,29.92,30.06,,,,,,,
"Jul 29, 6:53 am",63,59,87,E,5,7,,FEW008 OVC011,1017.9,29.92,30.06,,,,,,,
"Jul 29, 6:50 am",64,59,83,E,6,7,,FEW008 OVC011,,29.92,30.06,,,,,,,
"Jul 29, 6:45 am",63,59,88,ENE,3,7,,FEW008 OVC011,,29.92,30.06,,,,,,,
"Jul 29, 6:40 am",64,59,83,E,6,7,,FEW008 OVC011,,29.92,30.06,,,,,,,
"Jul 29, 6:35 am",64,59,83,ESE,5,7,,FEW008 OVC011,,29.92,30.06,,,,,,,
"Jul 29, 6:30 am",64,59,83,ESE,3,7,,FEW008 OVC011,,29.92,30.06,,,,,,,
"Jul 29, 6:25 am",64,59,83,E,3,7,,FEW008 OVC011,,29.92,30.06,,,,,,,
"Jul 29, 6:20 am",64,59,83,N,0,7,,FEW008 OVC011,,29.92,30.06,,,,,,,
"Jul 29, 6:15 am",64,59,83,N,0,7,,FEW008 OVC011,,29.92,30.06,,,,,,,
"Jul 29, 6:10 am",64,59,83,E,3,7,,FEW008 OVC011,,29.92,30.06,,,,,,,
"Jul 29, 6:05 am",64,59,83,N,0,9,,OVC011,,29.91,30.05,,,,,,,
"Jul 29, 6:00 am",64,59,83,N,0,9,,OVC011,,29.91,30.05,,,,,,,
"Jul 29, 5:55 am",63,59,88,N,0,9,,OVC011,,29.91,30.05,,,,,,,
"Jul 29, 5:53 am",63,59,87,N,0,7,,FEW008 OVC011,1017.4,29.91,30.05,,,,,,,
"Jul 29, 5:50 am",63,59,88,N,0,10,,FEW008 OVC011,,29.91,30.05,,,,,,,
"Jul 29, 5:45 am",63,59,88,S,3,10,,FEW008 OVC011,,29.91,30.05,,,,,,,
"Jul 29, 5:40 am",63,59,88,SSE,6,10,,FEW008 OVC011,,29.91,30.05,,,,,,,
"Jul 29, 5:35 am",63,59,88,S,6,10,,FEW008 OVC011,,29.91,30.05,,,,,,,
"Jul 29, 5:30 am",63,59,88,ESE,3,10,,FEW008 OVC011,,29.91,30.05,,,,,,,
"Jul 29, 5:25 am",64,59,83,N,0,10,,FEW008 BKN011,,29.91,30.05,,,,,,,
"Jul 29, 5:20 am",63,59,88,N,0,10,,FEW008 BKN011,,29.91,30.05,,,,,,,
"Jul 29, 5:15 am",63,59,88,SE,5,10,,FEW008 BKN011,,29.9,30.04,,,,,,,
"Jul 29, 5:10 am",63,59,88,E,3,10,,FEW008 BKN011,,29.9,30.04,,,,,,,
"Jul 29, 5:05 am",63,59,88,SE,3,10,,FEW008 BKN012,,29.9,30.04,,,,,,,
"Jul 29, 5:00 am",63,59,88,N,0,10,,FEW008 BKN012,,29.9,30.04,,,,,,,
"Jul 29, 4:55 am",63,59,88,SE,3,10,,FEW008 BKN012,,29.9,30.04,,,,,,,
"Jul 29, 4:53 am",63,59,87,N,0,10,,FEW008 BKN012,1017.1,29.9,30.04,,,,64,63,,
"Jul 29, 4:51 am",63,59,88,N,0,10,,FEW008 BKN012,,29.9,30.04,,,,,,,
"Jul 29, 4:50 am",63,59,88,N,0,10,,FEW008 SCT012,,29.9,30.04,,,,,,,
"Jul 29, 4:45 am",63,59,88,N,0,10,,FEW008 SCT012,,29.9,30.04,,,,,,,
"Jul 29, 4:44 am",63,59,87,N,0,10,,FEW008 SCT012,,29.9,30.04,,,,,,,
"Jul 29, 4:40 am",63,59,88,N,0,10,,FEW008 BKN012,,29.9,30.04,,,,,,,
"Jul 29, 4:35 am",63,59,88,N,0,10,,FEW008 BKN012,,29.9,30.04,,,,,,,
"Jul 29, 4:30 am",63,59,88,N,0,10,,FEW008 BKN012,,29.9,30.04,,,,,,,
"Jul 29, 4:25 am",63,59,88,N,0,10,,FEW008 BKN012,,29.9,30.04,,,,,,,
"Jul 29, 4:20 am",63,59,88,N,0,10,,FEW008 BKN012,,29.9,30.04,,,,,,,
"Jul 29, 4:15 am",63,59,88,N,0,10,,FEW008 BKN012,,29.9,30.04,,,,,,,
"Jul 29, 4:10 am",63,59,88,SSE,5,10,,FEW008 BKN012,,29.9,30.04,,,,,,,
"Jul 29, 4:05 am",63,59,88,SSE,3,10,,BKN010,,29.9,30.04,,,,,,,
"Jul 29, 4:00 am",63,59,88,SSE,6,10,,BKN010,,29.9,30.04,,,,,,,
"Jul 29, 3:55 am",63,59,88,N,0,10,,BKN010,,29.9,30.04,,,,,,,
"Jul 29, 3:53 am",63,59,87,N,0,10,,FEW008 BKN012,1017,29.9,30.04,,,,,,,
"Jul 29, 3:50 am",63,59,88,SSE,3,10,,FEW008 BKN012,,29.9,30.04,,,,,,,
"Jul 29, 3:45 am",63,59,88,SSE,3,10,,FEW008 BKN012,,29.9,30.04,,,,,,,
"Jul 29, 3:40 am",63,59,88,SSE,3,10,,FEW008 BKN012,,29.9,30.04,,,,,,,
"Jul 29, 3:35 am",63,59,88,SE,3,10,,FEW009 BKN012,,29.9,30.04,,,,,,,
"Jul 29, 3:30 am",63,61,94,N,0,10,,FEW009 BKN012,,29.9,30.04,,,,,,,
"Jul 29, 3:25 am",63,61,94,SE,3,10,,FEW009 BKN012,,29.89,30.03,,,,,,,
"Jul 29, 3:20 am",63,61,94,N,0,10,,FEW009 BKN012,,29.89,30.03,,,,,,,
"Jul 29, 3:15 am",64,61,88,N,0,10,,FEW009 BKN012,,29.89,30.03,,,,,,,
"Jul 29, 3:10 am",64,61,88,N,0,10,,FEW009 BKN012,,29.89,30.03,,,,,,,
"Jul 29, 3:05 am",63,61,94,N,0,10,,FEW009 BKN012,,29.89,30.03,,,,,,,
"Jul 29, 3:00 am",63,61,94,S,3,10,,FEW009 BKN012,,29.89,30.03,,,,,,,
"Jul 29, 2:55 am",63,61,94,S,3,10,,FEW009 BKN012,,29.89,30.03,,,,,,,
"Jul 29, 2:53 am",63,60,90,N,0,10,,FEW009 BKN014,1016.7,29.89,30.03,,,,,,,
"Jul 29, 2:50 am",63,61,94,S,3,10,,FEW009 BKN014,,29.89,30.03,,,,,,,
"Jul 29, 2:45 am",63,61,94,S,3,10,,FEW009 BKN014,,29.89,30.03,,,,,,,
"Jul 29, 2:41 am",63,60,90,N,0,10,,FEW009 BKN014,,29.89,30.03,,,,,,,
"Jul 29, 2:40 am",63,61,94,N,0,10,,FEW015,,29.89,30.03,,,,,,,
"Jul 29, 2:35 am",63,61,94,N,0,10,,FEW015,,29.89,30.03,,,,,,,
"Jul 29, 2:30 am",63,59,88,N,0,10,,FEW015,,29.9,30.04,,,,,,,
"Jul 29, 2:25 am",63,59,88,W,3,10,,FEW015,,29.9,30.04,,,,,,,
"Jul 29, 2:20 am",63,59,88,W,5,10,,FEW015,,29.9,30.04,,,,,,,
"Jul 29, 2:15 am",63,59,88,W,3,10,,FEW015,,29.9,30.04,,,,,,,
"Jul 29, 2:10 am",63,59,88,WSW,3,10,,FEW015,,29.89,30.03,,,,,,,
"Jul 29, 2:05 am",63,59,88,WSW,5,10,,FEW015,,29.89,30.03,,,,,,,
"Jul 29, 2:00 am",63,59,88,W,3,10,,FEW015,,29.9,30.04,,,,,,,
"Jul 29, 1:55 am",63,59,88,WSW,3,10,,CLR,,29.9,30.04,,,,,,,
"Jul 29, 1:53 am",63,59,87,N,0,10,,FEW015,1016.8,29.9,30.04,,,,,,,
"Jul 29, 1:50 am",63,59,88,WSW,3,10,,FEW015,,29.9,30.04,,,,,,,
"Jul 29, 1:45 am",63,59,88,WSW,5,10,,FEW015,,29.9,30.04,,,,,,,
"Jul 29, 1:40 am",63,59,88,WSW,6,10,,FEW015,,29.9,30.04,,,,,,,
"Jul 29, 1:35 am",64,59,83,WSW,5,10,,FEW015,,29.9,30.04,,,,,,,
"Jul 29, 1:30 am",64,59,83,WSW,6,10,,FEW015,,29.9,30.04,,,,,,,
"Jul 29, 1:25 am",64,59,83,SSW,5,10,,FEW015,,29.9,30.04,,,,,,,
"Jul 29, 1:20 am",64,59,83,S,5,10,,FEW015,,29.89,30.03,,,,,,,
"Jul 29, 1:15 am",64,59,83,S,5,10,,FEW015,,29.9,30.04,,,,,,,
"Jul 29, 1:10 am",64,59,83,S,5,10,,FEW015,,29.89,30.03,,,,,,,
"Jul 29, 1:05 am",64,59,83,S,5,10,,FEW015,,29.89,30.03,,,,,,,
"Jul 29, 1:00 am",64,59,83,S,5,10,,FEW015,,29.89,30.03,,,,,,,
"Jul 29, 12:55 am",64,59,83,S,3,10,,FEW016,,29.89,30.03,,,,,,,
"Jul 29, 12:53 am",64,59,84,N,0,10,,FEW016,1016.8,29.89,30.03,,,,,,73,63
"Jul 29, 12:50 am",64,59,83,S,3,10,,FEW016,,29.89,30.03,,,,,,,
"Jul 29, 12:45 am",64,59,83,SSE,3,10,,FEW016,,29.89,30.03,,,,,,,
"Jul 29, 12:40 am",64,59,83,N,0,10,,FEW016,,29.89,30.03,,,,,,,
"Jul 29, 12:35 am",64,59,83,N,0,10,,FEW016,,29.89,30.03,,,,,,,
"Jul 29, 12:30 am",64,59,83,N,0,10,,FEW016,,29.89,30.03,,,,,,,
"Jul 29, 12:25 am",64,59,83,WSW,3,10,,FEW016,,29.89,30.03,,,,,,,
"Jul 29, 12:20 am",64,59,83,SW,3,10,,FEW016,,29.89,30.03,,,,,,,
"Jul 29, 12:15 am",64,59,83,SW,5,10,,FEW016,,29.89,30.03,,,,,,,
"Jul 29, 12:10 am",64,59,83,WSW,6,10,,FEW016,,29.89,30.03,,,,,,,
"Jul 29, 12:05 am",64,59,83,WSW,6,10,,FEW016,,29.89,30.03,,,,,,,
"Jul 29, 12:00 am",64,59,83,WSW,6,10,,FEW016,,29.89,30.03,,,,,,,
"Jul 28, 11:55 pm",64,59,83,WSW,6,10,,CLR,,29.89,30.03,,,,,,,
"Jul 28, 11:53 pm",64,59,84,W,7,10,,FEW011 FEW016,1016.7,29.89,30.03,,,,,,,
"Jul 28, 11:50 pm",64,59,83,WSW,6,10,,FEW011 FEW016,,29.89,30.03,,,,,,,
"Jul 28, 11:45 pm",63,59,88,W,6,10,,FEW016,,29.89,30.03,,,,,,,
"Jul 28, 11:40 pm",63,57,83,WSW,6,10,,FEW016,,29.89,30.03,,,,,,,
"Jul 28, 11:35 pm",63,59,88,WSW,7,10,,FEW016,,29.89,30.03,,,,,,,
"Jul 28, 11:30 pm",63,59,88,WSW,6,10,,FEW016,,29.89,30.03,,,,,,,
"Jul 28, 11:25 pm",63,57,83,WSW,7,10,,FEW016,,29.89,30.03,,,,,,,
"Jul 28, 11:20 pm",63,59,88,WSW,7,10,,FEW016,,29.89,30.03,,,,,,,
"Jul 28, 11:15 pm",63,59,88,WSW,7,10,,FEW016,,29.89,30.03,,,,,,,
"Jul 28, 11:10 pm",63,59,88,WSW,7,10,,FEW016,,29.89,30.03,,,,,,,
"Jul 28, 11:05 pm",63,59,88,WSW,7,10,,FEW016,,29.89,30.03,,,,,,,
"Jul 28, 11:00 pm",64,59,83,WSW,8,10,,CLR,,29.89,30.03,,,,,,,
"Jul 28, 10:55 pm",63,59,88,WSW,7,10,,CLR,,29.9,30.04,,,,,,,
"Jul 28, 10:53 pm",63,59,87,WSW,8,10,,FEW009 FEW016,1016.9,29.9,30.04,,,,69,63,,
"Jul 28, 10:50 pm",63,59,88,WSW,8,10,,FEW009 FEW016,,29.9,30.04,,,,,,,
"Jul 28, 10:45 pm",64,59,83,WSW,8,10,,FEW009 FEW011,,29.9,30.04,,,,,,,
"Jul 28, 10:40 pm",64,59,83,WSW,7,10,,FEW009 FEW011,,29.9,30.04,,,,,,,
"Jul 28, 10:35 pm",64,59,83,WSW,8,10,,FEW009 FEW011,,29.9,30.04,,,,,,,
"Jul 28, 10:30 pm",64,59,83,WSW,9,10,,FEW009 FEW011,,29.9,30.04,,,,,,,
"Jul 28, 10:25 pm",63,59,88,WSW,8,10,,FEW009 FEW011,,29.9,30.04,,,,,,,
"Jul 28, 10:20 pm",64,59,83,WSW,9,10,,FEW009 FEW011,,29.9,30.04,,,,,,,
"Jul 28, 10:15 pm",64,59,83,WSW,7,10,,FEW009 FEW011,,29.9,30.04,,,,,,,
"Jul 28, 10:10 pm",64,59,83,WSW,8,10,,FEW009 FEW011,,29.9,30.04,,,,,,,
"Jul 28, 10:05 pm",64,59,83,WSW,7,10,,FEW009 FEW011,,29.9,30.04,,,,,,,
"Jul 28, 10:00 pm",64,59,83,SW,9,10,,FEW009 FEW011,,29.89,30.03,,,,,,,
"Jul 28, 9:55 pm",64,59,83,WSW,9,10,,FEW010,,29.9,30.04,,,,,,,
"Jul 28, 9:53 pm",64,59,84,WSW,8,10,,SCT009,1016.9,29.9,30.04,,,,,,,
"Jul 28, 9:50 pm",64,59,83,WSW,10,10,,SCT009,,29.9,30.04,,,,,,,
"Jul 28, 9:45 pm",64,59,83,WSW,9,10,,CLR,,29.9,30.04,,,,,,,
"Jul 28, 9:40 pm",64,59,83,W,9,10,,CLR,,29.9,30.04,,,,,,,
"Jul 28, 9:35 pm",64,59,83,W,12,10,,SCT009,,29.9,30.04,,,,,,,
"Jul 28, 9:30 pm",64,59,83,WSW,10,10,,SCT009,,29.9,30.04,,,,,,,
"Jul 28, 9:25 pm",63,59,88,WSW,9,10,,SCT009,,29.89,30.03,,,,,,,
"Jul 28, 9:24 pm",63,59,87,WSW,10,10,,SCT009,,29.89,30.03,,,,,,,
"Jul 28, 9:20 pm",63,59,88,WSW,12,10,,BKN009,,29.89,30.03,,,,,,,
"Jul 28, 9:15 pm",63,59,88,W,12,10,,BKN009,,29.89,30.03,,,,,,,
"Jul 28, 9:10 pm",63,59,88,WSW,10,10,,BKN009,,29.89,30.03,,,,,,,
"Jul 28, 9:05 pm",63,59,88,W,12,10,,BKN009,,29.89,30.03,,,,,,,
"Jul 28, 9:00 pm",63,59,88,WSW,13,10,,SCT009,,29.89,30.03,,,,,,,
"Jul 28, 8:55 pm",63,59,88,W,12,10,,BKN009,,29.88,30.02,,,,,,,
"Jul 28, 8:53 pm",63,59,87,W,12,10,,BKN009,1016.4,29.88,30.02,,,,,,,
"Jul 28, 8:50 pm",63,59,88,WSW,13,10,,BKN009,,29.88,30.02,,,,,,,
"Jul 28, 8:45 pm",63,59,88,WSW,13,10,,BKN009,,29.88,30.02,,,,,,,
"Jul 28, 8:40 pm",63,59,88,WSW,12,10,,BKN009,,29.88,30.02,,,,,,,
"Jul 28, 8:35 pm",64,59,83,SW,10,10,,BKN009,,29.88,30.02,,,,,,,
"Jul 28, 8:30 pm",64,59,83,W,13,10,,BKN009,,29.87,30.01,,,,,,,
"Jul 28, 8:25 pm",64,59,83,W,15,10,,BKN009,,29.87,30.01,,,,,,,
"Jul 28, 8:20 pm",64,59,83,WSW,13,10,,BKN009,,29.87,30.01,,,,,,,
"Jul 28, 8:15 pm",64,59,83,WSW,13,10,,OVC009,,29.87,30.01,,,,,,,
"Jul 28, 8:10 pm",64,59,83,W,15,10,,OVC009,,29.87,30.01,,,,,,,
"Jul 28, 8:05 pm",64,59,83,WSW,12,10,,BKN009,,29.87,30.01,,,,,,,
"Jul 28, 8:00 pm",64,59,83,WSW,10,10,,OVC009,,29.87,30.01,,,,,,,
"Jul 28, 7:55 pm",64,59,83,W,13,10,,OVC009,,29.87,30.01,,,,,,,
"Jul 28, 7:53 pm",64,59,84,WSW,12,10,,BKN009,1016.1,29.87,30.01,,,,,,,
"Jul 28, 7:50 pm",64,59,83,WSW,13,10,,BKN008,,29.87,30.01,,,,,,,
"Jul 28, 7:45 pm",64,59,83,W,14,10,,BKN008,,29.87,30.01,,,,,,,
"Jul 28, 7:40 pm",64,59,83,W,12,10,,OVC009,,29.87,30.01,,,,,,,
"Jul 28, 7:35 pm",64,59,83,W,15,10,,OVC009,,29.87,30.01,,,,,,,
"Jul 28, 7:30 pm",64,59,83,W,15,10,,BKN008,,29.87,30.01,,,,,,,
"Jul 28, 7:25 pm",64,61,88,W,15,10,,BKN008,,29.87,30.01,,,,,,,
"Jul 28, 7:20 pm",64,59,83,W,14,10,,BKN009,,29.87,30.01,,,,,,,
"Jul 28, 7:15 pm",64,61,88,W,14,10,,BKN008,,29.87,30.01,,,,,,,
"Jul 28, 7:10 pm",64,61,88,WSW,14,10,,BKN008,,29.87,30.01,,,,,,,
"Jul 28, 7:05 pm",64,61,88,W,15,10,,BKN008,,29.87,30.01,,,,,,,
"Jul 28, 7:00 pm",64,61,88,WSW,14,10,,BKN008,,29.86,30,,,,,,,
"Jul 28, 6:55 pm",64,61,88,WSW,14,10,,BKN008,,29.86,30,,,,,,,
"Jul 28, 6:53 pm",65,60,84,W,14,10,,BKN009,1015.8,29.86,30,,,,,,,
"Jul 28, 6:50 pm",64,61,88,W,15,10,,BKN009,,29.86,30,,,,,,,
"Jul 28, 6:45 pm",64,61,88,WSW,15,10,,BKN010,,29.87,30.01,,,,,,,
"Jul 28, 6:40 pm",64,59,83,W,14,10,,BKN010,,29.86,30,,,,,,,
"Jul 28, 6:35 pm",66,61,83,WSW,14,10,,BKN010,,29.86,30,,,,,,,
"Jul 28, 6:33 pm",67,60,79,WSW,15,10,,BKN010,,29.86,30,,,,,,,
"Jul 28, 6:30 pm",66,59,78,W,15,10,,FEW010,,29.87,30.01,,,,,,,
"Jul 28, 6:25 pm",66,59,78,WSW,14,10,,CLR,,29.86,30,,,,,,,
"Jul 28, 6:20 pm",66,59,78,W,13,10,,CLR,,29.86,30,,,,,,,
"Jul 28, 6:15 pm",66,59,78,WSW,14,10,,CLR,,29.86,30,,,,,,,
"Jul 28, 6:10 pm",68,59,73,W,13,9,,CLR,,29.86,30,,,,,,,
"Jul 28, 6:05 pm",68,59,73,W,14,9,,CLR,,29.86,30,,,,,,,
"Jul 28, 6:00 pm",68,59,73,W,13,10,,CLR,,29.86,30,,,,,,,
"Jul 28, 5:55 pm",68,59,73,WSW,13,10,,CLR,,29.87,30.01,,,,,,,
"Jul 28, 5:53 pm",68,59,73,WSW,13,10,,FEW015,1015.9,29.87,30.01,,,,,,,
"Jul 28, 5:50 pm",68,59,73,W,14,10,,FEW015,,29.87,30.01,,,,,,,
"Jul 28, 5:45 pm",68,59,73,WSW,14,10,,CLR,,29.87,30.01,,,,,,,
"Jul 28, 5:40 pm",70,59,69,WSW,14,10,,CLR,,29.87,30.01,,,,,,,
"Jul 28, 5:35 pm",68,59,73,WSW,14,10,,CLR,,29.87,30.01,,,,,,,
"Jul 28, 5:30 pm",70,59,69,W,15G21,10,,CLR,,29.87,30.01,,,,,,,
"Jul 28, 5:25 pm",70,59,69,WSW,14,10,,CLR,,29.87,30.01,,,,,,,
"Jul 28, 5:20 pm",68,59,73,WSW,13,10,,CLR,,29.87,30.01,,,,,,,
"Jul 28, 5:15 pm",70,59,69,WSW,13,10,,CLR,,29.88,30.02,,,,,,,
"Jul 28, 5:10 pm",70,59,69,WSW,14,10,,CLR,,29.87,30.01,,,,,,,
"Jul 28, 5:05 pm",70,59,69,WSW,15,10,,CLR,,29.87,30.01,,,,,,,
"Jul 28, 5:00 pm",70,59,69,W,15,10,,CLR,,29.87,30.01,,,,,,,
"Jul 28, 4:55 pm",70,59,69,WSW,15,10,,CLR,,29.88,30.02,,,,,,,
"Jul 28, 4:53 pm",69,59,70,WSW,15,10,,FEW015,1016.3,29.88,30.02,,,,73,69,,
"Jul 28, 4:50 pm",70,59,69,WSW,15,10,,FEW015,,29.88,30.02,,,,,,,
"Jul 28, 4:45 pm",70,59,69,WSW,15,10,,FEW015,,29.88,30.02,,,,,,,
"Jul 28, 4:40 pm",70,59,69,WSW,15,10,,CLR,,29.88,30.02,,,,,,,
"Jul 28, 4:35 pm",70,59,69,WSW,15,10,,CLR,,29.88,30.02,,,,,,,
"Jul 28, 4:30 pm",70,59,69,WSW,16,10,,CLR,,29.88,30.02,,,,,,,
"Jul 28, 4:25 pm",70,59,69,WSW,16G22,10,,CLR,,29.88,30.02,,,,,,,
"Jul 28, 4:20 pm",70,59,69,WSW,16,10,,CLR,,29.88,30.02,,,,,,,
"Jul 28, 4:15 pm",70,59,69,SW,16G22,10,,CLR,,29.88,30.02,,,,,,,
"Jul 28, 4:10 pm",70,59,69,WSW,15G22,10,,CLR,,29.88,30.02,,,,,,,
"Jul 28, 4:05 pm",70,59,69,WSW,15,10,,FEW014,,29.88,30.02,,,,,,,
"Jul 28, 4:00 pm",70,59,69,WSW,15,10,,FEW015,,29.89,30.03,,,,,,,
"Jul 28, 3:55 pm",70,59,69,WSW,16G22,10,,FEW015,,29.89,30.03,,,,,,,
"Jul 28, 3:53 pm",71,59,66,W,16G25,10,,FEW015,1016.7,29.89,30.03,,,,,,,
"Jul 28, 3:50 pm",72,59,65,WSW,14,10,,FEW015,,29.89,30.03,,,,,,,
"Jul 28, 3:45 pm",72,59,65,WSW,18,10,,FEW015,,29.89,30.03,,,,,,,
"Jul 28, 3:40 pm",72,59,65,WSW,16,10,,FEW015,,29.89,30.03,,,,,,,
"Jul 28, 3:35 pm",70,59,69,WSW,17,10,,FEW015,,29.9,30.04,,,,,,,
"Jul 28, 3:30 pm",70,59,69,WSW,17,10,,FEW015,,29.9,30.04,,,,,,,
"Jul 28, 3:25 pm",72,61,69,WSW,16,10,,CLR,,29.9,30.04,,,,,,,
"Jul 28, 3:20 pm",72,59,65,WSW,15,10,,CLR,,29.9,30.04,,,,,,,
"Jul 28, 3:15 pm",72,59,65,W,17G24,10,,CLR,,29.9,30.04,,,,,,,
"Jul 28, 3:10 pm",72,59,65,W,15G21,10,,CLR,,29.9,30.04,,,,,,,
"Jul 28, 3:05 pm",72,59,65,WSW,15,10,,CLR,,29.9,30.04,,,,,,,
"Jul 28, 3:00 pm",72,59,65,WSW,15G22,10,,CLR,,29.9,30.04,,,,,,,
"Jul 28, 2:55 pm",72,59,65,W,15,10,,CLR,,29.9,30.04,,,,,,,
"Jul 28, 2:53 pm",72,59,64,W,17G25,10,,FEW025,1017,29.9,30.04,,,,,,,
"Jul 28, 2:50 pm",72,59,65,W,16G22,10,,FEW025,,29.9,30.04,,,,,,,
"Jul 28, 2:45 pm",72,59,65,W,15G21,10,,CLR,,29.9,30.04,,,,,,,
"Jul 28, 2:40 pm",72,59,65,W,15,10,,CLR,,29.9,30.04,,,,,,,
"Jul 28, 2:35 pm",72,59,65,W,16G22,10,,CLR,,29.9,30.04,,,,,,,
"Jul 28, 2:30 pm",72,59,65,W,15,10,,CLR,,29.9,30.04,,,,,,,
"Jul 28, 2:25 pm",72,59,65,W,14G20,10,,CLR,,29.9,30.04,,,,,,,
"Jul 28, 2:20 pm",72,59,65,W,16G22,10,,CLR,,29.9,30.04,,,,,,,
"Jul 28, 2:15 pm",72,59,65,W,15,10,,CLR,,29.9,30.04,,,,,,,
"Jul 28, 2:10 pm",72,59,65,W,14,10,,CLR,,29.9,30.04,,,,,,,
"Jul 28, 2:05 pm",72,59,65,W,15,10,,CLR,,29.91,30.05,,,,,,,
"Jul 28, 2:00 pm",72,59,65,W,15,10,,CLR,,29.91,30.05,,,,,,,
"Jul 28, 1:55 pm",72,59,65,W,14,10,,CLR,,29.9,30.04,,,,,,,
"Jul 28, 1:53 pm",72,59,64,WSW,14G23,10,,FEW025,1017.3,29.9,30.04,,,,,,,
"Jul 28, 1:50 pm",72,59,65,W,15,10,,FEW025,,29.9,30.04,,,,,,,
"Jul 28, 1:45 pm",72,59,65,WSW,16G22,10,,FEW025,,29.9,30.04,,,,,,,
"Jul 28, 1:40 pm",72,59,65,WSW,14G20,10,,CLR,,29.91,30.05,,,,,,,
"Jul 28, 1:35 pm",72,59,65,W,16,10,,CLR,,29.91,30.05,,,,,,,
"Jul 28, 1:30 pm",72,59,65,W,15,10,,CLR,,29.91,30.05,,,,,,,
"Jul 28, 1:25 pm",72,61,69,WSW,15G22,10,,CLR,,29.91,30.05,,,,,,,
"Jul 28, 1:20 pm",72,59,65,WSW,14,10,,CLR,,29.91,30.05,,,,,,,
"Jul 28, 1:15 pm",72,59,65,WSW,13,10,,CLR,,29.91,30.05,,,,,,,
"Jul 28, 1:10 pm",72,59,65,SW,13,9,,CLR,,29.91,30.05,,,,,,,
"Jul 28, 1:05 pm",72,59,65,SW,12G17,9,,CLR,,29.91,30.05,,,,,,,
"Jul 28, 1:00 pm",72,61,69,SW,14,10,,CLR,,29.91,30.05,,,,,,,
"Jul 28, 12:55 pm",73,59,61,W,13,10,,CLR,,29.91,30.05,,,,,,,
"Jul 28, 12:53 pm",72,59,64,WSW,14,10,,FEW025,1017.5,29.91,30.05,,,,,,,
"Jul 28, 12:50 pm",72,59,65,WSW,12,10,,FEW025,,29.91,30.05,,,,,,,
"Jul 28, 12:45 pm",72,61,69,WSW,12,10,,CLR,,29.91,30.05,,,,,,,
"Jul 28, 12:40 pm",72,59,65,WSW,9,10,,CLR,,29.91,30.05,,,,,,,
"Jul 28, 12:35 pm",72,59,65,WSW,12,10,,CLR,,29.91,30.05,,,,,,,
"Jul 28, 12:30 pm",73,59,61,WSW,10,10,,CLR,,29.91,30.05,,,,,,,
"Jul 28, 12:25 pm",73,59,61,WSW,9,10,,CLR,,29.91,30.05,,,,,,,
"Jul 28, 12:20 pm",73,59,61,WSW,9,10,,CLR,,29.91,30.05,,,,,,,
"Jul 28, 12:15 pm",72,59,65,W,10,10,,CLR,,29.91,30.05,,,,,,,
"Jul 28, 12:10 pm",73,59,61,W,10,10,,CLR,,29.91,30.05,,,,,,,
"Jul 28, 12:05 pm",72,59,65,WSW,7,10,,CLR,,29.91,30.05,,,,,,,
"Jul 28, 12:00 pm",72,59,65,W,10,10,,CLR,,29.91,30.05,,,,,,,
"Jul 28, 11:55 am",72,59,65,W,9,10,,CLR,,29.91,30.05,,,,,,,
"Jul 28, 11:53 am",71,59,66,WSW,8,9,,FEW021,1017.6,29.92,30.06,,,,,,,
"Jul 28, 11:50 am",72,59,65,WSW,7,9,,FEW021,,29.92,30.06,,,,,,,
"Jul 28, 11:45 am",72,59,65,WSW,8,9,,CLR,,29.92,30.06,,,,,,,
"Jul 28, 11:40 am",72,59,65,SW,7,9,,CLR,,29.92,30.06,,,,,,,
"Jul 28, 11:35 am",72,59,65,SW,6,9,,CLR,,29.92,30.06,,,,,,,
"Jul 28, 11:30 am",72,59,65,SW,8,9,,CLR,,29.92,30.06,,,,,,,
"Jul 28, 11:25 am",72,59,65,SW,6,9,,CLR,,29.92,30.06,,,,,,,
"Jul 28, 11:20 am",72,59,65,SW,8,9,,CLR,,29.91,30.05,,,,,,,
"Jul 28, 11:15 am",70,59,69,WSW,6,9,,CLR,,29.92,30.06,,,,,,,
"Jul 28, 11:10 am",70,59,69,SW,8,9,,FEW021,,29.92,30.06,,,,,,,
"Jul 28, 11:05 am",70,59,69,SSW,5,9,,SCT020,,29.92,30.06,,,,,,,
"Jul 28, 11:03 am",70,59,68,SSW,6,9,,SCT020,,29.92,30.06,,,,,,,
"Jul 28, 11:00 am",70,57,64,WSW,6,9,,SCT020,,29.92,30.06,,,,,,,
"Jul 28, 10:55 am",70,59,69,SW,7,9,,BKN020,,29.92,30.06,,,,,,,
"Jul 28, 10:53 am",70,59,68,SW,6,8,,BKN019,1017.8,29.92,30.06,,,,70,63,,
"Jul 28, 10:50 am",70,59,69,SW,3,8,,BKN019,,29.92,30.06,,,,,,,
"Jul 28, 10:45 am",70,59,69,W,6,9,,OVC019,,29.92,30.06,,,,,,,
"Jul 28, 10:40 am",70,59,69,W,7,9,,OVC019,,29.92,30.06,,,,,,,
"Jul 28, 10:35 am",68,59,73,WSW,6,9,,OVC018,,29.92,30.06,,,,,,,
"Jul 28, 10:30 am",68,59,73,W,8,9,,OVC018,,29.92,30.06,,,,,,,
"Jul 28, 10:25 am",68,59,73,WSW,6,10,,OVC018,,29.92,30.06,,,,,,,
"Jul 28, 10:20 am",70,59,69,W,8,10,,OVC018,,29.92,30.06,,,,,,,
"Jul 28, 10:15 am",68,59,73,WSW,8,9,,OVC018,,29.92,30.06,,,,,,,
"Jul 28, 10:10 am",68,59,73,W,7,9,,OVC019,,29.92,30.06,,,,,,,
"Jul 28, 10:05 am",68,59,73,W,6,9,,OVC020,,29.92,30.06,,,,,,,
"Jul 28, 10:00 am",70,59,69,W,7,9,,OVC020,,29.92,30.06,,,,,,,
"Jul 28, 9:55 am",68,59,73,WSW,7,9,,OVC020,,29.92,30.06,,,,,,,
"Jul 28, 9:53 am",68,59,73,W,6,8,,OVC020,1017.7,29.92,30.06,,,,,,,
"Jul 28, 9:50 am",68,59,73,W,6G20,9,,OVC020,,29.92,30.06,,,,,,,
"Jul 28, 9:45 am",68,57,68,N,0,9,,OVC020,,29.92,30.06,,,,,,,
"Jul 28, 9:40 am",68,57,68,S,3,10,,OVC020,,29.92,30.06,,,,,,,
"Jul 28, 9:35 am",68,57,68,S,6,10,,OVC020,,29.92,30.06,,,,,,,
"Jul 28, 9:30 am",68,57,68,ESE,3,10,,OVC020,,29.92,30.06,,,,,,,
"Jul 28, 9:25 am",68,57,68,ENE,3,10,,OVC020,,29.92,30.06,,,,,,,
"Jul 28, 9:20 am",68,57,68,N,0,10,,OVC020,,29.92,30.06,,,,,,,
"Jul 28, 9:15 am",66,57,73,E,5,9,,OVC019,,29.92,30.06,,,,,,,
"Jul 28, 9:10 am",66,57,73,N,0,9,,OVC019,,29.92,30.06,,,,,,,
"Jul 28, 9:05 am",66,57,73,N,0,9,,OVC019,,29.92,30.06,,,,,,,
"Jul 28, 9:00 am",66,57,73,SE,3,9,,OVC019,,29.92,30.06,,,,,,,
"Jul 28, 8:55 am",66,57,73,ESE,6,9,,OVC019,,29.92,30.06,,,,,,,
"Jul 28, 8:53 am",67,58,73,,3,8,,OVC018,1017.6,29.92,30.06,,,,,,,
"Jul 28, 8:50 am",66,57,73,N,0,9,,OVC018,,29.92,30.06,,,,,,,
"Jul 28, 8:45 am",66,57,73,N,0,9,,OVC018,,29.92,30.06,,,,,,,
"Jul 28, 8:40 am",66,57,73,SE,6,8,,OVC018,,29.92,30.06,,,,,,,
"Jul 28, 8:35 am",66,57,73,N,0,8,,OVC018,,29.91,30.05,,,,,,,
"Jul 28, 8:30 am",66,57,73,N,0,8,,OVC017,,29.91,30.05,,,,,,,
"Jul 28, 8:25 am",66,57,73,E,3,8,,OVC017,,29.92,30.06,,,,,,,
"Jul 28, 8:20 am",66,57,73,SE,5,8,,OVC017,,29.91,30.05,,,,,,,
"Jul 28, 8:15 am",66,57,73,SSE,5,8,,OVC017,,29.91,30.05,,,,,,,
"Jul 28, 8:10 am",66,57,73,N,0,8,,OVC017,,29.91,30.05,,,,,,,
"Jul 28, 8:05 am",66,57,73,SE,3,8,,OVC017,,29.91,30.05,,,,,,,
"Jul 28, 8:00 am",64,57,77,N,0,9,,OVC017,,29.91,30.05,,,,,,,
"Jul 28, 7:55 am",64,57,77,ESE,5,9,,OVC016,,29.91,30.05,,,,,,,
"Jul 28, 7:53 am",65,58,78,,3,8,,OVC016,1017.3,29.91,30.05,,,,,,,
"Jul 28, 7:50 am",64,57,77,ENE,3,8,,OVC016,,29.91,30.05,,,,,,,
"Jul 28, 7:45 am",64,57,77,N,0,8,,OVC016,,29.91,30.05,,,,,,,
"Jul 28, 7:40 am",64,57,77,E,5,8,,OVC016,,29.91,30.05,,,,,,,
"Jul 28, 7:35 am",64,57,77,ESE,3,8,,OVC015,,29.91,30.05,,,,,,,
"Jul 28, 7:30 am",64,57,77,ESE,3,8,,OVC015,,29.91,30.05,,,,,,,
"Jul 28, 7:25 am",64,57,77,ESE,3,8,,OVC015,,29.91,30.05,,,,,,,
"Jul 28, 7:20 am",64,57,77,E,6,8,,OVC015,,29.91,30.05,,,,,,,
"Jul 28, 7:15 am",64,57,77,E,6,8,,OVC015,,29.91,30.05,,,,,,,
"Jul 28, 7:11 am",65,58,78,SE,6,8,,OVC015,,29.91,30.05,,,,,,,
"Jul 28, 7:10 am",64,57,77,SE,6,8,,OVC015,,29.91,30.05,,,,,,,
"Jul 28, 7:05 am",64,57,77,E,3,9,,OVC014,,29.9,30.04,,,,,,,
"Jul 28, 7:00 am",64,57,77,ESE,3,10,,OVC014,,29.9,30.04,,,,,,,
"Jul 28, 6:55 am",64,57,77,N,0,10,,OVC014,,29.9,30.04,,,,,,,
"Jul 28, 6:53 am",64,58,81,N,0,8,,OVC014,1017,29.9,30.04,,,,,,,
"Jul 28, 6:50 am",64,57,77,E,3,8,,OVC014,,29.9,30.04,,,,,,,
"Jul 28, 6:45 am",64,57,77,E,3,10,,OVC014,,29.9,30.04,,,,,,,
"Jul 28, 6:40 am",64,57,77,ESE,5,10,,OVC014,,29.9,30.04,,,,,,,
"Jul 28, 6:35 am",64,57,77,E,5,10,,OVC014,,29.89,30.03,,,,,,,
"Jul 28, 6:30 am",64,57,77,E,6,10,,OVC013,,29.89,30.03,,,,,,,
"Jul 28, 6:25 am",64,57,77,E,3,10,,OVC013,,29.89,30.03,,,,,,,
"Jul 28, 6:20 am",64,57,77,E,5,10,,OVC013,,29.89,30.03,,,,,,,
"Jul 28, 6:15 am",64,57,77,ESE,6,10,,OVC013,,29.89,30.03,,,,,,,
"Jul 28, 6:10 am",64,57,77,E,7,10,,OVC013,,29.89,30.03,,,,,,,
"Jul 28, 6:05 am",64,57,77,ESE,6,10,,OVC013,,29.89,30.03,,,,,,,
"Jul 28, 6:00 am",64,57,77,E,6,10,,OVC013,,29.88,30.02,,,,,,,
"Jul 28, 5:55 am",64,57,77,E,6,10,,OVC013,,29.88,30.02,,,,,,,
"Jul 28, 5:53 am",64,58,81,E,7,9,,OVC012,1016.4,29.88,30.02,,,,,,,
"Jul 28, 5:50 am",64,57,77,E,6,10,,OVC012,,29.88,30.02,,,,,,,
"Jul 28, 5:45 am",64,57,77,ENE,6,10,,OVC012,,29.88,30.02,,,,,,,
"Jul 28, 5:40 am",64,57,77,E,6,10,,OVC012,,29.88,30.02,,,,,,,
"Jul 28, 5:35 am",64,57,77,ENE,7,10,,OVC012,,29.87,30.01,,,,,,,
"Jul 28, 5:30 am",64,57,77,NE,7,10,,OVC012,,29.87,30.01,,,,,,,
"Jul 28, 5:25 am",64,57,77,ENE,7,10,,OVC012,,29.87,30.01,,,,,,,
"Jul 28, 5:20 am",64,57,77,ENE,6,10,,OVC012,,29.87,30.01,,,,,,,
"Jul 28, 5:15 am",64,57,77,NE,5,10,,OVC012,,29.87,30.01,,,,,,,
"Jul 28, 5:10 am",64,59,83,NE,5,10,,OVC012,,29.87,30.01,,,,,,,
"Jul 28, 5:05 am",63,59,88,NE,6,10,,OVC012,,29.87,30.01,,,,,,,
"Jul 28, 5:00 am",63,59,88,NNE,3,10,,OVC012,,29.87,30.01,,,,,,,
"Jul 28, 4:55 am",63,59,88,NNE,3,10,,OVC012,,29.87,30.01,,,,,,,
"Jul 28, 4:53 am",63,59,87,N,3,10,,OVC011,1015.9,29.87,30.01,,,,64,63,,
"Jul 28, 4:50 am",63,59,88,N,3,10,,OVC011,,29.87,30.01,,,,,,,
"Jul 28, 4:45 am",63,59,88,N,3,10,,OVC011,,29.87,30.01,,,,,,,
"Jul 28, 4:40 am",63,59,88,N,3,10,,OVC011,,29.87,30.01,,,,,,,
"Jul 28, 4:35 am",63,59,88,NNE,3,10,,OVC011,,29.87,30.01,,,,,,,
"Jul 28, 4:30 am",63,59,88,NW,3,10,,OVC011,,29.87,30.01,,,,,,,
"Jul 28, 4:25 am",63,59,88,NNW,3,10,,OVC011,,29.87,30.01,,,,,,,
"Jul 28, 4:20 am",63,59,88,N,3,10,,OVC011,,29.87,30.01,,,,,,,
"Jul 28, 4:15 am",63,59,88,N,3,10,,OVC011,,29.87,30.01,,,,,,,
"Jul 28, 4:10 am",63,59,88,N,0,10,,OVC011,,29.87,30.01,,,,,,,
"Jul 28, 4:05 am",63,59,88,NNW,3,10,,OVC011,,29.87,30.01,,,,,,,
"Jul 28, 4:00 am",63,59,88,N,0,10,,OVC011,,29.87,30.01,,,,,,,
"Jul 28, 3:55 am",63,59,88,W,3,10,,OVC010,,29.87,30.01,,,,,,,
"Jul 28, 3:53 am",63,59,87,W,3,10,,BKN010,1015.9,29.87,30.01,,,,,,,
"Jul 28, 3:50 am",63,59,88,WNW,5,10,,BKN010,,29.87,30.01,,,,,,,
"Jul 28, 3:45 am",63,59,88,W,5,10,,OVC011,,29.87,30.01,,,,,,,
"Jul 28, 3:40 am",63,59,88,WNW,5,10,,OVC011,,29.87,30.01,,,,,,,
"Jul 28, 3:35 am",63,59,88,W,5,10,,OVC011,,29.87,30.01,,,,,,,
"Jul 28, 3:30 am",63,59,88,WSW,5,10,,OVC012,,29.86,30,,,,,,,
"Jul 28, 3:25 am",63,59,88,W,5,10,,OVC012,,29.86,30,,,,,,,
"Jul 28, 3:20 am",63,59,88,W,5,10,,OVC012,,29.87,30.01,,,,,,,
"Jul 28, 3:15 am",63,59,88,WSW,5,10,,OVC012,,29.87,30.01,,,,,,,
"Jul 28, 3:10 am",63,59,88,WSW,5,10,,OVC012,,29.87,30.01,,,,,,,
"Jul 28, 3:05 am",63,59,88,W,6,10,,OVC012,,29.87,30.01,,,,,,,
"Jul 28, 3:00 am",63,59,88,W,5,10,,OVC011,,29.87,30.01,,,,,,,
"Jul 28, 2:55 am",63,59,88,W,5,10,,OVC011,,29.87,30.01,,,,,,,
"Jul 28, 2:53 am",63,59,87,W,6,10,,BKN011,1015.9,29.87,30.01,,,,,,,
"Jul 28, 2:50 am",63,59,88,W,6,10,,BKN011,,29.87,30.01,,,,,,,
"Jul 28, 2:48 am",63,59,88,W,6,10,,BKN011,,29.87,30.01,,,,,,,
"Jul 28, 2:45 am",63,59,88,W,6,10,,SCT022,,29.87,30.01,,,,,,,
"Jul 28, 2:40 am",63,59,88,W,7,10,,SCT022,,29.87,30.01,,,,,,,
"Jul 28, 2:35 am",63,59,88,W,7,10,,SCT022,,29.87,30.01,,,,,,,
"Jul 28, 2:30 am",63,59,88,W,7,10,,SCT022,,29.87,30.01,,,,,,,
"Jul 28, 2:25 am",63,59,88,WSW,7,10,,SCT022,,29.87,30.01,,,,,,,
"Jul 28, 2:20 am",63,59,88,WSW,5,10,,SCT022,,29.87,30.01,,,,,,,
"Jul 28, 2:15 am",63,59,88,WSW,6,10,,SCT022,,29.87,30.01,,,,,,,
"Jul 28, 2:10 am",63,59,88,WSW,7,10,,BKN012,,29.87,30.01,,,,,,,
"Jul 28, 2:05 am",63,59,88,WSW,6,10,,SCT012,,29.88,30.02,,,,,,,
"Jul 28, 2:00 am",63,59,88,WSW,7,10,,FEW014,,29.88,30.02,,,,,,,
"Jul 28, 1:55 am",63,57,83,W,7,10,,CLR,,29.88,30.02,,,,,,,
"Jul 28, 1:53 am",63,58,84,W,6,10,,FEW012,1016.2,29.88,30.02,,,,,,,
"Jul 28, 1:50 am",63,57,83,WSW,7,10,,FEW012,,29.88,30.02,,,,,,,
"Jul 28, 1:45 am",63,57,83,WSW,7,10,,FEW012,,29.88,30.02,,,,,,,
"Jul 28, 1:40 am",63,57,83,WSW,6,10,,FEW012,,29.88,30.02,,,,,,,
"Jul 28, 1:35 am",63,57,83,WSW,7,10,,FEW012,,29.88,30.02,,,,,,,
"Jul 28, 1:30 am",63,57,83,WSW,6,10,,FEW012,,29.88,30.02,,,,,,,
"Jul 28, 1:25 am",63,57,83,WSW,7,10,,FEW012,,29.88,30.02,,,,,,,
"Jul 28, 1:20 am",64,57,77,WSW,7,10,,FEW012,,29.88,30.02,,,,,,,
"Jul 28, 1:15 am",64,59,83,SSW,5,10,,FEW012,,29.88,30.02,,,,,,,
"Jul 28, 1:10 am",64,59,83,S,5,10,,FEW012,,29.88,30.02,,,,,,,
"Jul 28, 1:05 am",64,59,83,S,6,10,,FEW012,,29.88,30.02,,,,,,,
"Jul 28, 1:00 am",64,61,88,S,5,10,,FEW012,,29.88,30.02,,,,,,,
"Jul 28, 12:55 am",64,61,88,S,6,10,,FEW012,,29.88,30.02,,,,,,,
"Jul 28, 12:53 am",64,60,87,S,5,10,,FEW012,1016.2,29.88,30.02,,,,,,72,62
"Jul 28, 12:50 am",64,59,83,S,5,10,,FEW012,,29.88,30.02,,,,,,,
"Jul 28, 12:45 am",64,59,83,SSW,5,10,,FEW012,,29.87,30.01,,,,,,,
"Jul 28, 12:40 am",64,59,83,SW,5,10,,FEW012,,29.87,30.01,,,,,,,
"Jul 28, 12:35 am",64,59,83,SW,6,10,,FEW012,,29.87,30.01,,,,,,,
"Jul 28, 12:30 am",64,61,88,N,0,10,,FEW012,,29.87,30.01,,,,,,,
"Jul 28, 12:25 am",64,61,88,SSW,6,10,,FEW012,,29.87,30.01,,,,,,,
"Jul 28, 12:20 am",64,61,88,SSW,6,10,,FEW012,,29.87,30.01,,,,,,,
"Jul 28, 12:15 am",64,61,88,SW,6,10,,FEW012,,29.87,30.01,,,,,,,
"Jul 28, 12:10 am",64,61,88,WSW,6,10,,FEW012,,29.87,30.01,,,,,,,
"Jul 28, 12:05 am",64,61,88,WSW,6,10,,FEW012,,29.87,30.01,,,,,,,
"Jul 28, 12:00 am",64,61,88,WSW,7,10,,FEW012,,29.87,30.01,,,,,,,
"Jul 27, 11:55 pm",64,61,88,WSW,7,10,,CLR,,29.87,30.01,,,,,,,
"Jul 27, 11:53 pm",64,60,87,WSW,7,10,,FEW012,1016.1,29.87,30.01,,,,,,,
"Jul 27, 11:50 pm",64,61,88,SW,7,10,,FEW012,,29.87,30.01,,,,,,,
"Jul 27, 11:45 pm",64,61,88,WSW,8,10,,FEW012,,29.87,30.01,,,,,,,
"Jul 27, 11:40 pm",64,61,88,WSW,7,10,,FEW012,,29.87,30.01,,,,,,,
"Jul 27, 11:35 pm",64,61,88,WSW,8,10,,FEW012,,29.87,30.01,,,,,,,
"Jul 27, 11:30 pm",64,61,88,WSW,8,10,,FEW012,,29.87,30.01,,,,,,,
"Jul 27, 11:25 pm",64,61,88,WSW,7,10,,FEW012,,29.87,30.01,,,,,,,
"Jul 27, 11:20 pm",63,61,94,WSW,8,10,,FEW012,,29.87,30.01,,,,,,,
"Jul 27, 11:15 pm",64,61,88,WSW,8,10,,FEW012,,29.87,30.01,,,,,,,
"Jul 27, 11:10 pm",63,61,94,WSW,8,10,,FEW012,,29.87,30.01,,,,,,,
"Jul 27, 11:05 pm",64,61,88,WSW,9,10,,FEW012,,29.87,30.01,,,,,,,
"Jul 27, 11:00 pm",63,61,94,SW,8,10,,FEW012,,29.86,30,,,,,,,
"Jul 27, 10:55 pm",63,61,94,WSW,9,10,,FEW012,,29.86,30,,,,,,,
"Jul 27, 10:53 pm",63,60,90,SW,10,10,,FEW012,1015.7,29.86,30,,,,70,63,,
"Jul 27, 10:50 pm",63,61,94,WSW,8,10,,FEW012,,29.86,30,,,,,,,
"Jul 27, 10:45 pm",63,61,94,WSW,8,10,,FEW012,,29.86,30,,,,,,,
"Jul 27, 10:40 pm",63,61,94,WSW,8,10,,FEW012,,29.86,30,,,,,,,
"Jul 27, 10:35 pm",64,61,88,W,8,10,,FEW012,,29.86,30,,,,,,,
"Jul 27, 10:30 pm",63,61,94,WSW,8,10,,CLR,,29.86,30,,,,,,,
"Jul 27, 10:25 pm",64,61,88,WSW,7,10,,CLR,,29.86,30,,,,,,,
"Jul 27, 10:20 pm",63,61,94,WSW,6,10,,CLR,,29.87,30.01,,,,,,,
"Jul 27, 10:15 pm",63,61,94,WSW,7,10,,CLR,,29.87,30.01,,,,,,,
"Jul 27, 10:10 pm",64,59,83,SW,8,10,,CLR,,29.86,30,,,,,,,
"Jul 27, 10:05 pm",64,59,83,SW,8,10,,CLR,,29.86,30,,,,,,,
"Jul 27, 10:00 pm",64,59,83,WSW,9,10,,CLR,,29.86,30,,,,,,,
"Jul 27, 9:55 pm",64,59,83,W,8,10,,CLR,,29.86,30,,,,,,,
"Jul 27, 9:53 pm",64,58,81,WSW,9,10,,FEW012,1015.7,29.86,30,,,,,,,
"Jul 27, 9:50 pm",64,57,77,WSW,8,10,,FEW012,,29.86,30,,,,,,,
"Jul 27, 9:45 pm",64,57,77,W,10,10,,CLR,,29.86,30,,,,,,,
"Jul 27, 9:40 pm",64,57,77,W,10,10,,CLR,,29.86,30,,,,,,,
"Jul 27, 9:35 pm",63,57,83,WSW,10,10,,CLR,,29.86,30,,,,,,,
"Jul 27, 9:30 pm",63,57,83,WSW,13,10,,CLR,,29.86,30,,,,,,,
"Jul 27, 9:25 pm",63,57,83,W,13,10,,CLR,,29.85,29.99,,,,,,,
"Jul 27, 9:20 pm",64,57,77,WSW,12,10,,CLR,,29.85,29.99,,,,,,,
"Jul 27, 9:15 pm",64,57,77,WSW,10,10,,CLR,,29.85,29.99,,,,,,,
"Jul 27, 9:10 pm",64,57,77,W,12,10,,CLR,,29.85,29.99,,,,,,,
"Jul 27, 9:05 pm",64,57,77,WSW,10,10,,CLR,,29.85,29.99,,,,,,,
"Jul 27, 9:00 pm",64,57,77,WSW,10,10,,CLR,,29.85,29.99,,,,,,,
"Jul 27, 8:55 pm",64,57,77,WSW,10,10,,CLR,,29.85,29.99,,,,,,,
"Jul 27, 8:53 pm",64,57,78,WSW,13,10,,FEW012,1015.2,29.85,29.99,,,,,,,
"Jul 27, 8:50 pm",64,57,77,WSW,10,10,,FEW012,,29.85,29.99,,,,,,,
"Jul 27, 8:45 pm",64,59,83,WSW,10,10,,CLR,,29.84,29.98,,,,,,,
"Jul 27, 8:40 pm",64,59,83,WSW,10,10,,CLR,,29.84,29.98,,,,,,,
"Jul 27, 8:35 pm",64,59,83,WSW,12,10,,CLR,,29.84,29.98,,,,,,,
"Jul 27, 8:30 pm",64,59,83,W,13,10,,CLR,,29.84,29.98,,,,,,,
"Jul 27, 8:25 pm",64,59,83,WSW,14,10,,CLR,,29.83,29.97,,,,,,,
"Jul 27, 8:20 pm",64,57,77,WSW,13,10,,CLR,,29.83,29.97,,,,,,,
"Jul 27, 8:15 pm",64,57,77,W,13,10,,CLR,,29.83,29.97,,,,,,,
"Jul 27, 8:10 pm",64,57,77,WSW,13,10,,CLR,,29.83,29.97,,,,,,,
"Jul 27, 8:05 pm",64,57,77,W,14,10,,CLR,,29.83,29.97,,,,,,,
"Jul 27, 8:00 pm",64,59,83,W,13,10,,CLR,,29.83,29.97,,,,,,,
"Jul 27, 7:55 pm",64,59,83,W,14,10,,FEW011,,29.83,29.97,,,,,,,
"Jul 27, 7:53 pm",65,59,81,W,13,10,,FEW008 FEW011 SCT250,1014.6,29.83,29.97,,,,,,,
"Jul 27, 7:50 pm",64,59,83,W,13,10,,FEW008 FEW011,,29.83,29.97,,,,,,,
"Jul 27, 7:45 pm",64,59,83,WSW,13G18,10,,FEW011,,29.83,29.97,,,,,,,
"Jul 27, 7:40 pm",64,59,83,W,13,10,,FEW010,,29.83,29.97,,,,,,,
"Jul 27, 7:35 pm",64,59,83,WSW,15,10,,SCT011,,29.82,29.96,,,,,,,
"Jul 27, 7:30 pm",64,59,83,W,15,10,,SCT011,,29.82,29.96,,,,,,,
"Jul 27, 7:25 pm",64,59,83,W,15,10,,SCT010,,29.82,29.96,,,,,,,
"Jul 27, 7:20 pm",64,59,83,W,15,10,,FEW010,,29.82,29.96,,,,,,,
"Jul 27, 7:15 pm",64,59,83,WSW,15,10,,FEW011,,29.82,29.96,,,,,,,
"Jul 27, 7:10 pm",66,59,78,WSW,16,10,,FEW011,,29.82,29.96,,,,,,,
"Jul 27, 7:05 pm",66,59,78,WSW,16,10,,FEW011,,29.83,29.97,,,,,,,
"Jul 27, 7:00 pm",66,59,78,W,16,10,,FEW012,,29.82,29.96,,,,,,,
"Jul 27, 6:55 pm",66,59,78,W,15,10,,CLR,,29.82,29.96,,,,,,,
"Jul 27, 6:53 pm",67,59,76,W,16,10,,FEW013,1014.4,29.82,29.96,,,,,,,
"Jul 27, 6:50 pm",66,59,78,W,14G20,10,,FEW013,,29.82,29.96,,,,,,,
"Jul 27, 6:45 pm",66,59,78,,,10,,FEW013,,29.82,29.96,,,,,,,
"Jul 27, 6:40 pm",66,59,78,W,14,10,,CLR,,29.82,29.96,,,,,,,
"Jul 27, 6:35 pm",66,59,78,WSW,14,10,,CLR,,29.82,29.96,,,,,,,
"Jul 27, 6:30 pm",66,59,78,WSW,13,10,,CLR,,29.82,29.96,,,,,,,
"Jul 27, 6:25 pm",66,57,73,W,14,10,,FEW014,,29.82,29.96,,,,,,,
"Jul 27, 6:20 pm",66,59,78,W,15,10,,FEW014,,29.82,29.96,,,,,,,
"Jul 27, 6:15 pm",68,57,68,W,15,10,,FEW014,,29.82,29.96,,,,,,,
"Jul 27, 6:10 pm",68,59,73,W,13,10,,FEW014,,29.82,29.96,,,,,,,
"Jul 27, 6:05 pm",68,59,73,W,15,10,,FEW014,,29.82,29.96,,,,,,,
"Jul 27, 6:00 pm",68,59,73,W,14,10,,FEW013,,29.82,29.96,,,,,,,
"Jul 27, 5:55 pm",68,59,73,WSW,13,10,,FEW013,,29.82,29.96,,,,,,,
"Jul 27, 5:53 pm",68,59,73,W,14,10,,FEW013,1014.4,29.82,29.96,,,,,,,
"Jul 27, 5:50 pm",68,59,73,W,14,10,,FEW013,,29.82,29.96,,,,,,,
"Jul 27, 5:45 pm",68,59,73,W,13,10,,FEW013,,29.82,29.96,,,,,,,
"Jul 27, 5:40 pm",68,59,73,W,13,10,,CLR,,29.82,29.96,,,,,,,
"Jul 27, 5:35 pm",68,59,73,W,14,10,,CLR,,29.82,29.96,,,,,,,
"Jul 27, 5:30 pm",70,59,69,WSW,15,10,,CLR,,29.83,29.97,,,,,,,
"Jul 27, 5:25 pm",70,59,69,W,15,10,,CLR,,29.83,29.97,,,,,,,
"Jul 27, 5:20 pm",70,59,69,WSW,13,10,,CLR,,29.83,29.97,,,,,,,
"Jul 27, 5:15 pm",70,57,64,W,15G21,10,,CLR,,29.82,29.96,,,,,,,
"Jul 27, 5:10 pm",70,59,69,WSW,13G18,10,,CLR,,29.82,29.96,,,,,,,
"Jul 27, 5:05 pm",70,57,64,WSW,13,10,,CLR,,29.82,29.96,,,,,,,
"Jul 27, 5:00 pm",70,59,69,W,14,10,,CLR,,29.82,29.96,,,,,,,
"Jul 27, 4:55 pm",70,59,69,W,15,10,,CLR,,29.83,29.97,,,,,,,
"Jul 27, 4:53 pm",70,59,68,W,14,10,,FEW015,1014.6,29.83,29.97,,,,72,69,,
"Jul 27, 4:50 pm",70,57,64,WSW,13G18,10,,FEW015,,29.83,29.97,,,,,,,
"Jul 27, 4:45 pm",70,57,64,WSW,12,10,,CLR,,29.83,29.97,,,,,,,
"Jul 27, 4:40 pm",70,57,64,WSW,12,10,,CLR,,29.83,29.97,,,,,,,
"Jul 27, 4:35 pm",70,57,64,WSW,13,10,,CLR,,29.83,29.97,,,,,,,
"Jul 27, 4:30 pm",70,57,64,W,12,10,,CLR,,29.83,29.97,,,,,,,
"Jul 27, 4:25 pm",70,57,64,W,12,10,,CLR,,29.83,29.97,,,,,,,
"Jul 27, 4:20 pm",72,57,61,WSW,12,10,,CLR,,29.83,29.97,,,,,,,
"Jul 27, 4:15 pm",70,57,64,WSW,12,10,,CLR,,29.84,29.98,,,,,,,
"Jul 27, 4:10 pm",70,57,64,WSW,10,10,,CLR,,29.84,29.98,,,,,,,
"Jul 27, 4:05 pm",70,57,64,WSW,10G16,10,,CLR,,29.84,29.98,,,,,,,
"Jul 27, 4:00 pm",72,57,61,W,13,10,,CLR,,29.84,29.98,,,,,,,
"Jul 27, 3:55 pm",70,57,64,W,10,10,,CLR,,29.84,29.98,,,,,,,
"Jul 27, 3:53 pm",70,58,66,WSW,13,10,,FEW015,1015,29.84,29.98,,,,,,,
"Jul 27, 3:50 pm",70,57,64,WSW,10,10,,FEW015,,29.84,29.98,,,,,,,
"Jul 27, 3:45 pm",72,57,61,WSW,12,10,,CLR,,29.84,29.98,,,,,,,
"Jul 27, 3:40 pm",70,57,64,W,13,10,,CLR,,29.84,29.98,,,,,,,
"Jul 27, 3:35 pm",72,59,65,WSW,12,10,,CLR,,29.84,29.98,,,,,,,
"Jul 27, 3:30 pm",70,57,64,WSW,12,10,,CLR,,29.84,29.98,,,,,,,
"Jul 27, 3:25 pm",70,59,69,WSW,13,10,,CLR,,29.84,29.98,,,,,,,
"Jul 27, 3:20 pm",70,57,64,WSW,13,10,,CLR,,29.84,29.98,,,,,,,
"Jul 27, 3:15 pm",70,59,69,W,12,10,,CLR,,29.84,29.98,,,,,,,
"Jul 27, 3:10 pm",70,59,69,WSW,14,10,,CLR,,29.85,29.99,,,,,,,
"Jul 27, 3:05 pm",70,57,64,WSW,13G18,10,,CLR,,29.85,29.99,,,,,,,
"Jul 27, 3:00 pm",70,59,69,WSW,13G18,10,,CLR,,29.85,29.99,,,,,,,
"Jul 27, 2:55 pm",70,59,69,W,13,10,,CLR,,29.85,29.99,,,,,,,
"Jul 27, 2:53 pm",71,59,66,WSW,14,10,,FEW015,1015.4,29.85,29.99,,,,,,,
"Jul 27, 2:50 pm",72,59,65,SW,13,10,,FEW015,,29.85,29.99,,,,,,,
"Jul 27, 2:45 pm",72,59,65,WSW,14,10,,CLR,,29.85,29.99,,,,,,,
"Jul 27, 2:40 pm",72,59,65,WSW,15,10,,CLR,,29.85,29.99,,,,,,,
"Jul 27, 2:35 pm",72,59,65,W,15,10,,CLR,,29.85,29.99,,,,,,,
"Jul 27, 2:30 pm",70,57,64,WSW,13,10,,CLR,,29.85,29.99,,,,,,,
"Jul 27, 2:25 pm",72,57,61,W,15,10,,CLR,,29.85,29.99,,,,,,,
"Jul 27, 2:20 pm",72,57,61,W,15,10,,CLR,,29.85,29.99,,,,,,,
"Jul 27, 2:15 pm",72,57,61,W,15,10,,CLR,,29.85,29.99,,,,,,,
"Jul 27, 2:10 pm",70,57,64,WSW,15,10,,CLR,,29.85,29.99,,,,,,,
"Jul 27, 2:05 pm",72,57,61,W,15G21,10,,CLR,,29.85,29.99,,,,,,,
"Jul 27, 2:00 pm",72,57,61,WSW,14,10,,CLR,,29.85,29.99,,,,,,,
"Jul 27, 1:55 pm",72,57,61,WSW,14,10,,CLR,,29.85,29.99,,,,,,,
"Jul 27, 1:53 pm",71,58,63,WSW,15,10,,FEW011 FEW016,1015.5,29.85,29.99,,,,,,,
"Jul 27, 1:50 pm",72,57,61,W,15,10,,FEW011 SCT016,,29.85,29.99,,,,,,,
"Jul 27, 1:45 pm",72,57,61,WSW,14G20,10,,FEW011 SCT016,,29.85,29.99,,,,,,,
"Jul 27, 1:40 pm",72,57,61,WSW,13,10,,FEW011 SCT016,,29.85,29.99,,,,,,,
"Jul 27, 1:35 pm",70,57,64,W,16,10,,FEW011 SCT016,,29.85,29.99,,,,,,,
"Jul 27, 1:30 pm",72,57,61,WSW,16,10,,FEW011 SCT016,,29.85,29.99,,,,,,,
"Jul 27, 1:25 pm",72,59,65,WSW,14G20,10,,FEW011 SCT017,,29.85,29.99,,,,,,,
"Jul 27, 1:20 pm",72,57,61,WSW,15,10,,FEW011 SCT017,,29.86,30,,,,,,,
"Jul 27, 1:15 pm",72,57,61,W,15,10,,FEW011 SCT017,,29.86,30,,,,,,,
"Jul 27, 1:10 pm",72,59,65,W,16,10,,CLR,,29.86,30,,,,,,,
"Jul 27, 1:05 pm",72,59,65,WSW,12G21,10,,FEW018,,29.86,30,,,,,,,
"Jul 27, 1:00 pm",72,59,65,WSW,14,10,,CLR,,29.86,30,,,,,,,
"Jul 27, 12:55 pm",72,59,65,WSW,14G21,10,,CLR,,29.86,30,,,,,,,
"Jul 27, 12:53 pm",71,59,66,W,12,10,,FEW011 SCT017,1015.6,29.86,30,,,,,,,
"Jul 27, 12:50 pm",72,59,65,WSW,13,10,,FEW012 FEW017,,29.86,30,,,,,,,
"Jul 27, 12:45 pm",72,59,65,WSW,10,10,,FEW012 FEW017,,29.86,30,,,,,,,
"Jul 27, 12:40 pm",72,57,61,WSW,13,10,,FEW012 FEW017,,29.86,30,,,,,,,
"Jul 27, 12:35 pm",72,57,61,SW,12,10,,FEW012 FEW017,,29.86,30,,,,,,,
"Jul 27, 12:30 pm",72,57,61,SW,13,10,,FEW012 FEW017,,29.86,30,,,,,,,
"Jul 27, 12:25 pm",72,57,61,WSW,14,10,,CLR,,29.86,30,,,,,,,
"Jul 27, 12:20 pm",72,57,61,WSW,13G20,10,,CLR,,29.86,30,,,,,,,
"Jul 27, 12:15 pm",72,57,61,W,14,10,,CLR,,29.86,30,,,,,,,
"Jul 27, 12:10 pm",72,57,61,WSW,13,10,,CLR,,29.86,30,,,,,,,
"Jul 27, 12:05 pm",72,57,61,WSW,13,10,,CLR,,29.87,30.01,,,,,,,
"Jul 27, 12:00 pm",72,57,61,WSW,14,10,,CLR,,29.87,30.01,,,,,,,
"Jul 27, 11:55 am",72,57,61,WSW,13,10,,CLR,,29.87,30.01,,,,,,,
"Jul 27, 11:53 am",71,58,63,WSW,13,10,,FEW012 FEW017,1015.9,29.87,30.01,,,,,,,
"Jul 27, 11:50 am",72,57,61,WSW,12,10,,FEW013 FEW019,,29.86,30,,,,,,,
"Jul 27, 11:45 am",72,57,61,SW,12,10,,FEW013 FEW019,,29.86,30,,,,,,,
"Jul 27, 11:40 am",72,59,65,W,10,10,,FEW013 FEW019,,29.86,30,,,,,,,
"Jul 27, 11:35 am",70,59,69,WSW,12,10,,FEW013 FEW019,,29.87,30.01,,,,,,,
"Jul 27, 11:30 am",72,59,65,W,10,10,,FEW013 FEW019,,29.86,30,,,,,,,
"Jul 27, 11:25 am",72,59,65,WSW,10,10,,FEW013 FEW019,,29.86,30,,,,,,,
"Jul 27, 11:20 am",72,59,65,WSW,8,10,,FEW013 FEW019,,29.86,30,,,,,,,
"Jul 27, 11:15 am",72,59,65,SW,7,10,,FEW013 FEW019,,29.86,30,,,,,,,
"Jul 27, 11:10 am",72,59,65,W,10,10,,FEW013 FEW019,,29.86,30,,,,,,,
"Jul 27, 11:05 am",72,57,61,W,9,10,,FEW013 FEW019,,29.86,30,,,,,,,
"Jul 27, 11:00 am",72,57,61,WSW,7,10,,FEW013 FEW019,,29.86,30,,,,,,,
"Jul 27, 10:55 am",70,59,69,WSW,9,10,,FEW013 FEW019,,29.86,30,,,,,,,
"Jul 27, 10:53 am",70,59,68,W,8,10,,FEW013 FEW018,1015.7,29.86,30,,,,71,62,,
"Jul 27, 10:50 am",70,59,69,W,10,10,,SCT019,,29.86,30,,,,,,,
"Jul 27, 10:45 am",70,57,64,W,6,10,,SCT019,,29.86,30,,,,,,,
"Jul 27, 10:40 am",72,59,65,SW,8,10,,SCT019,,29.86,30,,,,,,,
"Jul 27, 10:35 am",70,57,64,WSW,9,10,,SCT019,,29.86,30,,,,,,,
"Jul 27, 10:30 am",72,59,65,SW,9,10,,SCT019,,29.86,30,,,,,,,
"Jul 27, 10:25 am",70,57,64,W,8,10,,SCT019,,29.86,30,,,,,,,
"Jul 27, 10:20 am",70,57,64,WSW,9,10,,SCT019,,29.86,30,,,,,,,
"Jul 27, 10:15 am",70,57,64,WSW,12,10,,SCT019,,29.86,30,,,,,,,
"Jul 27, 10:10 am",70,57,64,WSW,9,10,,SCT019,,29.86,30,,,,,,,
"Jul 27, 10:05 am",70,57,64,SW,7,10,,SCT019,,29.86,30,,,,,,,
"Jul 27, 10:00 am",70,57,64,WSW,6G20,10,,BKN018,,29.86,30,,,,,,,
"Jul 27, 9:55 am",68,57,68,,,10,,BKN018,,29.86,30,,,,,,,
"Jul 27, 9:53 am",68,58,70,WSW,5,10,,BKN018,1015.8,29.86,30,,,,,,,
"Jul 27, 9:50 am",68,57,68,N,0,10,,BKN018,,29.86,30,,,,,,,
"Jul 27, 9:45 am",70,57,64,N,0,10,,BKN018,,29.86,30,,,,,,,
"Jul 27, 9:40 am",68,57,68,N,0,10,,BKN017,,29.86,30,,,,,,,
"Jul 27, 9:35 am",68,57,68,N,0,10,,BKN017,,29.86,30,,,,,,,
"Jul 27, 9:30 am",66,57,73,N,0,10,,OVC017,,29.86,30,,,,,,,
"Jul 27, 9:25 am",68,57,68,ESE,6,10,,OVC017,,29.86,30,,,,,,,
"Jul 27, 9:20 am",68,57,68,N,0,10,,OVC017,,29.86,30,,,,,,,
"Jul 27, 9:15 am",66,57,73,N,0,10,,OVC017,,29.87,30.01,,,,,,,
"Jul 27, 9:10 am",66,57,73,E,5,10,,OVC016,,29.87,30.01,,,,,,,
"Jul 27, 9:05 am",66,57,73,N,0,10,,OVC016,,29.87,30.01,,,,,,,
"Jul 27, 9:00 am",66,57,73,N,0,10,,OVC016,,29.87,30.01,,,,,,,
"Jul 27, 8:55 am",66,57,73,NNW,6,10,,OVC016,,29.86,30,,,,,,,
"Jul 27, 8:53 am",66,58,75,,5,10,,OVC016,1015.9,29.87,30.01,,,,,,,
"Jul 27, 8:50 am",66,57,73,N,3,10,,OVC016,,29.87,30.01,,,,,,,
"Jul 27, 8:45 am",66,57,73,N,0,10,,FEW009 OVC015,,29.87,30.01,,,,,,,
"Jul 27, 8:40 am",66,57,73,,,10,,FEW009 OVC015,,29.87,30.01,,,,,,,
"Jul 27, 8:35 am",66,57,73,NNE,5,10,,FEW009 OVC015,,29.87,30.01,,,,,,,
"Jul 27, 8:30 am",66,57,73,N,0,10,,FEW009 OVC015,,29.87,30.01,,,,,,,
"Jul 27, 8:25 am",66,57,73,N,0,10,,FEW009 OVC015,,29.87,30.01,,,,,,,
"Jul 27, 8:21 am",66,58,75,E,5,10,,FEW009 OVC015,,29.87,30.01,,,,,,,
"Jul 27, 8:20 am",66,57,73,E,5,10,,FEW009 OVC015,,29.87,30.01,,,,,,,
"Jul 27, 8:15 am",64,57,77,ESE,5,10,,FEW009 OVC014,,29.87,30.01,,,,,,,
"Jul 27, 8:10 am",66,57,73,ESE,3,10,,FEW009 OVC014,,29.86,30,,,,,,,
"Jul 27, 8:05 am",64,57,77,E,5,10,,FEW009 OVC014,,29.86,30,,,,,,,
"Jul 27, 8:00 am",64,57,77,E,6,10,,FEW009 OVC014,,29.86,30,,,,,,,
"Jul 27, 7:55 am",64,57,77,ESE,6,10,,FEW009 OVC014,,29.86,30,,,,,,,
"Jul 27, 7:53 am",65,58,78,,6,10,,FEW009 OVC014,1015.8,29.86,30,,,,,,,
"Jul 27, 7:50 am",64,57,77,N,0,10,,FEW009 OVC014,,29.86,30,,,,,,,
"Jul 27, 7:45 am",64,57,77,SSE,5,10,,FEW009 OVC014,,29.86,30,,,,,,,
"Jul 27, 7:40 am",64,57,77,SE,6,10,,FEW009 OVC014,,29.86,30,,,,,,,
"Jul 27, 7:35 am",64,57,77,E,3,10,,FEW009 OVC014,,29.86,30,,,,,,,
"Jul 27, 7:30 am",64,57,77,N,0,10,,FEW009 OVC014,,29.86,30,,,,,,,
"Jul 27, 7:25 am",64,59,83,N,0,10,,FEW009 OVC014,,29.86,30,,,,,,,
"Jul 27, 7:20 am",64,57,77,N,0,10,,FEW009 OVC014,,29.86,30,,,,,,,
"Jul 27, 7:15 am",64,57,77,N,0,9,,FEW009 OVC014,,29.86,30,,,,,,,
"Jul 27, 7:10 am",64,57,77,N,0,9,,FEW010 OVC015,,29.86,30,,,,,,,
"Jul 27, 7:05 am",64,57,77,N,0,10,,FEW010 OVC015,,29.86,30,,,,,,,
"Jul 27, 7:00 am",64,57,77,E,3,10,,FEW010 OVC015,,29.86,30,,,,,,,
"Jul 27, 6:55 am",64,57,77,N,3,10,,FEW010 OVC015,,29.85,29.99,,,,,,,
"Jul 27, 6:53 am",64,58,81,,5,10,,FEW010 OVC015,1015.5,29.85,29.99,,,,,,,
"Jul 27, 6:50 am",64,57,77,NNW,3,10,,FEW010 OVC015,,29.85,29.99,,,,,,,
"Jul 27, 6:45 am",64,57,77,NNW,5,10,,FEW010 OVC015,,29.85,29.99,,,,,,,
"Jul 27, 6:40 am",64,57,77,NW,7,10,,FEW010 OVC015,,29.85,29.99,,,,,,,
"Jul 27, 6:35 am",64,57,77,N,3,10,,FEW010 OVC015,,29.85,29.99,,,,,,,
"Jul 27, 6:30 am",64,57,77,N,3,10,,FEW010 OVC015,,29.85,29.99,,,,,,,
"Jul 27, 6:25 am",63,57,83,N,3,10,,FEW010 OVC015,,29.85,29.99,,,,,,,
"Jul 27, 6:20 am",64,57,77,N,5,10,,FEW010 OVC015,,29.85,29.99,,,,,,,
"Jul 27, 6:15 am",64,57,77,N,5,10,,FEW010 OVC015,,29.85,29.99,,,,,,,
"Jul 27, 6:10 am",64,57,77,N,3,10,,FEW010 OVC015,,29.85,29.99,,,,,,,
"Jul 27, 6:05 am",63,57,83,N,3,10,,FEW010 OVC016,,29.85,29.99,,,,,,,
"Jul 27, 6:00 am",63,57,83,N,3,10,,FEW010 OVC016,,29.85,29.99,,,,,,,
"Jul 27, 5:55 am",63,57,83,N,5,10,,FEW010 BKN016,,29.85,29.99,,,,,,,
"Jul 27, 5:53 am",63,58,84,N,5,10,,FEW010 BKN016,1015.2,29.85,29.99,,,,,,,
"Jul 27, 5:50 am",63,57,83,N,5,10,,FEW010 BKN016,,29.85,29.99,,,,,,,
"Jul 27, 5:45 am",63,57,83,N,3,10,,FEW010 BKN016,,29.85,29.99,,,,,,,
"Jul 27, 5:40 am",63,57,83,N,0,10,,OVC016,,29.85,29.99,,,,,,,
"Jul 27, 5:35 am",63,57,83,N,3,10,,OVC016,,29.85,29.99,,,,,,,
"Jul 27, 5:30 am",63,57,83,N,3,10,,OVC016,,29.85,29.99,,,,,,,
"Jul 27, 5:25 am",63,57,83,N,3,10,,OVC016,,29.85,29.99,,,,,,,
"Jul 27, 5:20 am",63,57,83,N,0,10,,OVC016,,29.85,29.99,,,,,,,
"Jul 27, 5:15 am",63,57,83,N,0,10,,BKN017,,29.85,29.99,,,,,,,
"Jul 27, 5:10 am",63,57,83,N,0,10,,BKN017,,29.85,29.99,,,,,,,
"Jul 27, 5:05 am",63,57,83,ENE,3,10,,BKN017,,29.85,29.99,,,,,,,
"Jul 27, 5:02 am",62,58,86,E,3,10,,BKN017,,29.84,29.98,,,,,,,
"Jul 27, 5:00 am",63,57,83,E,3,10,,BKN017,,29.84,29.98,,,,,,,
"Jul 27, 4:55 am",63,57,83,N,0,10,,SCT017,,29.84,29.98,,,,,,,
"Jul 27, 4:53 am",63,58,84,N,0,10,,SCT017,1015.1,29.84,29.98,,,,63,62,,
"Jul 27, 4:50 am",63,57,83,N,0,10,,SCT017,,29.84,29.98,,,,,,,
"Jul 27, 4:45 am",63,57,83,N,0,10,,SCT017,,29.85,29.99,,,,,,,
"Jul 27, 4:40 am",63,57,83,N,0,10,,SCT018,,29.84,29.98,,,,,,,
"Jul 27, 4:35 am",63,57,83,W,3,10,,SCT018,,29.84,29.98,,,,,,,
"Jul 27, 4:30 am",63,57,83,WSW,3,10,,SCT018,,29.84,29.98,,,,,,,
"Jul 27, 4:25 am",63,57,83,WSW,5,10,,SCT018,,29.84,29.98,,,,,,,
"Jul 27, 4:20 am",63,57,83,W,3,10,,SCT018,,29.84,29.98,,,,,,,
"Jul 27, 4:15 am",63,57,83,W,3,10,,SCT018,,29.84,29.98,,,,,,,
"Jul 27, 4:10 am",63,57,83,WSW,3,10,,FEW018,,29.84,29.98,,,,,,,
"Jul 27, 4:05 am",63,57,83,W,3,10,,CLR,,29.84,29.98,,,,,,,
"Jul 27, 4:00 am",63,57,83,WSW,3,10,,CLR,,29.84,29.98,,,,,,,
"Jul 27, 3:55 am",63,57,83,WSW,5,10,,CLR,,29.84,29.98,,,,,,,
"Jul 27, 3:53 am",62,58,86,WSW,5,10,,CLR,1014.9,29.84,29.98,,,,,,,
"Jul 27, 3:50 am",63,57,83,WSW,5,10,,CLR,,29.84,29.98,,,,,,,
"Jul 27, 3:45 am",63,57,83,W,3,10,,CLR,,29.84,29.98,,,,,,,
"Jul 27, 3:40 am",63,57,83,WSW,5,10,,CLR,,29.84,29.98,,,,,,,
"Jul 27, 3:35 am",63,57,83,WSW,3,10,,CLR,,29.84,29.98,,,,,,,
"Jul 27, 3:30 am",63,57,83,N,0,10,,CLR,,29.84,29.98,,,,,,,
"Jul 27, 3:25 am",63,57,83,SSW,6,10,,CLR,,29.84,29.98,,,,,,,
"Jul 27, 3:20 am",63,57,83,S,7,10,,CLR,,29.84,29.98,,,,,,,
"Jul 27, 3:15 am",63,57,83,SSW,5,10,,CLR,,29.84,29.98,,,,,,,
"Jul 27, 3:10 am",63,57,83,S,6,10,,CLR,,29.84,29.98,,,,,,,
"Jul 27, 3:05 am",63,57,83,S,5,10,,CLR,,29.84,29.98,,,,,,,
"Jul 27, 3:00 am",63,57,83,S,5,10,,CLR,,29.84,29.98,,,,,,,
"Jul 27, 2:55 am",63,57,83,S,5,10,,CLR,,29.83,29.97,,,,,,,
"Jul 27, 2:53 am",62,58,86,S,5,10,,FEW010,1014.8,29.83,29.97,,,,,,,
"Jul 27, 2:50 am",63,57,83,S,5,10,,FEW010,,29.83,29.97,,,,,,,
"Jul 27, 2:45 am",63,57,83,SSW,3,10,,FEW010,,29.83,29.97,,,,,,,
"Jul 27, 2:40 am",63,57,83,S,3,10,,CLR,,29.83,29.97,,,,,,,
"Jul 27, 2:35 am",63,57,83,S,5,10,,CLR,,29.83,29.97,,,,,,,
"Jul 27, 2:30 am",63,57,83,S,5,10,,CLR,,29.83,29.97,,,,,,,
"Jul 27, 2:25 am",63,57,83,S,5,10,,CLR,,29.83,29.97,,,,,,,
"Jul 27, 2:20 am",63,59,88,S,5,10,,CLR,,29.83,29.97,,,,,,,
"Jul 27, 2:15 am",63,59,88,S,5,10,,CLR,,29.83,29.97,,,,,,,
"Jul 27, 2:10 am",63,59,88,S,3,10,,CLR,,29.83,29.97,,,,,,,
"Jul 27, 2:05 am",63,59,88,S,3,10,,CLR,,29.83,29.97,,,,,,,
"Jul 27, 2:00 am",63,59,88,N,0,10,,CLR,,29.83,29.97,,,,,,,
"Jul 27, 1:55 am",63,59,88,SSW,6,10,,CLR,,29.83,29.97,,,,,,,
"Jul 27, 1:53 am",62,59,90,SW,5,10,,FEW010,1014.7,29.83,29.97,,,,,,,
"Jul 27, 1:50 am",63,59,88,SW,6,10,,FEW010,,29.83,29.97,,,,,,,
"Jul 27, 1:45 am",63,59,88,SSW,5,10,,CLR,,29.83,29.97,,,,,,,
"Jul 27, 1:40 am",63,59,88,SSW,5,10,,CLR,,29.83,29.97,,,,,,,
"Jul 27, 1:35 am",63,59,88,SSW,6,10,,CLR,,29.83,29.97,,,,,,,
"Jul 27, 1:30 am",63,59,88,SSW,6,10,,CLR,,29.83,29.97,,,,,,,
"Jul 27, 1:25 am",63,59,88,SW,3,10,,CLR,,29.83,29.97,,,,,,,
"Jul 27, 1:20 am",63,59,88,SSW,3,10,,CLR,,29.83,29.97,,,,,,,
"Jul 27, 1:15 am",63,59,88,SW,3,10,,CLR,,29.83,29.97,,,,,,,
"Jul 27, 1:10 am",63,59,88,WSW,6,10,,CLR,,29.83,29.97,,,,,,,
"Jul 27, 1:05 am",63,59,88,SSW,5,10,,CLR,,29.83,29.97,,,,,,,
"Jul 27, 1:00 am",63,59,88,WSW,3,10,,CLR,,29.83,29.97,,,,,,,
"Jul 27, 12:55 am",63,59,88,SW,5,10,,CLR,,29.83,29.97,,,,,,,
"Jul 27, 12:53 am",63,59,87,SSW,5,10,,FEW010,1014.7,29.83,29.97,,,,,,73,62
"Jul 27, 12:50 am",63,59,88,SSW,5,10,,FEW010,,29.83,29.97,,,,,,,
"Jul 27, 12:45 am",63,59,88,S,5,10,,FEW010,,29.83,29.97,,,,,,,
"Jul 27, 12:40 am",63,59,88,SSW,5,9,,CLR,,29.83,29.97,,,,,,,
"Jul 27, 12:35 am",63,59,88,S,5,9,,CLR,,29.83,29.97,,,,,,,
"Jul 27, 12:30 am",63,59,88,SSW,7,10,,CLR,,29.83,29.97,,,,,,,
"Jul 27, 12:25 am",63,59,88,SSW,7,10,,CLR,,29.83,29.97,,,,,,,
"Jul 27, 12:20 am",63,59,88,S,6,10,,CLR,,29.83,29.97,,,,,,,
"Jul 27, 12:15 am",63,59,88,SW,3,10,,CLR,,29.83,29.97,,,,,,,
"Jul 27, 12:10 am",63,59,88,SW,3,10,,CLR,,29.83,29.97,,,,,,,
"Jul 27, 12:05 am",63,57,83,SSW,5,10,,CLR,,29.84,29.98,,,,,,,
"Jul 27, 12:00 am",63,57,83,SSW,5,10,,CLR,,29.84,29.98,,,,,,,
"Jul 26, 11:55 pm",63,59,88,SSW,6,10,,CLR,,29.84,29.98,,,,,,,
"Jul 26, 11:53 pm",63,59,87,,5,10,,FEW012,1014.8,29.84,29.98,,,,,,,
"Jul 26, 11:50 pm",63,59,88,SSW,5,10,,FEW012,,29.84,29.98,,,,,,,
"Jul 26, 11:45 pm",63,59,88,SSW,6,10,,CLR,,29.84,29.98,,,,,,,
"Jul 26, 11:40 pm",63,59,88,S,5,10,,CLR,,29.84,29.98,,,,,,,
"Jul 26, 11:35 pm",63,59,88,SW,5,10,,CLR,,29.84,29.98,,,,,,,
"Jul 26, 11:30 pm",63,59,88,SSW,6,10,,CLR,,29.84,29.98,,,,,,,
"Jul 26, 11:25 pm",63,57,83,SW,5,10,,CLR,,29.84,29.98,,,,,,,
"Jul 26, 11:20 pm",63,59,88,WSW,5,10,,CLR,,29.84,29.98,,,,,,,
"Jul 26, 11:15 pm",63,59,88,SW,5,10,,CLR,,29.84,29.98,,,,,,,
"Jul 26, 11:10 pm",63,59,88,WSW,6,10,,CLR,,29.84,29.98,,,,,,,
"Jul 26, 11:05 pm",63,59,88,SW,6,10,,CLR,,29.84,29.98,,,,,,,
"Jul 26, 11:00 pm",63,59,88,SW,7,10,,CLR,,29.84,29.98,,,,,,,
"Jul 26, 10:55 pm",63,59,88,WSW,6,10,,CLR,,29.84,29.98,,,,,,,
"Jul 26, 10:53 pm",63,59,87,WSW,7,10,,FEW012,1015,29.84,29.98,,,,70,63,,
"Jul 26, 10:50 pm",63,59,88,WSW,8,10,,FEW012,,29.84,29.98,,,,,,,
"Jul 26, 10:45 pm",63,59,88,WSW,8,10,,CLR,,29.84,29.98,,,,,,,
"Jul 26, 10:40 pm",63,59,88,SW,8,10,,CLR,,29.84,29.98,,,,,,,
"Jul 26, 10:35 pm",63,59,88,SW,8,10,,CLR,,29.84,29.98,,,,,,,
"Jul 26, 10:30 pm",63,57,83,WSW,7,10,,CLR,,29.84,29.98,,,,,,,
"Jul 26, 10:25 pm",63,57,83,SW,7,10,,CLR,,29.84,29.98,,,,,,,
"Jul 26, 10:20 pm",63,59,88,SW,7,10,,CLR,,29.84,29.98,,,,,,,
"Jul 26, 10:15 pm",63,59,88,SW,8,10,,CLR,,29.84,29.98,,,,,,,
"Jul 26, 10:10 pm",63,59,88,WSW,8,10,,CLR,,29.84,29.98,,,,,,,
"Jul 26, 10:05 pm",63,57,83,WSW,7,10,,CLR,,29.84,29.98,,,,,,,
"Jul 26, 10:00 pm",63,57,83,WSW,9,10,,CLR,,29.84,29.98,,,,,,,
"Jul 26, 9:55 pm",63,57,83,WSW,9,10,,CLR,,29.84,29.98,,,,,,,
"Jul 26, 9:53 pm",63,58,84,WSW,9,10,,FEW012 SCT200,1014.9,29.84,29.98,,,,,,,
"Jul 26, 9:50 pm",63,57,83,SW,8,10,,FEW012,,29.84,29.98,,,,,,,
"Jul 26, 9:45 pm",63,57,83,WSW,10,10,,FEW012,,29.84,29.98,,,,,,,
"Jul 26, 9:40 pm",63,57,83,WSW,10,10,,CLR,,29.83,29.97,,,,,,,
"Jul 26, 9:35 pm",63,57,83,WSW,10,10,,CLR,,29.84,29.98,,,,,,,
"Jul 26, 9:30 pm",63,57,83,WSW,12,10,,CLR,,29.84,29.98,,,,,,,
"Jul 26, 9:25 pm",63,57,83,WSW,9,10,,CLR,,29.83,29.97,,,,,,,
"Jul 26, 9:20 pm",63,57,83,WSW,10,10,,CLR,,29.83,29.97,,,,,,,
"Jul 26, 9:15 pm",63,57,83,WSW,10,10,,CLR,,29.83,29.97,,,,,,,
"Jul 26, 9:10 pm",63,59,88,SW,9,10,,CLR,,29.83,29.97,,,,,,,
"Jul 26, 9:05 pm",63,59,88,WSW,10,10,,CLR,,29.83,29.97,,,,,,,
"Jul 26, 9:00 pm",63,59,88,WSW,10,10,,CLR,,29.83,29.97,,,,,,,
"Jul 26, 8:55 pm",63,59,88,WSW,9,10,,CLR,,29.83,29.97,,,,,,,
"Jul 26, 8:53 pm",63,59,87,WSW,9,10,,FEW010 FEW025 SCT200,1014.4,29.82,29.96,,,,,,,
"Jul 26, 8:50 pm",63,59,88,WSW,10,10,,FEW010 FEW025,,29.82,29.96,,,,,,,
"Jul 26, 8:45 pm",63,59,88,WSW,12,10,,CLR,,29.82,29.96,,,,,,,
"Jul 26, 8:40 pm",64,59,83,WSW,10,10,,CLR,,29.82,29.96,,,,,,,
"Jul 26, 8:35 pm",64,59,83,WSW,13,10,,CLR,,29.82,29.96,,,,,,,
"Jul 26, 8:30 pm",64,59,83,WSW,10,10,,CLR,,29.82,29.96,,,,,,,
"Jul 26, 8:25 pm",64,59,83,WSW,12,10,,CLR,,29.82,29.96,,,,,,,
"Jul 26, 8:20 pm",64,59,83,WSW,12,10,,CLR,,29.81,29.95,,,,,,,
"Jul 26, 8:15 pm",64,59,83,WSW,12,10,,CLR,,29.81,29.95,,,,,,,
"Jul 26, 8:10 pm",64,59,83,W,14,10,,CLR,,29.81,29.95,,,,,,,
"Jul 26, 8:05 pm",64,59,83,WSW,14,10,,CLR,,29.81,29.95,,,,,,,
"Jul 26, 8:00 pm",64,59,83,W,14,10,,CLR,,29.81,29.95,,,,,,,
"Jul 26, 7:55 pm",64,59,83,WSW,15,10,,CLR,,29.81,29.95,,,,,,,
"Jul 26, 7:53 pm",65,59,81,WSW,15,10,,FEW010 SCT025 BKN220,1014,29.81,29.95,,,,,,,
"Jul 26, 7:50 pm",64,59,83,W,15,10,,CLR,,29.81,29.95,,,,,,,
"Jul 26, 7:45 pm",64,59,83,W,15,10,,CLR,,29.81,29.95,,,,,,,
"Jul 26, 7:40 pm",64,59,83,WSW,13,10,,CLR,,29.81,29.95,,,,,,,
"Jul 26, 7:35 pm",64,61,88,WSW,15,10,,CLR,,29.81,29.95,,,,,,,
"Jul 26, 7:30 pm",64,61,88,WSW,15,10,,CLR,,29.81,29.95,,,,,,,
"Jul 26, 7:25 pm",66,61,83,WSW,15,10,,CLR,,29.81,29.95,,,,,,,
"Jul 26, 7:20 pm",66,61,83,WSW,14,10,,CLR,,29.81,29.95,,,,,,,
"Jul 26, 7:15 pm",66,59,78,W,15,10,,CLR,,29.81,29.95,,,,,,,
"Jul 26, 7:10 pm",66,59,78,WSW,15,10,,CLR,,29.81,29.95,,,,,,,
"Jul 26, 7:05 pm",66,59,78,WSW,14,10,,CLR,,29.81,29.95,,,,,,,
"Jul 26, 7:00 pm",66,57,73,W,15,10,,CLR,,29.8,29.94,,,,,,,
"Jul 26, 6:55 pm",66,59,78,WSW,13,10,,CLR,,29.8,29.94,,,,,,,
"Jul 26, 6:53 pm",67,58,73,W,15,10,,FEW025 BKN220,1013.7,29.8,29.94,,,,,,,
"Jul 26, 6:50 pm",66,57,73,W,14,10,,FEW025,,29.8,29.94,,,,,,,
"Jul 26, 6:45 pm",66,57,73,WSW,15,10,,CLR,,29.8,29.94,,,,,,,
"Jul 26, 6:40 pm",66,57,73,W,15,10,,CLR,,29.8,29.94,,,,,,,
"Jul 26, 6:35 pm",66,57,73,WSW,14,10,,CLR,,29.8,29.94,,,,,,,
"Jul 26, 6:30 pm",66,57,73,W,14,10,,CLR,,29.8,29.94,,,,,,,
"Jul 26, 6:25 pm",66,57,73,WSW,15,10,,CLR,,29.8,29.94,,,,,,,
"Jul 26, 6:20 pm",66,57,73,W,16,10,,CLR,,29.8,29.94,,,,,,,
"Jul 26, 6:15 pm",66,57,73,WSW,14,10,,CLR,,29.8,29.94,,,,,,,
"Jul 26, 6:10 pm",66,57,73,WSW,14,10,,CLR,,29.8,29.94,,,,,,,
"Jul 26, 6:05 pm",66,57,73,WSW,17,10,,CLR,,29.8,29.94,,,,,,,
"Jul 26, 6:00 pm",68,57,68,W,15,10,,CLR,,29.8,29.94,,,,,,,
"Jul 26, 5:55 pm",68,57,68,W,15,10,,CLR,,29.81,29.95,,,,,,,
"Jul 26, 5:53 pm",69,58,68,W,15,10,,FEW025 BKN220,1013.9,29.81,29.95,,,,,,,
"Jul 26, 5:50 pm",70,57,64,W,15,10,,FEW025,,29.8,29.94,,,,,,,
"Jul 26, 5:45 pm",70,57,64,WSW,15,10,,CLR,,29.81,29.95,,,,,,,
"Jul 26, 5:40 pm",68,57,68,W,16,10,,CLR,,29.81,29.95,,,,,,,
"Jul 26, 5:35 pm",70,57,64,W,18,10,,CLR,,29.81,29.95,,,,,,,
"Jul 26, 5:30 pm",70,57,64,W,18,10,,CLR,,29.82,29.96,,,,,,,
"Jul 26, 5:25 pm",70,57,64,W,14,10,,CLR,,29.81,29.95,,,,,,,
"Jul 26, 5:20 pm",70,57,64,W,16,10,,CLR,,29.82,29.96,,,,,,,
"Jul 26, 5:15 pm",70,57,64,W,15,10,,CLR,,29.82,29.96,,,,,,,
"Jul 26, 5:10 pm",70,57,64,WSW,16,10,,CLR,,29.82,29.96,,,,,,,
"Jul 26, 5:05 pm",70,57,64,WSW,16,10,,CLR,,29.82,29.96,,,,,,,
"Jul 26, 5:00 pm",70,57,64,W,16,10,,CLR,,29.82,29.96,,,,,,,
"Jul 26, 4:55 pm",70,57,64,W,15,10,,CLR,,29.82,29.96,,,,,,,
"Jul 26, 4:53 pm",70,57,64,W,16,10,,FEW025 SCT220,1014.4,29.82,29.96,,,,73,68,,
"Jul 26, 4:50 pm",70,57,64,WSW,14,10,,CLR,,29.82,29.96,,,,,,,
"Jul 26, 4:45 pm",70,57,64,W,16,10,,CLR,,29.82,29.96,,,,,,,
"Jul 26, 4:40 pm",70,57,64,WSW,17,10,,CLR,,29.82,29.96,,,,,,,
"Jul 26, 4:35 pm",70,55,60,WSW,16,10,,CLR,,29.82,29.96,,,,,,,
"Jul 26, 4:30 pm",70,55,60,W,16,10,,CLR,,29.83,29.97,,,,,,,
"Jul 26, 4:25 pm",70,55,60,WSW,16,10,,CLR,,29.83,29.97,,,,,,,
"Jul 26, 4:20 pm",70,55,60,WSW,17,10,,CLR,,29.83,29.97,,,,,,,
"Jul 26, 4:15 pm",70,55,60,WSW,17,10,,CLR,,29.83,29.97,,,,,,,
"Jul 26, 4:10 pm",70,55,60,WSW,16G22,10,,CLR,,29.83,29.97,,,,,,,
"Jul 26, 4:05 pm",70,55,60,WSW,16,10,,CLR,,29.82,29.96,,,,,,,
"Jul 26, 4:00 pm",70,55,60,W,16,10,,CLR,,29.83,29.97,,,,,,,
"Jul 26, 3:55 pm",70,55,60,W,14,10,,CLR,,29.83,29.97,,,,,,,
"Jul 26, 3:53 pm",70,56,61,WSW,16,10,,FEW025 FEW085 SCT200,1014.6,29.83,29.97,,,,,,,
"Jul 26, 3:50 pm",72,55,57,WSW,15,10,,FEW025 FEW085,,29.83,29.97,,,,,,,
"Jul 26, 3:45 pm",72,57,61,WSW,16,10,,CLR,,29.83,29.97,,,,,,,
"Jul 26, 3:40 pm",72,57,61,W,15,10,,CLR,,29.84,29.98,,,,,,,
"Jul 26, 3:35 pm",72,57,61,WSW,15,10,,CLR,,29.84,29.98,,,,,,,
"Jul 26, 3:30 pm",72,55,57,WSW,15,10,,CLR,,29.84,29.98,,,,,,,
"Jul 26, 3:25 pm",72,55,57,WSW,17,10,,CLR,,29.84,29.98,,,,,,,
"Jul 26, 3:20 pm",72,55,57,WSW,15,10,,CLR,,29.84,29.98,,,,,,,
"Jul 26, 3:15 pm",72,55,57,WSW,14,10,,CLR,,29.84,29.98,,,,,,,
"Jul 26, 3:10 pm",72,55,57,WSW,15,10,,CLR,,29.84,29.98,,,,,,,
"Jul 26, 3:05 pm",72,55,57,SW,14,10,,CLR,,29.84,29.98,,,,,,,
"Jul 26, 3:00 pm",72,55,57,SW,14,10,,CLR,,29.84,29.98,,,,,,,
"Jul 26, 2:55 pm",72,55,57,WSW,13,10,,CLR,,29.84,29.98,,,,,,,
"Jul 26, 2:53 pm",71,56,59,WSW,14,10,,FEW014 SCT200,1015.2,29.84,29.98,,,,,,,
"Jul 26, 2:50 pm",72,55,57,SW,13,10,,FEW014 FEW026,,29.84,29.98,,,,,,,
"Jul 26, 2:45 pm",72,55,57,WSW,15,10,,FEW014 FEW026,,29.84,29.98,,,,,,,
"Jul 26, 2:40 pm",72,55,57,WSW,15,10,,FEW014 FEW026,,29.84,29.98,,,,,,,
"Jul 26, 2:35 pm",72,55,57,WSW,15,10,,FEW014 FEW026,,29.84,29.98,,,,,,,
"Jul 26, 2:30 pm",72,55,57,WSW,14,10,,FEW014 FEW026,,29.84,29.98,,,,,,,
"Jul 26, 2:25 pm",73,55,53,SW,14,10,,FEW014 FEW026,,29.85,29.99,,,,,,,
"Jul 26, 2:20 pm",72,55,57,SW,14,10,,FEW014 FEW026,,29.84,29.98,,,,,,,
"Jul 26, 2:15 pm",72,55,57,SW,13G26,10,,FEW014 FEW026,,29.84,29.98,,,,,,,
"Jul 26, 2:10 pm",72,55,57,SW,15,10,,FEW014 FEW026,,29.85,29.99,,,,,,,
"Jul 26, 2:05 pm",72,55,57,SW,13,10,,FEW014 FEW026,,29.85,29.99,,,,,,,
"Jul 26, 2:00 pm",72,55,57,SW,13,10,,FEW014 FEW026,,29.85,29.99,,,,,,,
"Jul 26, 1:55 pm",72,55,57,SW,14,10,,FEW014 FEW026,,29.85,29.99,,,,,,,
"Jul 26, 1:53 pm",72,56,57,SW,13,10,,FEW014 FEW026 SCT230,1015.4,29.85,29.99,,,,,,,
"Jul 26, 1:50 pm",72,55,57,WSW,13,10,,FEW024 FEW026,,29.85,29.99,,,,,,,
"Jul 26, 1:45 pm",72,55,57,WSW,14,10,,FEW024 FEW026,,29.85,29.99,,,,,,,
"Jul 26, 1:40 pm",72,55,57,WSW,13,10,,FEW028,,29.86,30,,,,,,,
"Jul 26, 1:35 pm",72,55,57,WSW,12,10,,FEW028,,29.86,30,,,,,,,
"Jul 26, 1:30 pm",72,55,57,WSW,14,10,,FEW028,,29.86,30,,,,,,,
"Jul 26, 1:25 pm",72,55,57,W,13G18,10,,FEW028,,29.86,30,,,,,,,
"Jul 26, 1:20 pm",72,55,57,WSW,12G18,10,,FEW028,,29.86,30,,,,,,,
"Jul 26, 1:15 pm",72,55,57,W,12,10,,FEW028,,29.86,30,,,,,,,
"Jul 26, 1:10 pm",72,55,57,W,9,10,,FEW028,,29.87,30.01,,,,,,,
"Jul 26, 1:05 pm",72,55,57,W,13,10,,FEW028,,29.87,30.01,,,,,,,
"Jul 26, 1:00 pm",72,55,57,WSW,10,10,,FEW028,,29.87,30.01,,,,,,,
"Jul 26, 12:55 pm",72,55,57,WSW,10,10,,FEW028,,29.87,30.01,,,,,,,
"Jul 26, 12:53 pm",70,56,61,WSW,13,10,,FEW028 FEW220 SCT270,1016,29.87,30.01,,,,,,,
"Jul 26, 12:50 pm",72,55,57,WSW,10,10,,FEW028 SCT034,,29.87,30.01,,,,,,,
"Jul 26, 12:45 pm",72,55,57,WSW,13,10,,FEW028 SCT034,,29.87,30.01,,,,,,,
"Jul 26, 12:40 pm",72,55,57,W,9,10,,FEW028 SCT034,,29.87,30.01,,,,,,,
"Jul 26, 12:35 pm",72,55,57,SW,10,10,,FEW028 SCT034,,29.87,30.01,,,,,,,
"Jul 26, 12:30 pm",72,55,57,WSW,9,10,,FEW028 SCT034,,29.87,30.01,,,,,,,
"Jul 26, 12:25 pm",72,55,57,WSW,9,10,,FEW028 SCT034,,29.87,30.01,,,,,,,
"Jul 26, 12:20 pm",72,55,57,WSW,8,10,,FEW028 SCT034,,29.87,30.01,,,,,,,
"Jul 26, 12:15 pm",72,55,57,WSW,9,10,,FEW028 SCT034,,29.87,30.01,,,,,,,
"Jul 26, 12:10 pm",72,55,57,WSW,10,10,,FEW028 SCT034,,29.87,30.01,,,,,,,
"Jul 26, 12:05 pm",72,55,57,WSW,12,10,,FEW028 SCT034,,29.87,30.01,,,,,,,
"Jul 26, 12:00 pm",72,55,57,W,8,10,,FEW028 SCT034,,29.87,30.01,,,,,,,
"Jul 26, 11:55 am",72,55,57,W,7,10,,FEW028 SCT034,,29.87,30.01,,,,,,,
"Jul 26, 11:53 am",71,55,57,W,12,10,,FEW028 SCT034 SCT220,1016.2,29.87,30.01,,,,,,,
"Jul 26, 11:50 am",72,55,57,W,9,10,,FEW028 SCT034,,29.87,30.01,,,,,,,
"Jul 26, 11:45 am",70,55,60,W,8,10,,FEW028 SCT034,,29.87,30.01,,,,,,,
"Jul 26, 11:40 am",70,55,60,WSW,9,10,,FEW028 SCT034,,29.87,30.01,,,,,,,
"Jul 26, 11:35 am",72,55,57,WSW,7,10,,SCT029 BKN034,,29.87,30.01,,,,,,,
"Jul 26, 11:30 am",70,55,60,WSW,7,10,,SCT029 BKN034,,29.88,30.02,,,,,,,
"Jul 26, 11:25 am",70,55,60,WSW,9,10,,SCT029 BKN034,,29.88,30.02,,,,,,,
"Jul 26, 11:20 am",70,55,60,SW,8,10,,SCT029 BKN034,,29.88,30.02,,,,,,,
"Jul 26, 11:15 am",70,55,60,W,9,10,,SCT029 BKN034,,29.88,30.02,,,,,,,
"Jul 26, 11:10 am",70,55,60,WSW,10,10,,SCT029 BKN034,,29.88,30.02,,,,,,,
"Jul 26, 11:07 am",69,55,61,W,9,10,,SCT029 BKN034,,29.88,30.02,,,,,,,
"Jul 26, 11:05 am",70,55,60,WSW,9,10,,BKN028 BKN034,,29.88,30.02,,,,,,,
"Jul 26, 11:00 am",68,55,64,W,9,10,,BKN028 BKN034,,29.88,30.02,,,,,,,
"Jul 26, 10:55 am",68,55,64,W,8,10,,BKN028 BKN034,,29.88,30.02,,,,,,,
"Jul 26, 10:53 am",68,55,63,W,8,10,,BKN028 BKN034,1016.5,29.88,30.02,,,,68,64,,
"Jul 26, 10:50 am",68,55,64,WSW,10,10,,BKN028 BKN034,,29.88,30.02,,,,,,,
"Jul 26, 10:45 am",68,55,64,WSW,9,10,,BKN028 BKN034,,29.88,30.02,,,,,,,
"Jul 26, 10:40 am",68,55,64,WSW,10,10,,BKN028 BKN034,,29.88,30.02,,,,,,,
"Jul 26, 10:35 am",68,55,64,WSW,9,10,,BKN028 BKN034,,29.88,30.02,,,,,,,
"Jul 26, 10:30 am",66,55,68,WSW,8,10,,BKN028 BKN034,,29.88,30.02,,,,,,,
"Jul 26, 10:25 am",68,55,64,WSW,8,10,,BKN028 BKN034,,29.88,30.02,,,,,,,
"Jul 26, 10:20 am",66,55,68,WSW,7,10,,OVC028,,29.88,30.02,,,,,,,
"Jul 26, 10:15 am",66,55,68,WSW,8,10,,OVC028,,29.88,30.02,,,,,,,
"Jul 26, 10:10 am",66,55,68,WSW,8,10,,OVC027,,29.88,30.02,,,,,,,
"Jul 26, 10:05 am",66,55,68,WSW,8,10,,OVC027,,29.88,30.02,,,,,,,
"Jul 26, 10:00 am",66,55,68,SW,8,10,,OVC028,,29.88,30.02,,,,,,,
"Jul 26, 9:55 am",68,55,64,WSW,8,10,,OVC028,,29.87,30.01,,,,,,,
"Jul 26, 9:53 am",67,56,68,WSW,7,10,,FEW023 BKN027 BKN034,1016.2,29.87,30.01,,,,,,,
"Jul 26, 9:50 am",66,55,68,WSW,6,10,,FEW023 BKN027 BKN034,,29.87,30.01,,,,,,,
"Jul 26, 9:45 am",66,55,68,SW,8,10,,SCT022 OVC027,,29.87,30.01,,,,,,,
"Jul 26, 9:40 am",66,55,68,WSW,8,10,,SCT022 OVC027,,29.87,30.01,,,,,,,
"Jul 26, 9:35 am",66,55,68,SW,8,10,,SCT022 OVC027,,29.87,30.01,,,,,,,
"Jul 26, 9:30 am",66,55,68,SSW,3,10,,SCT022 OVC027,,29.87,30.01,,,,,,,
"Jul 26, 9:25 am",66,57,73,SSW,3,10,,SCT022 OVC027,,29.87,30.01,,,,,,,
"Jul 26, 9:20 am",66,55,68,WSW,3,10,,SCT022 OVC027,,29.87,30.01,,,,,,,
"Jul 26, 9:15 am",66,55,68,N,0,10,,SCT022 OVC027,,29.87,30.01,,,,,,,
"Jul 26, 9:10 am",66,55,68,N,0,10,,SCT022 OVC027,,29.87,30.01,,,,,,,
"Jul 26, 9:05 am",66,55,68,SSW,3,10,,SCT022 OVC027,,29.87,30.01,,,,,,,
"Jul 26, 9:00 am",66,55,68,E,6G20,10,,SCT022 OVC027,,29.87,30.01,,,,,,,
"Jul 26, 8:55 am",66,55,68,,,10,,SCT022 OVC027,,29.86,30,,,,,,,
"Jul 26, 8:53 am",67,55,66,E,6,10,,SCT022 OVC027,1015.8,29.86,30,,,,,,,
"Jul 26, 8:50 am",66,55,68,E,6,10,,FEW013 SCT021 OVC027,,29.86,30,,,,,,,
"Jul 26, 8:45 am",66,54,64,ESE,6,10,,FEW013 SCT021 OVC027,,29.86,30,,,,,,,
"Jul 26, 8:40 am",66,55,68,E,6,10,,FEW013 SCT021 OVC027,,29.86,30,,,,,,,
"Jul 26, 8:35 am",66,54,64,ESE,6,10,,FEW013 SCT021 OVC027,,29.86,30,,,,,,,
"Jul 26, 8:30 am",66,54,64,SE,5,10,,FEW013 SCT021 OVC025,,29.86,30,,,,,,,
"Jul 26, 8:25 am",66,54,64,SE,6,10,,FEW013 SCT021 OVC025,,29.86,30,,,,,,,
"Jul 26, 8:20 am",66,55,68,E,3,10,,FEW013 SCT021 OVC025,,29.86,30,,,,,,,
"Jul 26, 8:15 am",66,55,68,N,0,10,,FEW013 SCT021 OVC025,,29.86,30,,,,,,,
"Jul 26, 8:10 am",66,54,64,SE,3,10,,FEW013 SCT021 OVC025,,29.86,30,,,,,,,
"Jul 26, 8:05 am",66,54,64,S,3,10,,FEW013 SCT021 OVC025,,29.86,30,,,,,,,
"Jul 26, 8:00 am",66,55,68,SE,5,10,,FEW013 SCT021 OVC025,,29.85,29.99,,,,,,,
"Jul 26, 7:55 am",66,55,68,SE,8,10,,FEW013 SCT021 OVC025,,29.85,29.99,,,,,,,
"Jul 26, 7:53 am",66,56,70,,5,10,,FEW013 SCT021 OVC025,1015.4,29.85,29.99,,,,,,,
"Jul 26, 7:50 am",66,55,68,SSE,5,10,,FEW013 SCT021 OVC025,,29.85,29.99,,,,,,,
"Jul 26, 7:45 am",66,55,68,S,6,10,,FEW012 FEW019 OVC026,,29.85,29.99,,,,,,,
"Jul 26, 7:40 am",66,55,68,S,6,10,,FEW012 FEW019 OVC026,,29.84,29.98,,,,,,,
"Jul 26, 7:35 am",66,55,68,N,0,10,,FEW012 FEW019 OVC026,,29.84,29.98,,,,,,,
"Jul 26, 7:30 am",66,55,68,E,3,10,,FEW012 FEW019 OVC026,,29.84,29.98,,,,,,,
"Jul 26, 7:25 am",66,55,68,SE,5,10,,FEW012 FEW019 OVC026,,29.84,29.98,,,,,,,
"Jul 26, 7:20 am",64,55,73,NNE,3,10,,FEW012 FEW019 OVC026,,29.83,29.97,,,,,,,
"Jul 26, 7:15 am",64,55,73,E,5,10,,FEW012 FEW019 OVC026,,29.83,29.97,,,,,,,
"Jul 26, 7:10 am",64,55,73,SE,6,10,,FEW012 FEW019 OVC026,,29.83,29.97,,,,,,,
"Jul 26, 7:05 am",64,55,73,E,3,10,,FEW012 FEW019 OVC026,,29.83,29.97,,,,,,,
"Jul 26, 7:00 am",64,55,73,E,5,10,,FEW012 FEW019 OVC026,,29.83,29.97,,,,,,,
"Jul 26, 6:55 am",64,55,73,N,0,10,,FEW012 FEW019 OVC026,,29.83,29.97,,,,,,,
"Jul 26, 6:53 am",65,56,73,N,0,10,,FEW012 FEW019 OVC026,1014.8,29.83,29.97,,,,,,,
"Jul 26, 6:50 am",64,55,73,N,0,10,,FEW012 FEW019 OVC026,,29.83,29.97,,,,,,,
"Jul 26, 6:45 am",64,55,73,N,0,10,,FEW012 FEW019 OVC026,,29.83,29.97,,,,,,,
"Jul 26, 6:40 am",64,55,73,N,0,10,,FEW010 OVC025,,29.83,29.97,,,,,,,
"Jul 26, 6:35 am",64,57,77,N,5,10,,FEW010 OVC025,,29.83,29.97,,,,,,,
"Jul 26, 6:30 am",64,57,77,NNW,3,10,,FEW010 OVC025,,29.83,29.97,,,,,,,
"Jul 26, 6:25 am",64,57,77,N,3,10,,FEW010 OVC025,,29.83,29.97,,,,,,,
"Jul 26, 6:20 am",64,57,77,NNW,3,10,,FEW010 OVC025,,29.83,29.97,,,,,,,
"Jul 26, 6:15 am",64,57,77,NNW,5,10,,FEW010 OVC025,,29.83,29.97,,,,,,,
"Jul 26, 6:10 am",64,57,77,N,6,10,,FEW010 OVC025,,29.83,29.97,,,,,,,
"Jul 26, 6:05 am",64,57,77,N,5,10,,FEW010 OVC025,,29.83,29.97,,,,,,,
"Jul 26, 6:00 am",64,57,77,NNW,5,10,,FEW010 OVC025,,29.83,29.97,,,,,,,
"Jul 26, 5:55 am",64,57,77,N,5,10,,FEW010 OVC025,,29.83,29.97,,,,,,,
"Jul 26, 5:53 am",65,57,76,,7,10,,FEW010 OVC025,1014.7,29.83,29.97,,,,,,,
"Jul 26, 5:50 am",64,57,77,N,5,10,,FEW010 OVC025,,29.83,29.97,,,,,,,
"Jul 26, 5:45 am",64,57,77,NNE,6,10,,OVC025,,29.83,29.97,,,,,,,
"Jul 26, 5:40 am",64,57,77,N,5,10,,OVC025,,29.83,29.97,,,,,,,
"Jul 26, 5:35 am",64,57,77,NNW,5,10,,OVC025,,29.83,29.97,,,,,,,
"Jul 26, 5:30 am",64,57,77,N,5,10,,OVC025,,29.83,29.97,,,,,,,
"Jul 26, 5:25 am",64,57,77,NW,5,10,,OVC025,,29.83,29.97,,,,,,,
"Jul 26, 5:20 am",64,57,77,NW,5,10,,OVC025,,29.83,29.97,,,,,,,
"Jul 26, 5:15 am",64,57,77,NNW,5,10,,OVC025,,29.83,29.97,,,,,,,
"Jul 26, 5:10 am",64,57,77,NW,6,10,,OVC025,,29.83,29.97,,,,,,,
"Jul 26, 5:05 am",64,57,77,NNW,5,10,,OVC024,,29.83,29.97,,,,,,,
"Jul 26, 5:00 am",64,57,77,NW,6,10,,OVC025,,29.83,29.97,,,,,,,
"Jul 26, 4:55 am",64,57,77,NNW,5,10,,OVC025,,29.83,29.97,,,,,,,
"Jul 26, 4:53 am",64,58,81,,7,10,,FEW010 FEW016 OVC024,1014.8,29.83,29.97,,,,64,62,,
"Jul 26, 4:50 am",64,57,77,NNW,3,10,,FEW010 FEW016 OVC024,,29.83,29.97,,,,,,,
"Jul 26, 4:45 am",64,57,77,NNW,5,10,,FEW010 FEW016 OVC024,,29.83,29.97,,,,,,,
"Jul 26, 4:40 am",64,57,77,NW,6,10,,FEW017 OVC024,,29.83,29.97,,,,,,,
"Jul 26, 4:35 am",64,57,77,NW,5,10,,FEW017 OVC025,,29.83,29.97,,,,,,,
"Jul 26, 4:30 am",64,57,77,NW,3,10,,FEW017 OVC025,,29.83,29.97,,,,,,,
"Jul 26, 4:25 am",64,57,77,NW,3,10,,FEW017 OVC025,,29.83,29.97,,,,,,,
"Jul 26, 4:20 am",64,57,77,N,0,10,,FEW017 OVC025,,29.83,29.97,,,,,,,
"Jul 26, 4:15 am",64,57,77,NW,3,10,,FEW017 OVC025,,29.83,29.97,,,,,,,
"Jul 26, 4:10 am",64,57,77,WNW,5,10,,OVC025,,29.83,29.97,,,,,,,
"Jul 26, 4:05 am",64,57,77,NW,6,10,,OVC025,,29.83,29.97,,,,,,,
"Jul 26, 4:00 am",64,57,77,NW,5,10,,OVC024,,29.83,29.97,,,,,,,
"Jul 26, 3:55 am",64,57,77,N,3,10,,OVC023,,29.83,29.97,,,,,,,
"Jul 26, 3:53 am",64,58,81,N,0,10,,FEW010 SCT015 OVC022,1014.8,29.83,29.97,,,,,,,
"Jul 26, 3:50 am",64,57,77,N,0,10,,FEW010 SCT015 OVC022,,29.84,29.98,,,,,,,
"Jul 26, 3:45 am",64,57,77,N,3,10,,OVC022,,29.84,29.98,,,,,,,
"Jul 26, 3:40 am",64,57,77,NNW,3,10,,OVC022,,29.84,29.98,,,,,,,
"Jul 26, 3:35 am",64,57,77,N,3,10,,OVC021,,29.84,29.98,,,,,,,
"Jul 26, 3:30 am",64,57,77,NNE,3,10,,OVC021,,29.84,29.98,,,,,,,
"Jul 26, 3:25 am",63,57,83,N,0,10,,OVC021,,29.84,29.98,,,,,,,
"Jul 26, 3:20 am",63,57,83,N,5,10,,OVC021,,29.84,29.98,,,,,,,
"Jul 26, 3:15 am",63,57,83,N,3,10,,OVC022,,29.85,29.99,,,,,,,
"Jul 26, 3:10 am",63,57,83,N,5,10,,OVC022,,29.85,29.99,,,,,,,
"Jul 26, 3:05 am",63,57,83,NNE,3,10,,OVC022,,29.85,29.99,,,,,,,
"Jul 26, 3:00 am",63,57,83,NNE,3,10,,OVC022,,29.85,29.99,,,,,,,
"Jul 26, 2:55 am",63,57,83,NNE,6,10,,OVC021,,29.85,29.99,,,,,,,
"Jul 26, 2:53 am",63,58,84,N,6,10,,FEW010 SCT015 OVC022,1015.3,29.85,29.99,,,,,,,
"Jul 26, 2:50 am",63,57,83,N,3,10,,FEW010 SCT015 OVC022,,29.85,29.99,,,,,,,
"Jul 26, 2:45 am",64,57,77,N,3,10,,OVC021,,29.85,29.99,,,,,,,
"Jul 26, 2:40 am",63,57,83,NNE,5,10,,OVC022,,29.85,29.99,,,,,,,
"Jul 26, 2:35 am",63,57,83,N,0,10,,OVC022,,29.85,29.99,,,,,,,
"Jul 26, 2:30 am",63,57,83,N,0,10,,OVC023,,29.85,29.99,,,,,,,
"Jul 26, 2:25 am",63,57,83,W,3,10,,OVC023,,29.85,29.99,,,,,,,
"Jul 26, 2:20 am",63,57,83,N,0,10,,OVC023,,29.85,29.99,,,,,,,
"Jul 26, 2:15 am",63,57,83,N,0,10,,FEW012 OVC023,,29.85,29.99,,,,,,,
"Jul 26, 2:05 am",63,57,83,N,0,10,,FEW012 OVC023,,29.85,29.99,,,,,,,
"Jul 26, 2:00 am",63,57,83,W,3,10,,FEW012 OVC024,,29.85,29.99,,,,,,,
"Jul 26, 1:55 am",63,57,83,WSW,3,10,,FEW012 OVC024,,29.86,30,,,,,,,
"Jul 26, 1:53 am",63,58,84,WSW,5,10,,FEW010 SCT014 OVC024,1015.6,29.86,30,,,,,,,
"Jul 26, 1:51 am",63,57,83,WSW,5,10,,FEW010 SCT014 OVC024,,29.86,30,,,,,,,
"Jul 26, 1:50 am",63,57,83,WSW,5,10,,FEW010 SCT014 OVC024,,29.86,30,,,,,,,
"Jul 26, 1:45 am",63,57,83,WSW,3,10,,FEW010 BKN014,,29.86,30,,,,,,,
"Jul 26, 1:40 am",63,57,83,N,0,10,,FEW010 BKN014,,29.86,30,,,,,,,
"Jul 26, 1:35 am",63,57,83,SW,5,10,,FEW010 BKN014,,29.86,30,,,,,,,
"Jul 26, 1:30 am",63,57,83,SSW,5,10,,FEW010 BKN014,,29.86,30,,,,,,,
"Jul 26, 1:25 am",63,57,83,WSW,5,10,,FEW010 BKN014,,29.87,30.01,,,,,,,
"Jul 26, 1:20 am",63,57,83,SW,3,10,,FEW010 BKN014,,29.86,30,,,,,,,
"Jul 26, 1:15 am",63,57,83,SW,5,10,,FEW010 BKN014,,29.86,30,,,,,,,
"Jul 26, 1:14 am",63,58,84,SW,5,10,,FEW010 BKN014,,29.86,30,,,,,,,
"Jul 26, 1:10 am",63,57,83,N,0,10,,FEW010 BKN014,,29.86,30,,,,,,,
"Jul 26, 1:05 am",63,57,83,SW,3,10,,BKN014,,29.86,30,,,,,,,
"Jul 26, 1:00 am",63,57,83,SW,3,10,,SCT015,,29.86,30,,,,,,,
"Jul 26, 12:55 am",63,57,83,N,0,10,,FEW015,,29.86,30,,,,,,,
"Jul 26, 12:53 am",62,58,86,WSW,3,10,,FEW010 SCT015,1015.7,29.86,30,,,,,,72,62
"Jul 26, 12:50 am",63,57,83,N,0,10,,FEW010 SCT015,,29.87,30.01,,,,,,,
"Jul 26, 12:45 am",63,57,83,SW,5,10,,FEW015,,29.87,30.01,,,,,,,
"Jul 26, 12:40 am",63,57,83,WSW,5,10,,FEW016,,29.87,30.01,,,,,,,
"Jul 26, 12:35 am",63,57,83,WSW,5,10,,CLR,,29.87,30.01,,,,,,,
"Jul 26, 12:30 am",63,57,83,W,7,10,,CLR,,29.87,30.01,,,,,,,
"Jul 26, 12:25 am",63,57,83,W,7,10,,CLR,,29.87,30.01,,,,,,,
"Jul 26, 12:20 am",63,57,83,WSW,6,10,,CLR,,29.87,30.01,,,,,,,
"Jul 26, 12:15 am",63,57,83,WSW,7,10,,CLR,,29.87,30.01,,,,,,,
"Jul 26, 12:10 am",63,57,83,WSW,6,10,,CLR,,29.87,30.01,,,,,,,
"Jul 26, 12:05 am",63,57,83,SW,7,10,,CLR,,29.87,30.01,,,,,,,
"Jul 26, 12:00 am",63,57,83,WSW,7,10,,CLR,,29.87,30.01,,,,,,,
"Jul 25, 11:55 pm",63,57,83,WSW,7,10,,CLR,,29.87,30.01,,,,,,,
"Jul 25, 11:53 pm",62,58,86,WSW,7,10,,FEW010 FEW014,1016.1,29.87,30.01,,,,,,,
"Jul 25, 11:50 pm",63,57,83,WSW,8,10,,FEW010 FEW014,,29.87,30.01,,,,,,,
"Jul 25, 11:45 pm",63,57,83,W,9,10,,CLR,,29.87,30.01,,,,,,,
"Jul 25, 11:40 pm",63,57,83,WSW,9,10,,CLR,,29.87,30.01,,,,,,,
"Jul 25, 11:35 pm",63,57,83,WSW,6,10,,CLR,,29.87,30.01,,,,,,,
"Jul 25, 11:30 pm",63,57,83,WSW,9,10,,CLR,,29.87,30.01,,,,,,,
"Jul 25, 11:25 pm",63,57,83,WSW,9,10,,CLR,,29.87,30.01,,,,,,,
"Jul 25, 11:20 pm",63,57,83,WSW,9,10,,CLR,,29.87,30.01,,,,,,,
"Jul 25, 11:15 pm",63,57,83,WSW,10,10,,CLR,,29.87,30.01,,,,,,,
"Jul 25, 11:10 pm",63,57,83,WSW,10,10,,FEW014,,29.87,30.01,,,,,,,
"Jul 25, 11:05 pm",63,57,83,W,13,10,,FEW014,,29.87,30.01,,,,,,,
"Jul 25, 11:00 pm",63,57,83,W,13,10,,CLR,,29.87,30.01,,,,,,,
"Jul 25, 10:55 pm",63,57,83,W,13,10,,CLR,,29.87,30.01,,,,,,,
"Jul 25, 10:53 pm",63,58,84,W,13,10,,FEW015,1015.9,29.87,30.01,,,,70,63,,
"Jul 25, 10:50 pm",63,57,83,W,14,10,,FEW015,,29.87,30.01,,,,,,,
"Jul 25, 10:45 pm",63,57,83,WSW,13,10,,CLR,,29.86,30,,,,,,,
"Jul 25, 10:40 pm",63,57,83,W,15,10,,CLR,,29.86,30,,,,,,,
"Jul 25, 10:35 pm",64,57,77,W,14,10,,CLR,,29.86,30,,,,,,,
"Jul 25, 10:30 pm",64,57,77,W,13G18,10,,CLR,,29.86,30,,,,,,,
"Jul 25, 10:25 pm",64,57,77,WSW,12,10,,CLR,,29.86,30,,,,,,,
"Jul 25, 10:20 pm",63,57,83,WSW,13,10,,CLR,,29.86,30,,,,,,,
"Jul 25, 10:15 pm",64,57,77,W,13,10,,CLR,,29.86,30,,,,,,,
"Jul 25, 10:10 pm",64,57,77,W,13,10,,CLR,,29.86,30,,,,,,,
"Jul 25, 10:05 pm",64,57,77,W,13,10,,CLR,,29.86,30,,,,,,,
"Jul 25, 10:00 pm",64,57,77,WSW,10,10,,CLR,,29.86,30,,,,,,,
"Jul 25, 9:55 pm",64,57,77,W,13,10,,CLR,,29.86,30,,,,,,,
"Jul 25, 9:53 pm",64,58,81,W,13,10,,FEW014,1015.5,29.86,30,,,,,,,
"Jul 25, 9:50 pm",63,57,83,W,14,10,,FEW014,,29.86,30,,,,,,,
"Jul 25, 9:45 pm",64,57,77,W,15,10,,CLR,,29.86,30,,,,,,,
"Jul 25, 9:40 pm",64,57,77,W,14,10,,CLR,,29.85,29.99,,,,,,,
"Jul 25, 9:35 pm",64,57,77,W,14,10,,CLR,,29.85,29.99,,,,,,,
"Jul 25, 9:30 pm",64,57,77,WSW,12,10,,CLR,,29.85,29.99,,,,,,,
"Jul 25, 9:25 pm",64,57,77,W,14,10,,CLR,,29.85,29.99,,,,,,,
"Jul 25, 9:20 pm",64,57,77,WSW,14,10,,CLR,,29.84,29.98,,,,,,,
"Jul 25, 9:15 pm",64,57,77,WSW,13,10,,CLR,,29.84,29.98,,,,,,,
"Jul 25, 9:10 pm",64,57,77,WSW,13,10,,CLR,,29.84,29.98,,,,,,,
"Jul 25, 9:05 pm",64,57,77,WSW,14,10,,CLR,,29.84,29.98,,,,,,,
"Jul 25, 9:00 pm",64,57,77,WSW,13,10,,CLR,,29.84,29.98,,,,,,,
"Jul 25, 8:55 pm",64,57,77,WSW,13,10,,CLR,,29.84,29.98,,,,,,,
"Jul 25, 8:53 pm",64,57,78,WSW,14,10,,FEW014,1014.8,29.84,29.98,,,,,,,
"Jul 25, 8:50 pm",64,57,77,WSW,14,10,,FEW014,,29.84,29.98,,,,,,,
"Jul 25, 8:45 pm",64,57,77,WSW,12,10,,CLR,,29.84,29.98,,,,,,,
"Jul 25, 8:40 pm",63,57,83,WSW,13,10,,CLR,,29.83,29.97,,,,,,,
"Jul 25, 8:35 pm",63,57,83,WSW,12,10,,CLR,,29.83,29.97,,,,,,,
"Jul 25, 8:30 pm",63,57,83,WSW,13,10,,CLR,,29.83,29.97,,,,,,,
"Jul 25, 8:25 pm",63,57,83,WSW,13,10,,CLR,,29.83,29.97,,,,,,,
"Jul 25, 8:20 pm",64,57,77,WSW,13G20,10,,CLR,,29.83,29.97,,,,,,,
"Jul 25, 8:15 pm",63,57,83,WSW,10,10,,CLR,,29.82,29.96,,,,,,,
"Jul 25, 8:10 pm",64,57,77,WSW,12,10,,CLR,,29.82,29.96,,,,,,,
"Jul 25, 8:05 pm",64,57,77,SW,10,10,,CLR,,29.82,29.96,,,,,,,
"Jul 25, 8:00 pm",64,57,77,WSW,14,10,,CLR,,29.82,29.96,,,,,,,
"Jul 25, 7:55 pm",64,57,77,WSW,14,10,,CLR,,29.82,29.96,,,,,,,
"Jul 25, 7:53 pm",64,58,81,WSW,13,10,,FEW014,1014.4,29.82,29.96,,,,,,,
"Jul 25, 7:50 pm",64,57,77,WSW,14,10,,FEW014,,29.82,29.96,,,,,,,
"Jul 25, 7:45 pm",64,57,77,WSW,13,10,,CLR,,29.82,29.96,,,,,,,
"Jul 25, 7:40 pm",64,57,77,WSW,15,10,,CLR,,29.82,29.96,,,,,,,
"Jul 25, 7:35 pm",64,57,77,WSW,15,10,,CLR,,29.82,29.96,,,,,,,
"Jul 25, 7:30 pm",64,57,77,WSW,14,10,,CLR,,29.82,29.96,,,,,,,
"Jul 25, 7:25 pm",64,57,77,WSW,13,10,,CLR,,29.82,29.96,,,,,,,
"Jul 25, 7:20 pm",66,57,73,WSW,13,10,,CLR,,29.82,29.96,,,,,,,
"Jul 25, 7:15 pm",66,57,73,WSW,13,10,,CLR,,29.82,29.96,,,,,,,
"Jul 25, 7:10 pm",66,57,73,WSW,13,10,,CLR,,29.81,29.95,,,,,,,
"Jul 25, 7:05 pm",66,57,73,W,14,10,,CLR,,29.82,29.96,,,,,,,
"Jul 25, 7:00 pm",66,57,73,WSW,12,10,,CLR,,29.81,29.95,,,,,,,
"Jul 25, 6:55 pm",66,57,73,WSW,12,10,,CLR,,29.81,29.95,,,,,,,
"Jul 25, 6:53 pm",67,58,73,WSW,12,10,,FEW014,1014.1,29.81,29.95,,,,,,,
"Jul 25, 6:50 pm",66,57,73,W,13,10,,CLR,,29.81,29.95,,,,,,,
"Jul 25, 6:45 pm",66,57,73,WSW,12,10,,CLR,,29.81,29.95,,,,,,,
"Jul 25, 6:40 pm",66,57,73,WSW,12,10,,CLR,,29.81,29.95,,,,,,,
"Jul 25, 6:35 pm",66,57,73,SW,10,10,,CLR,,29.81,29.95,,,,,,,
"Jul 25, 6:30 pm",66,57,73,WSW,12,10,,CLR,,29.81,29.95,,,,,,,
"Jul 25, 6:25 pm",68,57,68,WSW,13,10,,CLR,,29.81,29.95,,,,,,,
"Jul 25, 6:20 pm",66,57,73,WSW,10,10,,CLR,,29.81,29.95,,,,,,,
"Jul 25, 6:15 pm",68,57,68,WSW,14,10,,CLR,,29.81,29.95,,,,,,,
"Jul 25, 6:10 pm",66,57,73,WSW,14,10,,CLR,,29.81,29.95,,,,,,,
"Jul 25, 6:05 pm",68,57,68,WSW,13,10,,CLR,,29.81,29.95,,,,,,,
"Jul 25, 6:00 pm",68,57,68,WSW,13,10,,CLR,,29.81,29.95,,,,,,,
"Jul 25, 5:55 pm",68,57,68,WSW,12,10,,CLR,,29.81,29.95,,,,,,,
"Jul 25, 5:53 pm",68,58,70,WSW,13,10,,SCT014,1014.2,29.81,29.95,,,,,,,
"Jul 25, 5:50 pm",68,57,68,W,13,10,,SCT014,,29.82,29.96,,,,,,,
"Jul 25, 5:45 pm",68,57,68,WSW,13,10,,CLR,,29.82,29.96,,,,,,,
"Jul 25, 5:40 pm",70,57,64,WSW,13,10,,CLR,,29.82,29.96,,,,,,,
"Jul 25, 5:35 pm",70,57,64,WSW,12,10,,CLR,,29.82,29.96,,,,,,,
"Jul 25, 5:30 pm",68,57,68,WSW,13,10,,FEW015,,29.82,29.96,,,,,,,
"Jul 25, 5:25 pm",68,57,68,WSW,10,10,,FEW014,,29.82,29.96,,,,,,,
"Jul 25, 5:20 pm",68,57,68,W,13,10,,FEW015,,29.82,29.96,,,,,,,
"Jul 25, 5:15 pm",70,59,69,W,13,10,,FEW014,,29.82,29.96,,,,,,,
"Jul 25, 5:10 pm",68,59,73,W,13,10,,FEW014,,29.83,29.97,,,,,,,
"Jul 25, 5:05 pm",70,59,69,W,13,10,,SCT014,,29.83,29.97,,,,,,,
"Jul 25, 5:00 pm",70,59,69,W,12,10,,FEW014,,29.83,29.97,,,,,,,
"Jul 25, 4:55 pm",70,59,69,W,16G22,10,,CLR,,29.83,29.97,,,,,,,
"Jul 25, 4:53 pm",70,59,68,WSW,12,10,,SCT017,1014.9,29.83,29.97,,,,72,69,,
"Jul 25, 4:50 pm",70,59,69,WSW,12,10,,SCT017,,29.83,29.97,,,,,,,
"Jul 25, 4:45 pm",70,57,64,WSW,13,10,,CLR,,29.84,29.98,,,,,,,
"Jul 25, 4:40 pm",70,57,64,WSW,15,10,,CLR,,29.84,29.98,,,,,,,
"Jul 25, 4:35 pm",70,57,64,W,14G20,10,,CLR,,29.84,29.98,,,,,,,
"Jul 25, 4:30 pm",70,57,64,WSW,15,10,,CLR,,29.84,29.98,,,,,,,
"Jul 25, 4:25 pm",70,57,64,WSW,14,10,,CLR,,29.84,29.98,,,,,,,
"Jul 25, 4:20 pm",70,57,64,WSW,14G20,10,,CLR,,29.84,29.98,,,,,,,
"Jul 25, 4:15 pm",70,57,64,WSW,17,10,,CLR,,29.85,29.99,,,,,,,
"Jul 25, 4:10 pm",70,57,64,SW,14,10,,FEW018,,29.85,29.99,,,,,,,
"Jul 25, 4:05 pm",72,57,61,W,13,10,,FEW017,,29.85,29.99,,,,,,,
"Jul 25, 4:00 pm",70,57,64,SW,16,10,,CLR,,29.85,29.99,,,,,,,
"Jul 25, 3:55 pm",70,57,64,WSW,17,10,,CLR,,29.85,29.99,,,,,,,
"Jul 25, 3:53 pm",70,58,66,WSW,15G23,10,,SCT017,1015.5,29.85,29.99,,,,,,,
"Jul 25, 3:50 pm",70,57,64,WSW,16,10,,CLR,,29.85,29.99,,,,,,,
"Jul 25, 3:45 pm",70,57,64,WSW,16,10,,CLR,,29.86,30,,,,,,,
"Jul 25, 3:40 pm",70,57,64,WSW,16G22,10,,CLR,,29.86,30,,,,,,,
"Jul 25, 3:35 pm",72,57,61,WSW,16,10,,CLR,,29.86,30,,,,,,,
"Jul 25, 3:30 pm",72,57,61,WSW,16,10,,CLR,,29.86,30,,,,,,,
"Jul 25, 3:25 pm",72,57,61,WSW,16G22,10,,CLR,,29.86,30,,,,,,,
"Jul 25, 3:20 pm",72,57,61,WSW,17,10,,CLR,,29.86,30,,,,,,,
"Jul 25, 3:15 pm",70,57,64,WSW,17,10,,CLR,,29.86,30,,,,,,,
"Jul 25, 3:10 pm",72,57,61,WSW,17,10,,CLR,,29.86,30,,,,,,,
"Jul 25, 3:05 pm",72,57,61,W,17,10,,CLR,,29.86,30,,,,,,,
"Jul 25, 3:00 pm",72,57,61,WSW,16G25,10,,CLR,,29.86,30,,,,,,,
"Jul 25, 2:55 pm",72,57,61,WSW,15,10,,CLR,,29.86,30,,,,,,,
"Jul 25, 2:53 pm",71,57,61,WSW,15,10,,FEW014 FEW250,1015.8,29.86,30,,,,,,,
"Jul 25, 2:50 pm",72,57,61,WSW,18,10,,FEW014,,29.86,30,,,,,,,
"Jul 25, 2:45 pm",72,57,61,W,16,10,,CLR,,29.86,30,,,,,,,
"Jul 25, 2:40 pm",72,57,61,W,16,10,,CLR,,29.86,30,,,,,,,
"Jul 25, 2:35 pm",72,57,61,WSW,15G21,10,,CLR,,29.87,30.01,,,,,,,
"Jul 25, 2:30 pm",72,57,61,WSW,14,10,,CLR,,29.87,30.01,,,,,,,
"Jul 25, 2:25 pm",72,57,61,WSW,15,10,,CLR,,29.87,30.01,,,,,,,
"Jul 25, 2:20 pm",72,57,61,WSW,16,10,,CLR,,29.87,30.01,,,,,,,
"Jul 25, 2:15 pm",72,57,61,WSW,14,10,,CLR,,29.87,30.01,,,,,,,
"Jul 25, 2:10 pm",72,57,61,WSW,17,10,,CLR,,29.87,30.01,,,,,,,
"Jul 25, 2:05 pm",70,57,64,WSW,15G21,10,,CLR,,29.87,30.01,,,,,,,
"Jul 25, 2:00 pm",72,57,61,WSW,16,10,,CLR,,29.87,30.01,,,,,,,
"Jul 25, 1:55 pm",72,57,61,WSW,15G21,10,,CLR,,29.87,30.01,,,,,,,
"Jul 25, 1:53 pm",71,57,61,WSW,15,10,,FEW014 FEW190 SCT250,1016.2,29.87,30.01,,,,,,,
"Jul 25, 1:50 pm",72,57,61,WSW,16,10,,FEW014,,29.87,30.01,,,,,,,
"Jul 25, 1:45 pm",72,57,61,WSW,15,10,,FEW014,,29.87,30.01,,,,,,,
"Jul 25, 1:40 pm",70,57,64,WSW,14,10,,CLR,,29.87,30.01,,,,,,,
"Jul 25, 1:35 pm",72,57,61,WSW,14G20,10,,CLR,,29.87,30.01,,,,,,,
"Jul 25, 1:30 pm",72,57,61,WSW,14,10,,CLR,,29.87,30.01,,,,,,,
"Jul 25, 1:25 pm",72,57,61,WSW,15,10,,CLR,,29.88,30.02,,,,,,,
"Jul 25, 1:20 pm",72,57,61,WSW,15,10,,CLR,,29.88,30.02,,,,,,,
"Jul 25, 1:15 pm",72,57,61,SW,13,10,,CLR,,29.88,30.02,,,,,,,
"Jul 25, 1:10 pm",72,57,61,SW,13,10,,CLR,,29.88,30.02,,,,,,,
"Jul 25, 1:05 pm",72,57,61,WSW,13,10,,CLR,,29.88,30.02,,,,,,,
"Jul 25, 1:00 pm",72,57,61,SW,13,10,,CLR,,29.88,30.02,,,,,,,
"Jul 25, 12:55 pm",72,57,61,SW,12,10,,CLR,,29.88,30.02,,,,,,,
"Jul 25, 12:53 pm",72,58,61,WSW,13,9,,FEW028 FEW180 SCT250,1016.4,29.88,30.02,,,,,,,
"Jul 25, 12:50 pm",72,57,61,WSW,10G17,9,,FEW028,,29.88,30.02,,,,,,,
"Jul 25, 12:45 pm",72,57,61,WSW,9,10,,CLR,,29.88,30.02,,,,,,,
"Jul 25, 12:40 pm",72,57,61,WSW,9,10,,CLR,,29.88,30.02,,,,,,,
"Jul 25, 12:35 pm",72,57,61,WSW,9,10,,CLR,,29.88,30.02,,,,,,,
"Jul 25, 12:30 pm",72,57,61,WSW,10,10,,CLR,,29.89,30.03,,,,,,,
"Jul 25, 12:25 pm",72,57,61,WSW,12,10,,CLR,,29.89,30.03,,,,,,,
"Jul 25, 12:20 pm",72,57,61,W,12,10,,CLR,,29.89,30.03,,,,,,,
"Jul 25, 12:15 pm",72,57,61,WSW,13,10,,CLR,,29.89,30.03,,,,,,,
"Jul 25, 12:10 pm",72,57,61,WSW,13,10,,CLR,,29.89,30.03,,,,,,,
"Jul 25, 12:05 pm",72,57,61,WSW,13,10,,CLR,,29.89,30.03,,,,,,,
"Jul 25, 12:00 pm",72,57,61,WSW,13,10,,CLR,,29.89,30.03,,,,,,,
"Jul 25, 11:55 am",72,57,61,WSW,14,10,,CLR,,29.89,30.03,,,,,,,
"Jul 25, 11:53 am",72,58,61,SW,13G21,8,,FEW010 FEW027 SCT180,1016.8,29.89,30.03,,,,,,,
"Jul 25, 11:50 am",72,57,61,SSW,13,8,,FEW010 SCT027,,29.89,30.03,,,,,,,
"Jul 25, 11:45 am",72,57,61,SW,13,10,,CLR,,29.89,30.03,,,,,,,
"Jul 25, 11:40 am",72,57,61,SW,13,10,,CLR,,29.89,30.03,,,,,,,
"Jul 25, 11:35 am",72,57,61,SW,15G22,10,,CLR,,29.89,30.03,,,,,,,
"Jul 25, 11:30 am",72,57,61,SW,16,10,,CLR,,29.89,30.03,,,,,,,
"Jul 25, 11:25 am",72,57,61,WSW,15,10,,CLR,,29.89,30.03,,,,,,,
"Jul 25, 11:20 am",70,57,64,SW,15,10,,CLR,,29.89,30.03,,,,,,,
"Jul 25, 11:15 am",70,57,64,SW,13,10,,CLR,,29.89,30.03,,,,,,,
"Jul 25, 11:10 am",72,57,61,WSW,13,10,,CLR,,29.89,30.03,,,,,,,
"Jul 25, 11:05 am",72,57,61,WSW,12,10,,CLR,,29.89,30.03,,,,,,,
"Jul 25, 11:00 am",72,57,61,SW,10,10,,CLR,,29.89,30.03,,,,,,,
"Jul 25, 10:55 am",72,57,61,SW,9,10,,CLR,,29.89,30.03,,,,,,,
"Jul 25, 10:53 am",71,58,63,SE,6,8,,FEW010 SCT025 SCT180,1016.9,29.89,30.03,,,,71,62,,
"Jul 25, 10:50 am",72,57,61,SE,6G20,8,,FEW010 SCT025,,29.89,30.03,,,,,,,
"Jul 25, 10:45 am",72,57,61,SE,6G20,8,,FEW010 SCT020,,29.89,30.03,,,,,,,
"Jul 25, 10:40 am",72,57,61,SE,6G20,8,,FEW010 SCT020,,29.89,30.03,,,,,,,
"Jul 25, 10:35 am",70,57,64,SE,6G20,8,,FEW010 SCT020,,29.89,30.03,,,,,,,
"Jul 25, 10:30 am",70,57,64,SE,6G20,8,,FEW010 SCT020,,29.89,30.03,,,,,,,
"Jul 25, 10:25 am",72,57,61,SE,6G20,8,,FEW010 SCT020,,29.89,30.03,,,,,,,
"Jul 25, 10:20 am",70,57,64,SE,6G20,8,,FEW010 SCT020,,29.9,30.04,,,,,,,
"Jul 25, 10:15 am",70,55,60,SE,6G20,8,,FEW010 SCT020,,29.9,30.04,,,,,,,
"Jul 25, 10:10 am",70,55,60,SE,6G20,8,,FEW010 SCT020,,29.9,30.04,,,,,,,
"Jul 25, 10:05 am",68,57,68,SSE,5,8,,FEW010 SCT020,,29.9,30.04,,,,,,,
"Jul 25, 10:00 am",68,57,68,SW,5,8,,FEW010 SCT020,,29.9,30.04,,,,,,,
"Jul 25, 9:57 am",68,57,68,,5,8,,FEW010 SCT020 BKN180,,29.9,30.04,,,,,,,
"Jul 25, 9:55 am",70,57,64,SSW,5,8,,FEW010 BKN020,,29.9,30.04,,,,,,,
"Jul 25, 9:53 am",68,57,68,,3,8,,FEW010 BKN020 BKN180,1016.9,29.9,30.04,,,,,,,
"Jul 25, 9:50 am",68,57,68,N,0,8,,FEW010 BKN020,,29.9,30.04,,,,,,,
"Jul 25, 9:45 am",68,57,68,S,5,8,,FEW009 BKN019 BKN035,,29.9,30.04,,,,,,,
"Jul 25, 9:40 am",68,57,68,SE,6,8,,FEW009 BKN019 BKN035,,29.9,30.04,,,,,,,
"Jul 25, 9:35 am",66,57,73,SSE,6,8,,FEW009 BKN019 BKN035,,29.9,30.04,,,,,,,
"Jul 25, 9:30 am",66,57,73,N,0,8,,FEW009 BKN018 BKN032,,29.9,30.04,,,,,,,
"Jul 25, 9:25 am",66,57,73,NE,3,8,,FEW009 BKN018 BKN032,,29.89,30.03,,,,,,,
"Jul 25, 9:20 am",66,57,73,NE,5,8,,FEW009 BKN018 BKN032,,29.89,30.03,,,,,,,
"Jul 25, 9:15 am",68,57,68,E,7,8,,FEW009 BKN018 BKN032,,29.89,30.03,,,,,,,
"Jul 25, 9:10 am",68,57,68,ESE,8,8,,FEW009 BKN018 BKN032,,29.9,30.04,,,,,,,
"Jul 25, 9:05 am",68,57,68,E,7,8,,FEW009 BKN018 BKN032,,29.89,30.03,,,,,,,
"Jul 25, 9:00 am",66,57,73,E,6,8,,FEW009 BKN018 BKN032,,29.89,30.03,,,,,,,
"Jul 25, 8:55 am",66,57,73,ENE,6,8,,FEW009 BKN018 BKN032,,29.89,30.03,,,,,,,
"Jul 25, 8:53 am",67,58,73,ENE,6,8,,FEW009 BKN018 BKN032,1016.8,29.89,30.03,,,,,,,
"Jul 25, 8:50 am",66,57,73,NE,7,8,,FEW009 BKN018 BKN032,,29.89,30.03,,,,,,,
"Jul 25, 8:45 am",66,57,73,ENE,7,8,,FEW009 BKN018 BKN032,,29.89,30.03,,,,,,,
"Jul 25, 8:40 am",66,57,73,ESE,7,8,,FEW009 BKN015 BKN032,,29.89,30.03,,,,,,,
"Jul 25, 8:35 am",66,57,73,ENE,5,8,,FEW009 BKN015 BKN032,,29.89,30.03,,,,,,,
"Jul 25, 8:30 am",66,57,73,ESE,7,8,,FEW009 BKN015 BKN032,,29.89,30.03,,,,,,,
"Jul 25, 8:25 am",66,57,73,SSE,6,8,,FEW009 BKN015 BKN032,,29.89,30.03,,,,,,,
"Jul 25, 8:20 am",66,59,78,E,5,8,,FEW009 BKN015 BKN032,,29.89,30.03,,,,,,,
"Jul 25, 8:16 am",66,58,75,SE,5,8,,FEW009 BKN015 BKN032,,29.89,30.03,,,,,,,
"Jul 25, 8:15 am",66,57,73,ESE,5,8,,FEW009 BKN015 BKN032,,29.89,30.03,,,,,,,
"Jul 25, 8:10 am",64,57,77,S,3,10,,SCT015,,29.89,30.03,,,,,,,
"Jul 25, 8:05 am",64,59,83,SE,3,10,,SCT014,,29.89,30.03,,,,,,,
"Jul 25, 8:00 am",64,57,77,E,5,10,,FEW014,,29.89,30.03,,,,,,,
"Jul 25, 7:55 am",64,59,83,SE,5,10,,CLR,,29.89,30.03,,,,,,,
"Jul 25, 7:53 am",64,59,84,SE,6,8,,FEW009 FEW016 SCT030,1016.5,29.89,30.03,,,,,,,
"Jul 25, 7:50 am",64,59,83,ESE,6,8,,FEW009 FEW016 SCT030,,29.89,30.03,,,,,,,
"Jul 25, 7:45 am",64,59,83,ESE,6,10,,CLR,,29.89,30.03,,,,,,,
"Jul 25, 7:40 am",63,57,83,ESE,5,10,,CLR,,29.88,30.02,,,,,,,
"Jul 25, 7:35 am",63,57,83,SE,6,10,,CLR,,29.88,30.02,,,,,,,
"Jul 25, 7:30 am",63,57,83,SE,7,10,,CLR,,29.88,30.02,,,,,,,
"Jul 25, 7:25 am",63,59,88,ESE,5,10,,CLR,,29.88,30.02,,,,,,,
"Jul 25, 7:20 am",64,59,83,ESE,5,10,,CLR,,29.88,30.02,,,,,,,
"Jul 25, 7:15 am",64,59,83,ESE,7,10,,CLR,,29.88,30.02,,,,,,,
"Jul 25, 7:10 am",63,59,88,SE,7,10,,CLR,,29.88,30.02,,,,,,,
"Jul 25, 7:05 am",63,57,83,ESE,6,10,,CLR,,29.88,30.02,,,,,,,
"Jul 25, 7:00 am",63,57,83,SE,5,10,,CLR,,29.88,30.02,,,,,,,
"Jul 25, 6:55 am",63,57,83,SE,5,10,,CLR,,29.88,30.02,,,,,,,
"Jul 25, 6:53 am",63,58,84,SE,5,8,,FEW009 FEW015 SCT027,1016.2,29.88,30.02,,,,,,,
"Jul 25, 6:50 am",63,57,83,SSE,3,8,,FEW009 FEW015 SCT027,,29.88,30.02,,,,,,,
"Jul 25, 6:45 am",63,57,83,SE,5,10,,FEW009 FEW012 SCT025,,29.87,30.01,,,,,,,
"Jul 25, 6:40 am",63,57,83,SSE,5,10,,FEW009 FEW012 SCT025,,29.87,30.01,,,,,,,
"Jul 25, 6:35 am",63,57,83,S,6,10,,FEW009 FEW012 SCT025,,29.87,30.01,,,,,,,
"Jul 25, 6:30 am",63,57,83,SE,6,10,,FEW009 FEW012 SCT025,,29.87,30.01,,,,,,,
"Jul 25, 6:25 am",63,57,83,SE,6,10,,FEW009 FEW012 SCT025,,29.87,30.01,,,,,,,
"Jul 25, 6:20 am",63,57,83,SE,8,10,,FEW009 FEW012 SCT025,,29.86,30,,,,,,,
"Jul 25, 6:15 am",63,57,83,SE,7,10,,FEW009 FEW012 SCT025,,29.86,30,,,,,,,
"Jul 25, 6:10 am",63,57,83,ESE,6,10,,FEW009 FEW012 SCT025,,29.86,30,,,,,,,
"Jul 25, 6:05 am",63,57,83,SE,5,10,,FEW009 FEW012 SCT025,,29.86,30,,,,,,,
"Jul 25, 6:00 am",63,57,83,ESE,6,10,,FEW009 FEW012 SCT025,,29.86,30,,,,,,,
"Jul 25, 5:55 am",63,57,83,SSE,7,10,,FEW009 FEW012 SCT025,,29.86,30,,,,,,,
"Jul 25, 5:53 am",62,59,90,SE,7,10,,FEW009 FEW012 SCT025,1015.7,29.86,30,,,,,,,
"Jul 25, 5:50 am",63,59,88,SE,7,10,,FEW009 FEW011,,29.86,30,,,,,,,
"Jul 25, 5:45 am",63,57,83,SE,7,10,,FEW009 FEW011,,29.86,30,,,,,,,
"Jul 25, 5:40 am",63,57,83,SE,6,10,,FEW009 FEW011,,29.86,30,,,,,,,
"Jul 25, 5:35 am",63,57,83,SE,6,10,,FEW009 FEW011,,29.86,30,,,,,,,
"Jul 25, 5:30 am",63,57,83,SE,5,10,,FEW009 FEW011,,29.86,30,,,,,,,
"Jul 25, 5:25 am",63,57,83,SSE,6,10,,FEW009 FEW011,,29.86,30,,,,,,,
"Jul 25, 5:20 am",63,57,83,S,5,10,,FEW009 FEW011,,29.86,30,,,,,,,
"Jul 25, 5:15 am",63,57,83,S,6,10,,FEW009 FEW011,,29.86,30,,,,,,,
"Jul 25, 5:10 am",63,57,83,S,7,10,,FEW009 FEW011,,29.86,30,,,,,,,
"Jul 25, 5:05 am",63,57,83,S,6,10,,FEW009 FEW011,,29.86,30,,,,,,,
"Jul 25, 5:00 am",63,57,83,S,8,10,,CLR,,29.86,30,,,,,,,
"Jul 25, 4:55 am",63,57,83,S,7,10,,CLR,,29.86,30,,,,,,,
"Jul 25, 4:53 am",62,58,86,S,7,10,,FEW009 FEW011 SCT180,1015.7,29.86,30,,,,64,62,,
"Jul 25, 4:50 am",63,57,83,S,8,10,,FEW009 FEW011,,29.86,30,,,,,,,
"Jul 25, 4:45 am",63,57,83,SSE,8,10,,FEW009 SCT011,,29.86,30,,,,,,,
"Jul 25, 4:40 am",63,57,83,SSE,8,10,,FEW009 FEW012,,29.86,30,,,,,,,
"Jul 25, 4:35 am",63,57,83,SSE,8,10,,FEW009 FEW012,,29.86,30,,,,,,,
"Jul 25, 4:30 am",63,57,83,SSE,7,10,,CLR,,29.86,30,,,,,,,
"Jul 25, 4:25 am",63,57,83,SSE,7,10,,CLR,,29.86,30,,,,,,,
"Jul 25, 4:20 am",63,57,83,SSE,8,10,,CLR,,29.86,30,,,,,,,
"Jul 25, 4:15 am",63,57,83,SSE,8,10,,CLR,,29.86,30,,,,,,,
"Jul 25, 4:10 am",63,57,83,SSE,8,10,,CLR,,29.86,30,,,,,,,
"Jul 25, 4:05 am",63,59,88,SE,9,10,,CLR,,29.86,30,,,,,,,
"Jul 25, 4:00 am",63,59,88,SSE,8,10,,CLR,,29.86,30,,,,,,,
"Jul 25, 3:55 am",63,59,88,SE,6,10,,CLR,,29.86,30,,,,,,,
"Jul 25, 3:53 am",62,59,90,SE,7,10,,FEW009 FEW011 SCT180,1015.7,29.86,30,,,,,,,
"Jul 25, 3:50 am",63,59,88,SE,7,10,,FEW009 FEW011,,29.86,30,,,,,,,
"Jul 25, 3:46 am",62,59,90,SE,8,10,,FEW009 FEW011 SCT180,,29.86,30,,,,,,,
"Jul 25, 3:45 am",63,59,88,SE,7,10,,SCT011,,29.86,30,,,,,,,
"Jul 25, 3:40 am",63,59,88,SE,7,10,,SCT011,,29.86,30,,,,,,,
"Jul 25, 3:35 am",63,59,88,SE,7,10,,SCT011,,29.86,30,,,,,,,
"Jul 25, 3:30 am",63,59,88,SE,7,10,,SCT011,,29.86,30,,,,,,,
"Jul 25, 3:25 am",63,59,88,SE,6,9,,SCT011,,29.86,30,,,,,,,
"Jul 25, 3:20 am",63,59,88,SE,7,9,,SCT011,,29.86,30,,,,,,,
"Jul 25, 3:15 am",63,59,88,SSE,6,10,,SCT011,,29.86,30,,,,,,,
"Jul 25, 3:10 am",63,59,88,SE,7,10,,SCT011,,29.86,30,,,,,,,
"Jul 25, 3:05 am",63,59,88,SSE,7,10,,SCT011,,29.87,30.01,,,,,,,
"Jul 25, 3:00 am",63,61,94,SSE,7,10,,SCT011,,29.87,30.01,,,,,,,
"Jul 25, 2:55 am",63,61,94,SSE,3,10,,SCT011,,29.87,30.01,,,,,,,
"Jul 25, 2:53 am",63,60,90,N,0,10,,SCT012,1015.9,29.87,30.01,,,,,,,
"Jul 25, 2:50 am",63,61,94,N,0,10,,FEW012,,29.87,30.01,,,,,,,
"Jul 25, 2:45 am",63,61,94,WSW,5,10,,FEW012,,29.87,30.01,,,,,,,
"Jul 25, 2:40 am",64,61,88,SW,3,10,,FEW012,,29.87,30.01,,,,,,,
"Jul 25, 2:35 am",64,61,88,SW,5,10,,FEW012,,29.87,30.01,,,,,,,
"Jul 25, 2:30 am",64,61,88,SW,5,10,,FEW012,,29.87,30.01,,,,,,,
"Jul 25, 2:25 am",64,61,88,SW,5,10,,FEW012,,29.88,30.02,,,,,,,
"Jul 25, 2:20 am",64,61,88,N,0,10,,FEW012,,29.87,30.01,,,,,,,
"Jul 25, 2:15 am",64,61,88,N,0,10,,FEW012,,29.87,30.01,,,,,,,
"Jul 25, 2:10 am",64,61,88,SW,3,10,,FEW012,,29.87,30.01,,,,,,,
"Jul 25, 2:05 am",64,61,88,SSW,3,10,,FEW012,,29.87,30.01,,,,,,,
"Jul 25, 2:00 am",64,61,88,SW,3,10,,FEW012,,29.87,30.01,,,,,,,
"Jul 25, 1:55 am",64,61,88,N,0,10,,FEW010,,29.88,30.02,,,,,,,
"Jul 25, 1:53 am",64,60,87,N,0,10,,FEW015,1016.2,29.88,30.02,,,,,,,
"Jul 25, 1:50 am",64,59,83,N,0,10,,FEW015,,29.88,30.02,,,,,,,
"Jul 25, 1:45 am",64,59,83,N,0,10,,FEW015,,29.88,30.02,,,,,,,
"Jul 25, 1:40 am",64,59,83,N,0,10,,FEW015,,29.88,30.02,,,,,,,
"Jul 25, 1:35 am",64,59,83,N,0,10,,FEW015,,29.88,30.02,,,,,,,
"Jul 25, 1:30 am",64,59,83,N,0,10,,FEW015,,29.88,30.02,,,,,,,
"Jul 25, 1:25 am",64,61,88,N,0,10,,FEW015,,29.88,30.02,,,,,,,
"Jul 25, 1:20 am",64,59,83,SW,5,10,,FEW015,,29.88,30.02,,,,,,,
"Jul 25, 1:15 am",64,59,83,WSW,3,10,,FEW015,,29.88,30.02,,,,,,,
"Jul 25, 1:10 am",64,59,83,N,0,10,,FEW015,,29.88,30.02,,,,,,,
"Jul 25, 1:05 am",64,59,83,SSW,3,10,,FEW015,,29.88,30.02,,,,,,,
"Jul 25, 1:00 am",64,61,88,N,0,10,,FEW015,,29.88,30.02,,,,,,,
"Jul 25, 12:55 am",64,59,83,SW,3,10,,CLR,,29.88,30.02,,,,,,,
"Jul 25, 12:53 am",64,59,84,SSW,5,10,,FEW015,1016.4,29.88,30.02,,,,,,72,61
"Jul 25, 12:50 am",64,59,83,N,0,10,,FEW015,,29.88,30.02,,,,,,,
"Jul 25, 12:45 am",64,61,88,SW,5,10,,FEW015,,29.88,30.02,,,,,,,
"Jul 25, 12:40 am",64,61,88,SSW,3,10,,FEW015,,29.88,30.02,,,,,,,
"Jul 25, 12:35 am",64,61,88,N,0,10,,FEW015,,29.89,30.03,,,,,,,
"Jul 25, 12:30 am",64,61,88,SSW,3,10,,FEW015,,29.89,30.03,,,,,,,
"Jul 25, 12:25 am",64,61,88,S,3,10,,FEW015,,29.89,30.03,,,,,,,
"Jul 25, 12:20 am",64,61,88,SW,5,10,,FEW015,,29.89,30.03,,,,,,,
"Jul 25, 12:15 am",64,61,88,N,0,10,,FEW015,,29.89,30.03,,,,,,,
"Jul 25, 12:10 am",64,61,88,SSW,3,10,,FEW015,,29.89,30.03,,,,,,,
"Jul 25, 12:05 am",64,61,88,SSW,5,10,,FEW015,,29.89,30.03,,,,,,,
"Jul 25, 12:00 am",64,61,88,SSW,5,10,,FEW015,,29.89,30.03,,,,,,,
"Jul 24, 11:55 pm",63,61,94,SW,6,10,,FEW015,,29.89,30.03,,,,,,,
"Jul 24, 11:53 pm",64,60,87,SSW,6,10,,FEW015,1016.7,29.89,30.03,,,,,,,
"Jul 24, 11:50 pm",64,61,88,SW,7,10,,FEW015,,29.89,30.03,,,,,,,
"Jul 24, 11:45 pm",64,61,88,SW,7,10,,FEW015,,29.89,30.03,,,,,,,
"Jul 24, 11:40 pm",64,61,88,SW,8,10,,FEW015,,29.9,30.04,,,,,,,
"Jul 24, 11:35 pm",64,61,88,SW,7,10,,FEW015,,29.9,30.04,,,,,,,
"Jul 24, 11:30 pm",63,59,88,SW,7,10,,FEW015,,29.9,30.04,,,,,,,
"Jul 24, 11:25 pm",64,59,83,SW,8,10,,FEW015,,29.89,30.03,,,,,,,
"Jul 24, 11:20 pm",64,59,83,SW,9,10,,FEW015,,29.89,30.03,,,,,,,
"Jul 24, 11:15 pm",63,59,88,SW,9,10,,FEW015,,29.9,30.04,,,,,,,
"Jul 24, 11:10 pm",63,59,88,SW,10,10,,FEW015,,29.9,30.04,,,,,,,
"Jul 24, 11:05 pm",63,59,88,SW,10,10,,FEW015,,29.89,30.03,,,,,,,
"Jul 24, 11:00 pm",64,59,83,SW,12,10,,FEW015,,29.89,30.03,,,,,,,
"Jul 24, 10:55 pm",64,59,83,SW,12,10,,FEW015,,29.89,30.03,,,,,,,
"Jul 24, 10:53 pm",64,59,84,SW,12,10,,FEW015,1016.7,29.89,30.03,,,,70,64,,
"Jul 24, 10:50 pm",64,59,83,SW,10,10,,FEW015,,29.89,30.03,,,,,,,
"Jul 24, 10:45 pm",64,59,83,SW,12,10,,FEW015,,29.89,30.03,,,,,,,
"Jul 24, 10:40 pm",64,59,83,SW,12,10,,CLR,,29.89,30.03,,,,,,,
"Jul 24, 10:35 pm",64,59,83,SW,10,10,,CLR,,29.9,30.04,,,,,,,
"Jul 24, 10:30 pm",64,59,83,SW,10,10,,CLR,,29.9,30.04,,,,,,,
"Jul 24, 10:25 pm",64,59,83,SW,12,10,,CLR,,29.9,30.04,,,,,,,
"Jul 24, 10:20 pm",64,59,83,SW,12,8,,CLR,,29.9,30.04,,,,,,,
"Jul 24, 10:15 pm",64,59,83,SW,12,8,,CLR,,29.9,30.04,,,,,,,
"Jul 24, 10:10 pm",64,59,83,WSW,13,10,,CLR,,29.9,30.04,,,,,,,
"Jul 24, 10:05 pm",64,59,83,WSW,13,10,,CLR,,29.9,30.04,,,,,,,
"Jul 24, 10:00 pm",64,59,83,SW,14,10,,CLR,,29.9,30.04,,,,,,,
"Jul 24, 9:55 pm",64,59,83,SW,13,10,,CLR,,29.9,30.04,,,,,,,
"Jul 24, 9:53 pm",64,59,84,WSW,10,10,,CLR,1016.9,29.9,30.04,,,,,,,
"Jul 24, 9:50 pm",64,59,83,SW,13,10,,CLR,,29.9,30.04,,,,,,,
"Jul 24, 9:45 pm",64,59,83,SW,13,10,,CLR,,29.89,30.03,,,,,,,
"Jul 24, 9:40 pm",64,59,83,SW,12,10,,CLR,,29.89,30.03,,,,,,,
"Jul 24, 9:35 pm",64,57,77,WSW,12,10,,CLR,,29.89,30.03,,,,,,,
"Jul 24, 9:30 pm",64,57,77,WSW,13,10,,CLR,,29.89,30.03,,,,,,,
"Jul 24, 9:25 pm",64,57,77,WSW,13,10,,CLR,,29.89,30.03,,,,,,,
"Jul 24, 9:20 pm",64,57,77,WSW,10,10,,CLR,,29.89,30.03,,,,,,,
"Jul 24, 9:15 pm",64,57,77,WSW,15,10,,CLR,,29.88,30.02,,,,,,,
"Jul 24, 9:10 pm",66,57,73,WSW,14,10,,CLR,,29.88,30.02,,,,,,,
"Jul 24, 9:05 pm",66,57,73,W,14,10,,CLR,,29.88,30.02,,,,,,,
"Jul 24, 9:00 pm",66,57,73,W,16,10,,CLR,,29.88,30.02,,,,,,,
"Jul 24, 8:55 pm",66,57,73,W,14,10,,CLR,,29.88,30.02,,,,,,,
"Jul 24, 8:53 pm",66,57,73,WSW,13,10,,CLR,1016.4,29.88,30.02,,,,,,,
"Jul 24, 8:50 pm",64,57,77,W,13,10,,CLR,,29.88,30.02,,,,,,,
"Jul 24, 8:45 pm",64,57,77,WSW,13,10,,CLR,,29.88,30.02,,,,,,,
"Jul 24, 8:40 pm",64,57,77,WSW,12,10,,CLR,,29.88,30.02,,,,,,,
"Jul 24, 8:35 pm",64,57,77,WSW,13,10,,CLR,,29.88,30.02,,,,,,,
"Jul 24, 8:30 pm",64,57,77,WSW,12,10,,CLR,,29.88,30.02,,,,,,,
"Jul 24, 8:25 pm",64,57,77,WSW,12,10,,CLR,,29.88,30.02,,,,,,,
"Jul 24, 8:20 pm",64,57,77,SW,13,10,,CLR,,29.88,30.02,,,,,,,
"Jul 24, 8:15 pm",64,57,77,WSW,12,10,,CLR,,29.88,30.02,,,,,,,
"Jul 24, 8:10 pm",64,57,77,WSW,14,10,,CLR,,29.88,30.02,,,,,,,
"Jul 24, 8:05 pm",64,57,77,WSW,12,10,,CLR,,29.88,30.02,,,,,,,
"Jul 24, 8:00 pm",64,57,77,WSW,14,10,,CLR,,29.88,30.02,,,,,,,
"Jul 24, 7:55 pm",64,57,77,WSW,13,10,,CLR,,29.88,30.02,,,,,,,
"Jul 24, 7:53 pm",65,58,78,WSW,14,10,,FEW015 FEW250,1016.4,29.88,30.02,,,,,,,
"Jul 24, 7:50 pm",64,57,77,WSW,17,10,,FEW015,,29.88,30.02,,,,,,,
"Jul 24, 7:45 pm",64,57,77,W,16,10,,FEW015,,29.88,30.02,,,,,,,
"Jul 24, 7:40 pm",66,59,78,W,15,10,,FEW015,,29.88,30.02,,,,,,,
"Jul 24, 7:35 pm",66,59,78,WSW,16,10,,FEW015,,29.88,30.02,,,,,,,
"Jul 24, 7:30 pm",66,61,83,WSW,17,10,,FEW015,,29.88,30.02,,,,,,,
"Jul 24, 7:25 pm",66,59,78,W,18,10,,FEW015,,29.88,30.02,,,,,,,
"Jul 24, 7:20 pm",66,59,78,WSW,17,10,,FEW015,,29.88,30.02,,,,,,,
"Jul 24, 7:15 pm",66,59,78,WSW,20,10,,FEW015,,29.88,30.02,,,,,,,
"Jul 24, 7:10 pm",66,59,78,WSW,17,10,,FEW015,,29.88,30.02,,,,,,,
"Jul 24, 7:05 pm",66,59,78,W,18,10,,CLR,,29.88,30.02,,,,,,,
"Jul 24, 7:00 pm",66,57,73,W,20,10,,CLR,,29.88,30.02,,,,,,,
"Jul 24, 6:55 pm",66,57,73,W,17,10,,CLR,,29.88,30.02,,,,,,,
"Jul 24, 6:53 pm",67,58,73,W,18,10,,FEW015 FEW250,1016.4,29.88,30.02,,,,,,,
"Jul 24, 6:50 pm",66,57,73,W,20,10,,FEW015,,29.88,30.02,,,,,,,
"Jul 24, 6:45 pm",68,57,68,W,17,10,,CLR,,29.88,30.02,,,,,,,
"Jul 24, 6:40 pm",66,57,73,WSW,16,10,,CLR,,29.88,30.02,,,,,,,
"Jul 24, 6:35 pm",68,57,68,WSW,18,10,,CLR,,29.88,30.02,,,,,,,
"Jul 24, 6:30 pm",68,57,68,WSW,17,10,,CLR,,29.88,30.02,,,,,,,
"Jul 24, 6:25 pm",68,57,68,W,16,10,,CLR,,29.88,30.02,,,,,,,
"Jul 24, 6:20 pm",70,57,64,W,17,10,,CLR,,29.88,30.02,,,,,,,
"Jul 24, 6:15 pm",68,57,68,W,15,10,,CLR,,29.88,30.02,,,,,,,
"Jul 24, 6:10 pm",68,59,73,W,15,10,,CLR,,29.88,30.02,,,,,,,
"Jul 24, 6:05 pm",70,59,69,W,15,10,,CLR,,29.88,30.02,,,,,,,
"Jul 24, 6:00 pm",70,59,69,W,15,10,,CLR,,29.88,30.02,,,,,,,
"Jul 24, 5:55 pm",70,59,69,W,16,10,,CLR,,29.89,30.03,,,,,,,
"Jul 24, 5:53 pm",69,59,70,W,15,10,,FEW015 FEW250,1016.6,29.89,30.03,,,,,,,
"Jul 24, 5:50 pm",70,59,69,W,15,10,,FEW015,,29.89,30.03,,,,,,,
"Jul 24, 5:45 pm",70,61,73,W,14G20,10,,CLR,,29.89,30.03,,,,,,,
"Jul 24, 5:40 pm",70,61,73,WSW,15,10,,CLR,,29.89,30.03,,,,,,,
"Jul 24, 5:35 pm",70,61,73,WSW,15,10,,CLR,,29.89,30.03,,,,,,,
"Jul 24, 5:30 pm",70,61,73,WSW,15,10,,CLR,,29.89,30.03,,,,,,,
"Jul 24, 5:25 pm",70,61,73,WSW,14,10,,CLR,,29.89,30.03,,,,,,,
"Jul 24, 5:20 pm",70,61,73,WSW,14,10,,CLR,,29.9,30.04,,,,,,,
"Jul 24, 5:15 pm",70,61,73,W,14,10,,CLR,,29.9,30.04,,,,,,,
"Jul 24, 5:10 pm",70,61,73,WSW,14,10,,CLR,,29.9,30.04,,,,,,,
"Jul 24, 5:05 pm",70,61,73,WSW,14,10,,CLR,,29.9,30.04,,,,,,,
"Jul 24, 5:00 pm",70,61,73,WSW,13,10,,CLR,,29.9,30.04,,,,,,,
"Jul 24, 4:55 pm",70,61,73,WSW,14,10,,CLR,,29.9,30.04,,,,,,,
"Jul 24, 4:53 pm",70,60,71,WSW,14,10,,FEW015 FEW250,1017.2,29.9,30.04,,,,72,70,,
"Jul 24, 4:50 pm",70,61,73,WSW,14,10,,FEW015,,29.9,30.04,,,,,,,
"Jul 24, 4:45 pm",70,61,73,WSW,15,10,,CLR,,29.91,30.05,,,,,,,
"Jul 24, 4:40 pm",70,59,69,WSW,14,10,,CLR,,29.91,30.05,,,,,,,
"Jul 24, 4:35 pm",70,59,69,WSW,14,10,,CLR,,29.91,30.05,,,,,,,
"Jul 24, 4:30 pm",70,61,73,W,15,10,,CLR,,29.91,30.05,,,,,,,
"Jul 24, 4:25 pm",72,61,69,W,15,10,,CLR,,29.91,30.05,,,,,,,
"Jul 24, 4:20 pm",70,61,73,WSW,13,10,,CLR,,29.91,30.05,,,,,,,
"Jul 24, 4:15 pm",70,61,73,WSW,15,10,,CLR,,29.91,30.05,,,,,,,
"Jul 24, 4:10 pm",70,59,69,WSW,14,10,,CLR,,29.91,30.05,,,,,,,
"Jul 24, 4:05 pm",70,61,73,WSW,16,10,,CLR,,29.91,30.05,,,,,,,
"Jul 24, 4:00 pm",70,59,69,WSW,16,10,,CLR,,29.91,30.05,,,,,,,
"Jul 24, 3:55 pm",72,59,65,WSW,15,10,,CLR,,29.91,30.05,,,,,,,
"Jul 24, 3:53 pm",70,59,68,W,16,10,,FEW012 FEW250,1017.5,29.91,30.05,,,,,,,
"Jul 24, 3:50 pm",70,59,69,WSW,16,10,,FEW012,,29.91,30.05,,,,,,,
"Jul 24, 3:45 pm",72,59,65,WSW,16,10,,CLR,,29.92,30.06,,,,,,,
"Jul 24, 3:40 pm",72,59,65,WSW,16,10,,CLR,,29.92,30.06,,,,,,,
"Jul 24, 3:35 pm",70,59,69,SW,15,10,,CLR,,29.92,30.06,,,,,,,
"Jul 24, 3:30 pm",70,59,69,WSW,16,10,,CLR,,29.92,30.06,,,,,,,
"Jul 24, 3:25 pm",72,59,65,WSW,15,10,,CLR,,29.92,30.06,,,,,,,
"Jul 24, 3:20 pm",72,59,65,WSW,15,10,,CLR,,29.93,30.07,,,,,,,
"Jul 24, 3:15 pm",70,59,69,WSW,15,10,,CLR,,29.93,30.07,,,,,,,
"Jul 24, 3:10 pm",70,59,69,WSW,16,10,,CLR,,29.93,30.07,,,,,,,
"Jul 24, 3:05 pm",72,59,65,WSW,17,10,,CLR,,29.93,30.07,,,,,,,
"Jul 24, 3:00 pm",70,57,64,WSW,16,10,,CLR,,29.93,30.07,,,,,,,
"Jul 24, 2:55 pm",72,57,61,WSW,15G21,10,,CLR,,29.93,30.07,,,,,,,
"Jul 24, 2:53 pm",71,59,66,WSW,16G23,10,,FEW012 FEW250,1018.3,29.93,30.07,,,,,,,
"Jul 24, 2:50 pm",70,59,69,WSW,14,10,,FEW012,,29.93,30.07,,,,,,,
"Jul 24, 2:45 pm",70,59,69,WSW,14,10,,CLR,,29.94,30.08,,,,,,,
"Jul 24, 2:40 pm",70,59,69,W,14,10,,CLR,,29.94,30.08,,,,,,,
"Jul 24, 2:35 pm",72,61,69,WSW,13,10,,CLR,,29.94,30.08,,,,,,,
"Jul 24, 2:30 pm",70,59,69,WSW,15,10,,CLR,,29.94,30.08,,,,,,,
"Jul 24, 2:25 pm",70,61,73,SW,13,10,,CLR,,29.94,30.08,,,,,,,
"Jul 24, 2:20 pm",72,61,69,WSW,14,10,,CLR,,29.94,30.08,,,,,,,
"Jul 24, 2:15 pm",72,59,65,SW,13,10,,CLR,,29.94,30.08,,,,,,,
"Jul 24, 2:10 pm",72,59,65,W,14,10,,CLR,,29.94,30.08,,,,,,,
"Jul 24, 2:05 pm",70,61,73,W,13,10,,CLR,,29.94,30.08,,,,,,,
"Jul 24, 2:00 pm",70,59,69,WSW,14,10,,CLR,,29.94,30.08,,,,,,,
"Jul 24, 1:55 pm",72,61,69,W,14,10,,CLR,,29.94,30.08,,,,,,,
"Jul 24, 1:53 pm",71,60,68,WSW,12G22,10,,SCT012 SCT240,1018.6,29.94,30.08,,,,,,,
"Jul 24, 1:50 pm",72,61,69,WSW,14,10,,SCT012,,29.94,30.08,,,,,,,
"Jul 24, 1:45 pm",72,61,69,SW,15,10,,SCT012,,29.95,30.09,,,,,,,
"Jul 24, 1:40 pm",72,61,69,WSW,15,10,,FEW011,,29.95,30.09,,,,,,,
"Jul 24, 1:35 pm",72,61,69,W,15,10,,FEW011,,29.95,30.09,,,,,,,
"Jul 24, 1:30 pm",72,61,69,W,14,10,,FEW011,,29.95,30.09,,,,,,,
"Jul 24, 1:25 pm",72,61,69,WSW,14,10,,FEW011,,29.95,30.09,,,,,,,
"Jul 24, 1:20 pm",72,61,69,W,16,10,,FEW011,,29.95,30.09,,,,,,,
"Jul 24, 1:15 pm",72,61,69,WSW,13G18,10,,FEW011,,29.95,30.09,,,,,,,
"Jul 24, 1:10 pm",72,61,69,WSW,15,10,,CLR,,29.95,30.09,,,,,,,
"Jul 24, 1:05 pm",72,61,69,WSW,14,10,,CLR,,29.96,30.1,,,,,,,
"Jul 24, 1:00 pm",72,61,69,WSW,14G20,10,,CLR,,29.96,30.1,,,,,,,
"Jul 24, 12:55 pm",72,61,69,W,16,10,,CLR,,29.96,30.1,,,,,,,
"Jul 24, 12:53 pm",71,60,68,W,16,10,,FEW011 SCT220 SCT270,1019.1,29.96,30.1,,,,,,,
"Jul 24, 12:50 pm",72,61,69,W,17,10,,FEW011,,29.96,30.1,,,,,,,
"Jul 24, 12:45 pm",72,61,69,WSW,15,10,,FEW011,,29.96,30.1,,,,,,,
"Jul 24, 12:40 pm",72,61,69,W,16,10,,FEW011,,29.96,30.1,,,,,,,
"Jul 24, 12:35 pm",72,61,69,WSW,14,10,,FEW011,,29.96,30.1,,,,,,,
"Jul 24, 12:30 pm",72,61,69,WSW,15,10,,FEW011,,29.96,30.1,,,,,,,
"Jul 24, 12:25 pm",72,61,69,WSW,13,10,,FEW011,,29.96,30.1,,,,,,,
"Jul 24, 12:20 pm",72,61,69,SW,13,10,,FEW011,,29.96,30.1,,,,,,,
"Jul 24, 12:15 pm",72,61,69,SW,14,10,,FEW011,,29.96,30.1,,,,,,,
"Jul 24, 12:10 pm",72,61,69,WSW,13,10,,FEW011,,29.96,30.1,,,,,,,
"Jul 24, 12:05 pm",72,61,69,WSW,15G21,9,,FEW011,,29.96,30.1,,,,,,,
"Jul 24, 12:00 pm",72,61,69,WSW,14,9,,CLR,,29.96,30.1,,,,,,,
"Jul 24, 11:55 am",72,61,69,SW,15,10,,CLR,,29.96,30.1,,,,,,,
"Jul 24, 11:53 am",71,60,68,WSW,14,10,,FEW011 SCT220 SCT270,1019.2,29.96,30.1,,,,,,,
"Jul 24, 11:50 am",72,61,69,SW,14,10,,FEW011 FEW015,,29.96,30.1,,,,,,,
"Jul 24, 11:45 am",72,61,69,WSW,14,10,,FEW011 FEW015,,29.96,30.1,,,,,,,
"Jul 24, 11:40 am",72,61,69,SW,12G18,10,,FEW011 FEW015,,29.96,30.1,,,,,,,
"Jul 24, 11:35 am",72,61,69,WSW,13,10,,FEW011 FEW015,,29.96,30.1,,,,,,,
"Jul 24, 11:30 am",72,61,69,WSW,15,10,,FEW011 FEW015,,29.96,30.1,,,,,,,
"Jul 24, 11:25 am",72,61,69,WSW,14,10,,FEW011 FEW015,,29.96,30.1,,,,,,,
"Jul 24, 11:20 am",72,61,69,WSW,16,10,,FEW011 FEW015,,29.96,30.1,,,,,,,
"Jul 24, 11:15 am",72,61,69,SW,13,10,,FEW011 FEW015,,29.96,30.1,,,,,,,
"Jul 24, 11:10 am",72,59,65,SSW,10,10,,FEW011 FEW015,,29.96,30.1,,,,,,,
"Jul 24, 11:05 am",72,61,69,SSW,13,10,,FEW011 FEW015,,29.96,30.1,,,,,,,
"Jul 24, 11:00 am",72,59,65,SSW,10,10,,FEW011 FEW015,,29.96,30.1,,,,,,,
"Jul 24, 10:55 am",72,61,69,SSW,10,10,,FEW011 FEW015,,29.96,30.1,,,,,,,
"Jul 24, 10:53 am",72,60,66,SW,12,10,,FEW011 FEW015 SCT200,1019,29.96,30.1,,,,72,61,,
"Jul 24, 10:50 am",72,61,69,SW,10,10,,FEW011 FEW015,,29.96,30.1,,,,,,,
"Jul 24, 10:45 am",72,61,69,SSW,10,10,,FEW011 FEW015,,29.96,30.1,,,,,,,
"Jul 24, 10:40 am",72,61,69,WSW,13,10,,FEW011 FEW015,,29.96,30.1,,,,,,,
"Jul 24, 10:35 am",72,61,69,SW,12,10,,FEW011 FEW015,,29.96,30.1,,,,,,,
"Jul 24, 10:30 am",72,61,69,WSW,12,10,,FEW011 FEW015,,29.96,30.1,,,,,,,
"Jul 24, 10:25 am",72,61,69,WSW,12,10,,FEW016,,29.95,30.09,,,,,,,
"Jul 24, 10:20 am",72,61,69,SW,12,10,,FEW016,,29.96,30.1,,,,,,,
"Jul 24, 10:15 am",72,61,69,SW,10,10,,FEW016,,29.96,30.1,,,,,,,
"Jul 24, 10:10 am",72,61,69,WSW,10,10,,FEW016,,29.96,30.1,,,,,,,
"Jul 24, 10:05 am",72,61,69,WSW,10,10,,FEW016,,29.95,30.09,,,,,,,
"Jul 24, 10:00 am",72,61,69,WSW,9,10,,FEW016,,29.95,30.09,,,,,,,
"Jul 24, 9:55 am",72,61,69,W,8,10,,FEW016,,29.95,30.09,,,,,,,
"Jul 24, 9:53 am",71,60,68,S,5,10,,FEW016 SCT200,1018.9,29.95,30.09,,,,,,,
"Jul 24, 9:50 am",70,61,73,S,5G20,10,,FEW016,,29.95,30.09,,,,,,,
"Jul 24, 9:45 am",70,59,69,,,10,,SCT016,,29.96,30.1,,,,,,,
"Jul 24, 9:40 am",70,59,69,S,3,10,,SCT016,,29.96,30.1,,,,,,,
"Jul 24, 9:35 am",70,59,69,SE,3,10,,SCT016,,29.96,30.1,,,,,,,
"Jul 24, 9:30 am",70,59,69,S,6,10,,SCT016,,29.96,30.1,,,,,,,
"Jul 24, 9:25 am",70,59,69,N,0,10,,SCT016,,29.96,30.1,,,,,,,
"Jul 24, 9:20 am",70,59,69,SE,3,10,,SCT016,,29.96,30.1,,,,,,,
"Jul 24, 9:15 am",70,59,69,SE,5,10,,SCT016,,29.96,30.1,,,,,,,
"Jul 24, 9:11 am",69,59,70,S,5,10,,SCT016 BKN200,,29.96,30.1,,,,,,,
"Jul 24, 9:10 am",70,59,69,S,6,10,,SCT016,,29.96,30.1,,,,,,,
"Jul 24, 9:05 am",68,59,73,S,3,10,,FEW009 BKN015,,29.96,30.1,,,,,,,
"Jul 24, 9:00 am",68,59,73,S,3,10,,FEW009 BKN015,,29.96,30.1,,,,,,,
"Jul 24, 8:55 am",68,59,73,S,5,10,,FEW009 BKN015,,29.96,30.1,,,,,,,
"Jul 24, 8:53 am",68,59,73,S,5,10,,FEW009 BKN015 BKN200,1019.1,29.96,30.1,,,,,,,
"Jul 24, 8:50 am",68,59,73,S,5,10,,FEW009 BKN015,,29.96,30.1,,,,,,,
"Jul 24, 8:45 am",66,59,78,SSE,5,10,,FEW009 BKN015,,29.96,30.1,,,,,,,
"Jul 24, 8:40 am",68,59,73,ESE,6,10,,FEW009 BKN015 BKN200,,29.96,30.1,,,,,,,
"Jul 24, 8:35 am",66,59,78,ESE,6,10,,FEW008 BKN013,,29.95,30.09,,,,,,,
"Jul 24, 8:30 am",66,59,78,E,7,10,,FEW008 BKN013,,29.95,30.09,,,,,,,
"Jul 24, 8:25 am",66,59,78,ESE,3,10,,FEW008 BKN013,,29.95,30.09,,,,,,,
"Jul 24, 8:20 am",66,59,78,SSE,5,10,,FEW008 BKN013,,29.95,30.09,,,,,,,
"Jul 24, 8:15 am",66,59,78,SSE,5,10,,FEW008 BKN013,,29.95,30.09,,,,,,,
"Jul 24, 8:10 am",66,61,83,E,6,10,,FEW008 BKN013,,29.95,30.09,,,,,,,
"Jul 24, 8:05 am",64,61,88,S,5,10,,FEW008 BKN013,,29.95,30.09,,,,,,,
"Jul 24, 8:00 am",64,59,83,N,0,10,,FEW008 BKN013,,29.95,30.09,,,,,,,
"Jul 24, 7:55 am",64,61,88,SSE,5,10,,FEW008 BKN013,,29.95,30.09,,,,,,,
"Jul 24, 7:53 am",65,60,84,SSE,6,10,,FEW008 BKN013 BKN200,1018.7,29.95,30.09,,,,,,,
"Jul 24, 7:50 am",64,59,83,SSE,5,10,,FEW008 BKN012,,29.95,30.09,,,,,,,
"Jul 24, 7:45 am",64,61,88,SE,6,10,,FEW008 BKN012,,29.95,30.09,,,,,,,
"Jul 24, 7:40 am",64,61,88,S,5,10,,FEW008 BKN012,,29.95,30.09,,,,,,,
"Jul 24, 7:35 am",64,61,88,SE,5,10,,SCT008 BKN012,,29.95,30.09,,,,,,,
"Jul 24, 7:30 am",64,61,88,SSE,6,10,,SCT008 BKN012,,29.95,30.09,,,,,,,
"Jul 24, 7:25 am",64,59,83,SE,6,10,,SCT008 BKN012,,29.94,30.08,,,,,,,
"Jul 24, 7:20 am",64,61,88,SE,7,10,,SCT008 BKN012,,29.94,30.08,,,,,,,
"Jul 24, 7:15 am",64,61,88,S,5,10,,SCT008 BKN012,,29.94,30.08,,,,,,,
"Jul 24, 7:10 am",64,61,88,SSE,3,10,,SCT008 BKN012,,29.94,30.08,,,,,,,
"Jul 24, 7:05 am",64,61,88,S,5,10,,SCT008 BKN012,,29.94,30.08,,,,,,,
"Jul 24, 7:00 am",64,61,88,SSE,5G20,10,,SCT008 BKN012,,29.94,30.08,,,,,,,
"Jul 24, 6:55 am",64,61,88,SSE,3,10,,SCT008 BKN012,,29.94,30.08,,,,,,,
"Jul 24, 6:53 am",63,60,90,S,3,10,,SCT008 BKN012,1018.3,29.94,30.08,,,,,,,
"Jul 24, 6:50 am",63,59,88,S,3,10,,SCT008 BKN012,,29.94,30.08,,,,,,,
"Jul 24, 6:45 am",63,59,88,S,3,10,,SCT008 BKN012,,29.94,30.08,,,,,,,
"Jul 24, 6:40 am",63,59,88,S,5,10,,SCT008 BKN012,,29.93,30.07,,,,,,,
"Jul 24, 6:35 am",63,59,88,N,0,10,,SCT008 BKN011 BKN025,,29.93,30.07,,,,,,,
"Jul 24, 6:30 am",63,59,88,S,3,10,,SCT008 BKN011 BKN025,,29.93,30.07,,,,,,,
"Jul 24, 6:25 am",63,59,88,SE,5,10,,SCT008 BKN011 BKN025,,29.93,30.07,,,,,,,
"Jul 24, 6:20 am",63,59,88,SSE,6,10,,SCT008 BKN011 BKN025,,29.93,30.07,,,,,,,
"Jul 24, 6:18 am",63,59,87,,5,10,,SCT008 BKN011 BKN025,,29.93,30.07,,,,,,,
"Jul 24, 6:15 am",63,59,88,SSE,3,10,,FEW008 FEW011 SCT025,,29.93,30.07,,,,,,,
"Jul 24, 6:10 am",63,59,88,SSE,5,10,,FEW008 FEW011 SCT025,,29.93,30.07,,,,,,,
"Jul 24, 6:05 am",63,59,88,S,5,10,,FEW008 FEW011 SCT025,,29.93,30.07,,,,,,,
"Jul 24, 6:00 am",63,59,88,SSE,6,10,,FEW008 FEW011 SCT025,,29.93,30.07,,,,,,,
"Jul 24, 5:55 am",63,59,88,SSE,6,10,,FEW008 FEW011 SCT025,,29.92,30.06,,,,,,,
"Jul 24, 5:53 am",62,59,90,SE,5,10,,FEW008 FEW011 SCT025,1017.8,29.92,30.06,,,,,,,
"Jul 24, 5:50 am",61,57,88,SSE,5,10,,FEW008 FEW011 SCT025,,29.92,30.06,,,,,,,
"Jul 24, 5:45 am",61,57,88,ESE,3,10,,FEW008 FEW011 SCT025,,29.92,30.06,,,,,,,
"Jul 24, 5:40 am",63,59,88,E,3,10,,FEW008 FEW011 SCT025,,29.92,30.06,,,,,,,
"Jul 24, 5:35 am",63,59,88,SE,3,10,,FEW008 SCT011,,29.92,30.06,,,,,,,
"Jul 24, 5:30 am",61,57,88,ENE,3,10,,FEW008 SCT011,,29.92,30.06,,,,,,,
"Jul 24, 5:25 am",63,59,88,E,3,10,,FEW008 SCT011,,29.92,30.06,,,,,,,
"Jul 24, 5:20 am",63,59,88,N,0,10,,FEW008 SCT011,,29.92,30.06,,,,,,,
"Jul 24, 5:15 am",63,59,88,E,3,10,,FEW008 SCT011,,29.92,30.06,,,,,,,
"Jul 24, 5:10 am",63,59,88,N,0,10,,FEW008 SCT011,,29.92,30.06,,,,,,,
"Jul 24, 5:05 am",63,61,94,ESE,3,10,,FEW008 SCT011,,29.92,30.06,,,,,,,
"Jul 24, 5:00 am",63,61,94,SE,3,10,,FEW008 SCT011,,29.91,30.05,,,,,,,
"Jul 24, 4:55 am",63,61,94,SSE,3,10,,FEW008 SCT011,,29.91,30.05,,,,,,,
"Jul 24, 4:53 am",63,60,90,SSE,3,10,,FEW008 SCT011,1017.5,29.91,30.05,,,,65,62,,
"Jul 24, 4:50 am",63,61,94,N,0,10,,FEW008 SCT011,,29.91,30.05,,,,,,,
"Jul 24, 4:45 am",63,61,94,N,0,10,,FEW009 FEW011,,29.91,30.05,,,,,,,
"Jul 24, 4:40 am",63,61,94,S,3,10,,FEW009 FEW011,,29.91,30.05,,,,,,,
"Jul 24, 4:36 am",63,60,90,,3,10,,FEW009 FEW011,,29.92,30.06,,,,,,,
"Jul 24, 4:35 am",63,61,94,S,5,10,,FEW011,,29.92,30.06,,,,,,,
"Jul 24, 4:30 am",63,61,94,S,5,10,,FEW011,,29.92,30.06,,,,,,,
"Jul 24, 4:25 am",63,61,94,SSE,3,10,,CLR,,29.92,30.06,,,,,,,
"Jul 24, 4:20 am",63,61,94,S,7,10,,CLR,,29.92,30.06,,,,,,,
"Jul 24, 4:15 am",63,61,94,SSE,6,10,,CLR,,29.92,30.06,,,,,,,
"Jul 24, 4:10 am",63,61,94,SSE,3,10,,CLR,,29.91,30.05,,,,,,,
"Jul 24, 4:05 am",63,61,94,S,6,10,,CLR,,29.91,30.05,,,,,,,
"Jul 24, 4:00 am",63,61,94,SSE,5,10,,CLR,,29.91,30.05,,,,,,,
"Jul 24, 3:55 am",63,61,94,SSE,3,10,,CLR,,29.91,30.05,,,,,,,
"Jul 24, 3:53 am",63,60,90,SSE,5,10,,FEW011,1017.5,29.91,30.05,,,,,,,
"Jul 24, 3:50 am",63,61,94,N,0,10,,FEW011,,29.91,30.05,,,,,,,
"Jul 24, 3:45 am",63,61,94,N,0,10,,FEW011,,29.91,30.05,,,,,,,
"Jul 24, 3:40 am",63,61,94,SSE,3,10,,FEW011,,29.91,30.05,,,,,,,
"Jul 24, 3:35 am",63,61,94,S,5,10,,CLR,,29.91,30.05,,,,,,,
"Jul 24, 3:30 am",63,61,94,N,0,10,,CLR,,29.91,30.05,,,,,,,
"Jul 24, 3:25 am",63,61,94,S,6,10,,CLR,,29.91,30.05,,,,,,,
"Jul 24, 3:20 am",63,61,94,S,5,10,,CLR,,29.92,30.06,,,,,,,
"Jul 24, 3:15 am",63,61,94,S,6,10,,CLR,,29.92,30.06,,,,,,,
"Jul 24, 3:10 am",63,61,94,SSE,5,10,,CLR,,29.92,30.06,,,,,,,
"Jul 24, 3:05 am",63,61,94,S,5,10,,CLR,,29.91,30.05,,,,,,,
"Jul 24, 3:00 am",63,61,94,S,3,10,,CLR,,29.91,30.05,,,,,,,
"Jul 24, 2:55 am",63,59,88,SSE,3,10,,CLR,,29.91,30.05,,,,,,,
"Jul 24, 2:53 am",63,59,87,N,0,10,,FEW011,1017.4,29.91,30.05,,,,,,,
"Jul 24, 2:50 am",63,59,88,E,3,10,,FEW011,,29.91,30.05,,,,,,,
"Jul 24, 2:45 am",63,61,94,E,3,10,,CLR,,29.91,30.05,,,,,,,
"Jul 24, 2:40 am",64,61,88,N,0,10,,CLR,,29.91,30.05,,,,,,,
"Jul 24, 2:35 am",63,61,94,SSW,3,10,,CLR,,29.91,30.05,,,,,,,
"Jul 24, 2:30 am",63,61,94,N,0,10,,CLR,,29.91,30.05,,,,,,,
"Jul 24, 2:25 am",63,61,94,N,0,10,,CLR,,29.91,30.05,,,,,,,
"Jul 24, 2:20 am",64,61,88,N,0,10,,CLR,,29.91,30.05,,,,,,,
"Jul 24, 2:15 am",63,61,94,N,0,10,,CLR,,29.91,30.05,,,,,,,
"Jul 24, 2:10 am",64,61,88,N,0,10,,CLR,,29.9,30.04,,,,,,,
"Jul 24, 2:05 am",64,61,88,WSW,3,10,,CLR,,29.91,30.05,,,,,,,
"Jul 24, 2:00 am",64,61,88,SW,3,10,,CLR,,29.91,30.05,,,,,,,
"Jul 24, 1:55 am",64,61,88,SW,3,10,,CLR,,29.91,30.05,,,,,,,
"Jul 24, 1:53 am",64,60,87,SSW,3,10,,FEW011,1017.3,29.91,30.05,,,,,,,
"Jul 24, 1:50 am",64,61,88,SSW,5,10,,FEW011,,29.91,30.05,,,,,,,
"Jul 24, 1:45 am",64,61,88,SSW,3,10,,FEW011,,29.91,30.05,,,,,,,
"Jul 24, 1:40 am",64,61,88,SSW,3,10,,FEW011,,29.91,30.05,,,,,,,
"Jul 24, 1:35 am",64,61,88,S,3,10,,FEW011,,29.91,30.05,,,,,,,
"Jul 24, 1:30 am",64,61,88,SSW,3,10,,FEW011,,29.91,30.05,,,,,,,
"Jul 24, 1:25 am",64,61,88,S,3,10,,FEW011,,29.91,30.05,,,,,,,
"Jul 24, 1:20 am",64,61,88,S,3,10,,FEW011,,29.91,30.05,,,,,,,
"Jul 24, 1:15 am",64,61,88,N,0,10,,FEW011,,29.9,30.04,,,,,,,
"Jul 24, 1:10 am",64,61,88,SSW,3,10,,CLR,,29.91,30.05,,,,,,,
"Jul 24, 1:05 am",64,61,88,SSW,3,10,,CLR,,29.91,30.05,,,,,,,
"Jul 24, 1:00 am",64,61,88,SSW,3,10,,CLR,,29.91,30.05,,,,,,,
"Jul 24, 12:55 am",64,61,88,SW,5,10,,CLR,,29.91,30.05,,,,,,,
"Jul 24, 12:53 am",64,60,87,SW,5,10,,FEW011,1017.2,29.91,30.05,,,,,,73,63
"Jul 24, 12:50 am",64,61,88,SW,3,10,,FEW011,,29.91,30.05,,,,,,,
"Jul 24, 12:45 am",64,61,88,SW,3,10,,FEW011,,29.91,30.05,,,,,,,
"Jul 24, 12:40 am",64,61,88,SW,5,10,,FEW011,,29.91,30.05,,,,,,,
"Jul 24, 12:35 am",64,61,88,WSW,5,10,,FEW011,,29.91,30.05,,,,,,,
"Jul 24, 12:30 am",64,61,88,SW,5,10,,FEW011,,29.91,30.05,,,,,,,
"Jul 24, 12:25 am",64,61,88,SW,5,10,,FEW011,,29.91,30.05,,,,,,,
"Jul 24, 12:20 am",64,61,88,SW,5,10,,FEW011,,29.91,30.05,,,,,,,
"Jul 24, 12:15 am",64,61,88,WSW,5,10,,FEW011,,29.91,30.05,,,,,,,
"Jul 24, 12:10 am",64,61,88,WSW,5,10,,FEW011,,29.91,30.05,,,,,,,
"Jul 24, 12:05 am",64,61,88,WSW,3,10,,FEW011,,29.91,30.05,,,,,,,
"Jul 24, 12:00 am",64,61,88,WSW,5,10,,FEW011,,29.91,30.05,,,,,,,
"Jul 23, 11:55 pm",64,61,88,WSW,6,10,,FEW011,,29.91,30.05,,,,,,,
"Jul 23, 11:53 pm",65,60,84,WSW,6,10,,FEW011,1017.3,29.91,30.05,,,,,,,
"Jul 23, 11:50 pm",64,61,88,WSW,5,10,,FEW011,,29.91,30.05,,,,,,,
"Jul 23, 11:45 pm",64,61,88,WSW,5,10,,FEW011,,29.91,30.05,,,,,,,
"Jul 23, 11:40 pm",64,61,88,WSW,6,10,,FEW011,,29.91,30.05,,,,,,,
"Jul 23, 11:35 pm",64,61,88,WSW,6,10,,FEW011,,29.91,30.05,,,,,,,
"Jul 23, 11:30 pm",64,61,88,WSW,5,10,,FEW011,,29.91,30.05,,,,,,,
"Jul 23, 11:25 pm",64,61,88,SW,5,10,,FEW011,,29.91,30.05,,,,,,,
"Jul 23, 11:20 pm",64,61,88,WSW,7,10,,FEW011,,29.9,30.04,,,,,,,
"Jul 23, 11:15 pm",64,61,88,SW,8,10,,FEW011,,29.9,30.04,,,,,,,
"Jul 23, 11:10 pm",64,61,88,SW,7,10,,CLR,,29.9,30.04,,,,,,,
"Jul 23, 11:05 pm",64,61,88,SW,6,10,,CLR,,29.9,30.04,,,,,,,
"Jul 23, 11:00 pm",64,61,88,SW,7,10,,CLR,,29.9,30.04,,,,,,,
"Jul 23, 10:55 pm",64,61,88,SW,6,10,,CLR,,29.9,30.04,,,,,,,
"Jul 23, 10:53 pm",65,60,84,SW,6,10,,FEW011,1017,29.9,30.04,,,,70,64,,
"Jul 23, 10:50 pm",64,61,88,SW,6,10,,FEW011,,29.9,30.04,,,,,,,
"Jul 23, 10:45 pm",64,61,88,SSW,6,10,,CLR,,29.9,30.04,,,,,,,
"Jul 23, 10:40 pm",64,61,88,SW,7,10,,CLR,,29.9,30.04,,,,,,,
"Jul 23, 10:35 pm",64,61,88,SW,7,10,,CLR,,29.9,30.04,,,,,,,
"Jul 23, 10:30 pm",64,61,88,SW,8,10,,CLR,,29.9,30.04,,,,,,,
"Jul 23, 10:25 pm",64,61,88,WSW,8,10,,CLR,,29.9,30.04,,,,,,,
"Jul 23, 10:20 pm",64,61,88,SW,9,10,,CLR,,29.9,30.04,,,,,,,
"Jul 23, 10:15 pm",64,61,88,SW,8,10,,CLR,,29.9,30.04,,,,,,,
"Jul 23, 10:10 pm",64,61,88,WSW,8,10,,CLR,,29.9,30.04,,,,,,,
"Jul 23, 10:05 pm",64,61,88,WSW,9,10,,CLR,,29.9,30.04,,,,,,,
"Jul 23, 10:00 pm",64,61,88,SW,10,10,,CLR,,29.9,30.04,,,,,,,
"Jul 23, 9:55 pm",64,61,88,WSW,10,10,,CLR,,29.9,30.04,,,,,,,
"Jul 23, 9:53 pm",65,60,84,WSW,9,10,,CLR,1017.1,29.9,30.04,,,,,,,
"Jul 23, 9:50 pm",64,61,88,WSW,12,10,,CLR,,29.9,30.04,,,,,,,
"Jul 23, 9:45 pm",64,61,88,WSW,10,10,,CLR,,29.9,30.04,,,,,,,
"Jul 23, 9:40 pm",64,61,88,WSW,9,10,,CLR,,29.9,30.04,,,,,,,
"Jul 23, 9:35 pm",64,61,88,WSW,10,10,,CLR,,29.9,30.04,,,,,,,
"Jul 23, 9:30 pm",64,61,88,WSW,10,10,,CLR,,29.9,30.04,,,,,,,
"Jul 23, 9:25 pm",64,61,88,WSW,12,10,,CLR,,29.9,30.04,,,,,,,
"Jul 23, 9:20 pm",64,59,83,SW,10,10,,CLR,,29.9,30.04,,,,,,,
"Jul 23, 9:15 pm",64,59,83,WSW,10,10,,CLR,,29.9,30.04,,,,,,,
"Jul 23, 9:10 pm",64,59,83,WSW,10,10,,CLR,,29.9,30.04,,,,,,,
"Jul 23, 9:05 pm",64,59,83,WSW,12,10,,CLR,,29.9,30.04,,,,,,,
"Jul 23, 9:00 pm",64,59,83,WSW,12,10,,CLR,,29.9,30.04,,,,,,,
"Jul 23, 8:55 pm",64,59,83,WSW,12,10,,CLR,,29.9,30.04,,,,,,,
"Jul 23, 8:53 pm",65,59,81,WSW,13,10,,FEW011 FEW250,1017,29.9,30.04,,,,,,,
"Jul 23, 8:50 pm",64,59,83,W,12,10,,FEW011,,29.9,30.04,,,,,,,
"Jul 23, 8:45 pm",64,59,83,W,16,10,,CLR,,29.9,30.04,,,,,,,
"Jul 23, 8:40 pm",64,59,83,WSW,14,10,,CLR,,29.9,30.04,,,,,,,
"Jul 23, 8:35 pm",64,59,83,WSW,13,10,,CLR,,29.9,30.04,,,,,,,
"Jul 23, 8:30 pm",64,59,83,WSW,15,10,,CLR,,29.9,30.04,,,,,,,
"Jul 23, 8:25 pm",64,61,88,WSW,14,10,,CLR,,29.89,30.03,,,,,,,
"Jul 23, 8:20 pm",64,59,83,WSW,15,10,,CLR,,29.89,30.03,,,,,,,
"Jul 23, 8:15 pm",64,59,83,W,17,10,,CLR,,29.89,30.03,,,,,,,
"Jul 23, 8:10 pm",66,61,83,W,16,10,,CLR,,29.89,30.03,,,,,,,
"Jul 23, 8:05 pm",64,61,88,W,17,10,,CLR,,29.89,30.03,,,,,,,
"Jul 23, 8:00 pm",66,59,78,W,17,10,,CLR,,29.89,30.03,,,,,,,
"Jul 23, 7:55 pm",66,59,78,W,18,10,,CLR,,29.88,30.02,,,,,,,
"Jul 23, 7:53 pm",66,59,78,W,18,10,,FEW011 FEW250,1016.5,29.89,30.03,,,,,,,
"Jul 23, 7:50 pm",66,61,83,WSW,17,10,,FEW011,,29.88,30.02,,,,,,,
"Jul 23, 7:45 pm",66,61,83,W,20,10,,FEW012,,29.88,30.02,,,,,,,
"Jul 23, 7:40 pm",66,61,83,W,20,10,,FEW012,,29.88,30.02,,,,,,,
"Jul 23, 7:35 pm",66,61,83,W,18,10,,FEW012,,29.88,30.02,,,,,,,
"Jul 23, 7:30 pm",66,61,83,W,20,10,,FEW012,,29.88,30.02,,,,,,,
"Jul 23, 7:25 pm",66,61,83,WSW,17,10,,FEW012,,29.88,30.02,,,,,,,
"Jul 23, 7:20 pm",66,61,83,W,18,10,,FEW012,,29.88,30.02,,,,,,,
"Jul 23, 7:15 pm",66,61,83,W,18G24,10,,FEW012,,29.89,30.03,,,,,,,
"Jul 23, 7:10 pm",66,61,83,WSW,18,10,,FEW012,,29.88,30.02,,,,,,,
"Jul 23, 7:05 pm",66,61,83,W,20,10,,FEW012,,29.88,30.02,,,,,,,
"Jul 23, 7:00 pm",66,61,83,W,20,10,,FEW012,,29.88,30.02,,,,,,,
"Jul 23, 6:55 pm",66,61,83,WSW,18,10,,FEW012,,29.88,30.02,,,,,,,
"Jul 23, 6:53 pm",67,60,79,WSW,20,10,,FEW012 FEW250,1016.4,29.88,30.02,,,,,,,
"Jul 23, 6:50 pm",66,61,83,WSW,18,10,,FEW012,,29.88,30.02,,,,,,,
"Jul 23, 6:45 pm",68,61,78,W,18,10,,FEW012,,29.88,30.02,,,,,,,
"Jul 23, 6:40 pm",68,61,78,W,20,10,,CLR,,29.88,30.02,,,,,,,
"Jul 23, 6:35 pm",68,61,78,W,20,10,,CLR,,29.88,30.02,,,,,,,
"Jul 23, 6:30 pm",68,61,78,W,20,10,,CLR,,29.88,30.02,,,,,,,
"Jul 23, 6:25 pm",68,61,78,WSW,17,10,,CLR,,29.88,30.02,,,,,,,
"Jul 23, 6:20 pm",68,61,78,W,20,10,,CLR,,29.88,30.02,,,,,,,
"Jul 23, 6:15 pm",70,61,73,WSW,18,10,,CLR,,29.88,30.02,,,,,,,
"Jul 23, 6:10 pm",68,61,78,W,20,10,,CLR,,29.88,30.02,,,,,,,
"Jul 23, 6:05 pm",70,61,73,W,18,10,,CLR,,29.88,30.02,,,,,,,
"Jul 23, 6:00 pm",70,61,73,W,18,10,,CLR,,29.88,30.02,,,,,,,
"Jul 23, 5:55 pm",70,61,73,W,20,10,,CLR,,29.88,30.02,,,,,,,
"Jul 23, 5:53 pm",69,60,73,W,18,10,,FEW012,1016.3,29.88,30.02,,,,,,,
"Jul 23, 5:50 pm",70,61,73,WSW,18,10,,FEW012,,29.88,30.02,,,,,,,
"Jul 23, 5:45 pm",70,61,73,W,18,10,,CLR,,29.88,30.02,,,,,,,
"Jul 23, 5:40 pm",70,61,73,W,20,10,,CLR,,29.88,30.02,,,,,,,
"Jul 23, 5:35 pm",70,61,73,W,20,10,,CLR,,29.88,30.02,,,,,,,
"Jul 23, 5:30 pm",70,61,73,W,20G25,10,,CLR,,29.88,30.02,,,,,,,
"Jul 23, 5:25 pm",70,61,73,W,18,10,,CLR,,29.88,30.02,,,,,,,
"Jul 23, 5:20 pm",70,61,73,W,20,10,,CLR,,29.88,30.02,,,,,,,
"Jul 23, 5:15 pm",70,61,73,W,17,10,,CLR,,29.88,30.02,,,,,,,
"Jul 23, 5:10 pm",70,61,73,WSW,18,10,,CLR,,29.88,30.02,,,,,,,
"Jul 23, 5:05 pm",70,59,69,W,18,10,,CLR,,29.88,30.02,,,,,,,
"Jul 23, 5:00 pm",70,59,69,W,18,10,,CLR,,29.88,30.02,,,,,,,
"Jul 23, 4:55 pm",70,57,64,WSW,18,10,,CLR,,29.88,30.02,,,,,,,
"Jul 23, 4:53 pm",70,58,66,WSW,17,10,,FEW015 FEW250,1016.5,29.88,30.02,,,,73,69,,
"Jul 23, 4:50 pm",70,57,64,WSW,18,10,,FEW015,,29.88,30.02,,,,,,,
"Jul 23, 4:45 pm",70,59,69,W,17,10,,CLR,,29.88,30.02,,,,,,,
"Jul 23, 4:40 pm",70,59,69,W,17,10,,CLR,,29.88,30.02,,,,,,,
"Jul 23, 4:35 pm",70,59,69,WSW,17,10,,CLR,,29.89,30.03,,,,,,,
"Jul 23, 4:30 pm",70,59,69,W,18,10,,CLR,,29.89,30.03,,,,,,,
"Jul 23, 4:25 pm",72,57,61,WSW,20G25,10,,CLR,,29.89,30.03,,,,,,,
"Jul 23, 4:20 pm",70,59,69,W,17,10,,CLR,,29.89,30.03,,,,,,,
"Jul 23, 4:15 pm",72,59,65,WSW,17,10,,CLR,,29.89,30.03,,,,,,,
"Jul 23, 4:10 pm",72,59,65,W,17,10,,CLR,,29.89,30.03,,,,,,,
"Jul 23, 4:05 pm",72,59,65,WSW,17,10,,CLR,,29.89,30.03,,,,,,,
"Jul 23, 4:00 pm",70,57,64,WSW,16,10,,CLR,,29.89,30.03,,,,,,,
"Jul 23, 3:55 pm",70,57,64,WSW,17,10,,CLR,,29.89,30.03,,,,,,,
"Jul 23, 3:53 pm",71,58,63,W,17,10,,FEW250,1016.8,29.89,30.03,,,,,,,
"Jul 23, 3:50 pm",72,57,61,WSW,17,10,,,,29.89,30.03,,,,,,,
"Jul 23, 3:45 pm",72,59,65,WSW,16,10,,CLR,,29.89,30.03,,,,,,,
"Jul 23, 3:40 pm",72,57,61,W,16,10,,CLR,,29.89,30.03,,,,,,,
"Jul 23, 3:35 pm",72,57,61,W,16,10,,CLR,,29.89,30.03,,,,,,,
"Jul 23, 3:30 pm",72,57,61,WSW,15,10,,CLR,,29.89,30.03,,,,,,,
"Jul 23, 3:25 pm",72,57,61,WSW,14,10,,CLR,,29.89,30.03,,,,,,,
"Jul 23, 3:20 pm",72,59,65,W,16G22,10,,CLR,,29.89,30.03,,,,,,,
"Jul 23, 3:15 pm",72,57,61,W,15,10,,CLR,,29.89,30.03,,,,,,,
"Jul 23, 3:10 pm",72,57,61,WSW,15,10,,CLR,,29.9,30.04,,,,,,,
"Jul 23, 3:05 pm",72,57,61,WSW,15G22,10,,CLR,,29.9,30.04,,,,,,,
"Jul 23, 3:00 pm",72,57,61,WSW,15,10,,CLR,,29.9,30.04,,,,,,,
"Jul 23, 2:55 pm",72,57,61,W,15,10,,CLR,,29.9,30.04,,,,,,,
"Jul 23, 2:53 pm",71,58,63,W,15,10,,FEW250,1017,29.9,30.04,,,,,,,
"Jul 23, 2:50 pm",72,57,61,WSW,15G22,10,,,,29.9,30.04,,,,,,,
"Jul 23, 2:45 pm",72,57,61,WSW,13,10,,CLR,,29.9,30.04,,,,,,,
"Jul 23, 2:40 pm",72,57,61,W,14,10,,CLR,,29.9,30.04,,,,,,,
"Jul 23, 2:35 pm",72,57,61,SW,14,10,,CLR,,29.9,30.04,,,,,,,
"Jul 23, 2:30 pm",72,59,65,W,16,10,,CLR,,29.9,30.04,,,,,,,
"Jul 23, 2:25 pm",72,57,61,WSW,13,10,,CLR,,29.9,30.04,,,,,,,
"Jul 23, 2:20 pm",72,57,61,WSW,13,10,,CLR,,29.9,30.04,,,,,,,
"Jul 23, 2:15 pm",72,57,61,W,13,10,,CLR,,29.9,30.04,,,,,,,
"Jul 23, 2:10 pm",72,59,65,WSW,13,10,,CLR,,29.9,30.04,,,,,,,
"Jul 23, 2:05 pm",72,59,65,WSW,13,10,,CLR,,29.9,30.04,,,,,,,
"Jul 23, 2:00 pm",72,59,65,WSW,13,10,,CLR,,29.9,30.04,,,,,,,
"Jul 23, 1:55 pm",72,57,61,W,13,10,,CLR,,29.91,30.05,,,,,,,
"Jul 23, 1:53 pm",71,58,63,WSW,12,10,,FEW012 SCT027,1017.3,29.9,30.04,,,,,,,
"Jul 23, 1:50 pm",72,59,65,WSW,12,10,,FEW012 SCT027,,29.91,30.05,,,,,,,
"Jul 23, 1:45 pm",72,57,61,WSW,13,10,,FEW012 SCT027,,29.91,30.05,,,,,,,
"Jul 23, 1:40 pm",72,57,61,WSW,12,10,,CLR,,29.91,30.05,,,,,,,
"Jul 23, 1:35 pm",72,57,61,W,12,10,,CLR,,29.91,30.05,,,,,,,
"Jul 23, 1:30 pm",72,57,61,SW,10G16,10,,CLR,,29.91,30.05,,,,,,,
"Jul 23, 1:25 pm",72,57,61,WSW,10G16,10,,CLR,,29.91,30.05,,,,,,,
"Jul 23, 1:20 pm",72,57,61,WSW,10,10,,CLR,,29.91,30.05,,,,,,,
"Jul 23, 1:15 pm",72,57,61,W,10,10,,CLR,,29.91,30.05,,,,,,,
"Jul 23, 1:10 pm",73,57,57,W,12,10,,CLR,,29.91,30.05,,,,,,,
"Jul 23, 1:05 pm",72,57,61,W,10,10,,CLR,,29.91,30.05,,,,,,,
"Jul 23, 1:00 pm",72,57,61,WSW,10,10,,CLR,,29.92,30.06,,,,,,,
"Jul 23, 12:55 pm",72,57,61,W,9,10,,CLR,,29.92,30.06,,,,,,,
"Jul 23, 12:53 pm",72,58,61,W,8,9,,FEW011 SCT025,1017.7,29.92,30.06,,,,,,,
"Jul 23, 12:50 pm",72,57,61,WSW,12,9,,FEW011 SCT025,,29.92,30.06,,,,,,,
"Jul 23, 12:45 pm",72,57,61,W,8,10,,CLR,,29.92,30.06,,,,,,,
"Jul 23, 12:40 pm",72,57,61,W,8,10,,CLR,,29.92,30.06,,,,,,,
"Jul 23, 12:35 pm",72,57,61,W,6,10,,CLR,,29.92,30.06,,,,,,,
"Jul 23, 12:30 pm",72,57,61,W,10,10,,CLR,,29.92,30.06,,,,,,,
"Jul 23, 12:25 pm",72,59,65,W,9,10,,CLR,,29.92,30.06,,,,,,,
"Jul 23, 12:20 pm",72,57,61,WSW,6,10,,CLR,,29.92,30.06,,,,,,,
"Jul 23, 12:15 pm",72,59,65,WSW,9,10,,CLR,,29.92,30.06,,,,,,,
"Jul 23, 12:10 pm",70,59,69,WSW,9,10,,CLR,,29.93,30.07,,,,,,,
"Jul 23, 12:05 pm",70,59,69,W,10,10,,CLR,,29.93,30.07,,,,,,,
"Jul 23, 12:00 pm",72,59,65,SW,10,10,,CLR,,29.93,30.07,,,,,,,
"Jul 23, 11:55 am",70,59,69,WSW,10,10,,CLR,,29.93,30.07,,,,,,,
"Jul 23, 11:53 am",70,59,68,W,13G18,8,,FEW010 SCT022,1018,29.93,30.07,,,,,,,
"Jul 23, 11:50 am",70,59,69,W,9,8,,FEW010 SCT022,,29.93,30.07,,,,,,,
"Jul 23, 11:45 am",70,59,69,W,10,8,,FEW010 SCT022,,29.93,30.07,,,,,,,
"Jul 23, 11:40 am",72,59,65,W,8,8,,FEW010 SCT022,,29.93,30.07,,,,,,,
"Jul 23, 11:35 am",72,59,65,W,10,8,,FEW010 SCT022,,29.93,30.07,,,,,,,
"Jul 23, 11:30 am",70,59,69,W,10,8,,FEW010 SCT022,,29.93,30.07,,,,,,,
"Jul 23, 11:28 am",70,58,66,W,10,8,,FEW010 SCT022,,29.93,30.07,,,,,,,
"Jul 23, 11:25 am",70,57,64,W,10,8,,BKN022,,29.93,30.07,,,,,,,
"Jul 23, 11:20 am",72,57,61,W,9,8,,BKN022,,29.93,30.07,,,,,,,
"Jul 23, 11:15 am",70,59,69,W,8,8,,BKN022,,29.93,30.07,,,,,,,
"Jul 23, 11:10 am",70,59,69,W,7,10,,BKN022,,29.93,30.07,,,,,,,
"Jul 23, 11:05 am",70,59,69,W,8,10,,BKN022,,29.93,30.07,,,,,,,
"Jul 23, 11:00 am",70,57,64,WSW,7,10,,OVC022,,29.93,30.07,,,,,,,
"Jul 23, 10:55 am",70,57,64,W,10,10,,OVC022,,29.93,30.07,,,,,,,
"Jul 23, 10:53 am",69,58,68,W,8,8,,FEW010 BKN022,1018.1,29.93,30.07,,,,69,63,,
"Jul 23, 10:50 am",70,57,64,WSW,8,10,,OVC022,,29.93,30.07,,,,,,,
"Jul 23, 10:45 am",70,57,64,W,8,10,,OVC022,,29.93,30.07,,,,,,,
"Jul 23, 10:40 am",68,57,68,W,8,10,,OVC022,,29.93,30.07,,,,,,,
"Jul 23, 10:35 am",68,59,73,WSW,8,10,,OVC023,,29.93,30.07,,,,,,,
"Jul 23, 10:30 am",68,57,68,W,8,10,,OVC022,,29.93,30.07,,,,,,,
"Jul 23, 10:25 am",68,57,68,WSW,7,10,,OVC023,,29.93,30.07,,,,,,,
"Jul 23, 10:20 am",68,57,68,W,7,10,,OVC023,,29.93,30.07,,,,,,,
"Jul 23, 10:15 am",68,57,68,WSW,6,10,,OVC023,,29.93,30.07,,,,,,,
"Jul 23, 10:10 am",68,57,68,WSW,7,10,,OVC023,,29.93,30.07,,,,,,,
"Jul 23, 10:05 am",66,57,73,W,7,10,,OVC023,,29.93,30.07,,,,,,,
"Jul 23, 10:00 am",68,59,73,W,7,10,,OVC023,,29.93,30.07,,,,,,,
"Jul 23, 9:55 am",66,59,78,WSW,7,10,,OVC023,,29.93,30.07,,,,,,,
"Jul 23, 9:53 am",68,59,73,W,7,8,,FEW010 OVC023,1018.1,29.93,30.07,,,,,,,
"Jul 23, 9:50 am",66,59,78,W,8,8,,FEW010 OVC023,,29.93,30.07,,,,,,,
"Jul 23, 9:45 am",68,59,73,W,7,10,,OVC023,,29.93,30.07,,,,,,,
"Jul 23, 9:40 am",66,59,78,WSW,6,10,,OVC023,,29.93,30.07,,,,,,,
"Jul 23, 9:35 am",66,57,73,SW,6,10,,OVC023,,29.93,30.07,,,,,,,
"Jul 23, 9:30 am",66,57,73,W,6,10,,OVC022,,29.93,30.07,,,,,,,
"Jul 23, 9:25 am",66,59,78,W,7,10,,OVC022,,29.93,30.07,,,,,,,
"Jul 23, 9:20 am",66,59,78,W,6,10,,OVC022,,29.93,30.07,,,,,,,
"Jul 23, 9:15 am",66,57,73,WSW,7,10,,OVC022,,29.93,30.07,,,,,,,
"Jul 23, 9:10 am",66,59,78,W,5,10,,OVC022,,29.93,30.07,,,,,,,
"Jul 23, 9:05 am",66,59,78,SW,5,10,,OVC021,,29.93,30.07,,,,,,,
"Jul 23, 9:00 am",66,59,78,WSW,6,10,,OVC021,,29.93,30.07,,,,,,,
"Jul 23, 8:55 am",66,59,78,WSW,6,10,,OVC021,,29.93,30.07,,,,,,,
"Jul 23, 8:53 am",66,59,78,SW,6,8,,FEW010 OVC021,1018,29.93,30.07,,,,,,,
"Jul 23, 8:50 am",66,59,78,SW,6,8,,FEW010 OVC021,,29.93,30.07,,,,,,,
"Jul 23, 8:45 am",66,59,78,WSW,7,10,,OVC022,,29.93,30.07,,,,,,,
"Jul 23, 8:40 am",66,59,78,WSW,6,10,,OVC021,,29.92,30.06,,,,,,,
"Jul 23, 8:35 am",66,59,78,WSW,5,10,,OVC021,,29.92,30.06,,,,,,,
"Jul 23, 8:30 am",66,59,78,WSW,6,10,,OVC020,,29.92,30.06,,,,,,,
"Jul 23, 8:25 am",64,59,83,W,3,10,,OVC020,,29.92,30.06,,,,,,,
"Jul 23, 8:20 am",64,59,83,W,5,10,,OVC020,,29.92,30.06,,,,,,,
"Jul 23, 8:15 am",66,59,78,SW,6,10,,OVC020,,29.92,30.06,,,,,,,
"Jul 23, 8:10 am",64,59,83,SW,5,10,,OVC019,,29.92,30.06,,,,,,,
"Jul 23, 8:05 am",64,59,83,W,6,10,,FEW015 OVC021,,29.92,30.06,,,,,,,
"Jul 23, 8:00 am",64,59,83,WSW,3,10,,OVC020,,29.92,30.06,,,,,,,
"Jul 23, 7:55 am",64,59,83,W,5,10,,OVC020,,29.92,30.06,,,,,,,
"Jul 23, 7:53 am",65,59,81,W,5,8,,FEW010 OVC020,1017.6,29.92,30.06,,,,,,,
"Jul 23, 7:50 am",64,59,83,WSW,6,8,,FEW010 OVC020,,29.92,30.06,,,,,,,
"Jul 23, 7:45 am",64,59,83,W,6,10,,OVC020,,29.91,30.05,,,,,,,
"Jul 23, 7:40 am",64,59,83,WSW,5,10,,OVC019,,29.91,30.05,,,,,,,
"Jul 23, 7:35 am",64,57,77,W,5,10,,OVC019,,29.91,30.05,,,,,,,
"Jul 23, 7:30 am",64,59,83,NW,3,10,,OVC020,,29.91,30.05,,,,,,,
"Jul 23, 7:25 am",64,57,77,W,6,10,,OVC021,,29.9,30.04,,,,,,,
"Jul 23, 7:20 am",64,57,77,N,0,10,,OVC021,,29.9,30.04,,,,,,,
"Jul 23, 7:15 am",64,57,77,N,0,10,,OVC021,,29.9,30.04,,,,,,,
"Jul 23, 7:10 am",64,57,77,N,3,10,,OVC021,,29.9,30.04,,,,,,,
"Jul 23, 7:05 am",64,57,77,N,0,10,,OVC021,,29.9,30.04,,,,,,,
"Jul 23, 7:00 am",64,57,77,NW,3,10,,OVC021,,29.9,30.04,,,,,,,
"Jul 23, 6:55 am",64,57,77,WNW,3,10,,OVC021,,29.9,30.04,,,,,,,
"Jul 23, 6:53 am",64,58,81,WNW,5,8,,FEW010 OVC020,1016.9,29.9,30.04,,,,,,,
"Jul 23, 6:50 am",64,57,77,WNW,3,8,,FEW010 OVC020,,29.9,30.04,,,,,,,
"Jul 23, 6:45 am",64,57,77,WNW,5,10,,FEW010 OVC016,,29.89,30.03,,,,,,,
"Jul 23, 6:40 am",64,57,77,WNW,5,10,,FEW010 OVC016,,29.89,30.03,,,,,,,
"Jul 23, 6:35 am",64,57,77,NW,6,10,,FEW010 OVC016,,29.89,30.03,,,,,,,
"Jul 23, 6:30 am",64,57,77,WNW,6,10,,FEW010 OVC016,,29.89,30.03,,,,,,,
"Jul 23, 6:25 am",64,57,77,WNW,6,10,,FEW010 OVC016,,29.89,30.03,,,,,,,
"Jul 23, 6:20 am",64,57,77,WNW,6,10,,FEW010 OVC016,,29.89,30.03,,,,,,,
"Jul 23, 6:15 am",64,57,77,NNW,5,10,,FEW010 OVC016,,29.89,30.03,,,,,,,
"Jul 23, 6:10 am",64,57,77,NW,6,10,,FEW010 OVC016,,29.89,30.03,,,,,,,
"Jul 23, 6:05 am",64,57,77,NW,5,10,,FEW010 OVC016,,29.88,30.02,,,,,,,
"Jul 23, 6:00 am",64,57,77,NNW,5,10,,FEW010 OVC016,,29.88,30.02,,,,,,,
"Jul 23, 5:55 am",64,57,77,NW,5,10,,FEW010 OVC016,,29.88,30.02,,,,,,,
"Jul 23, 5:53 am",64,58,81,WNW,6,10,,FEW010 OVC016,1016.4,29.88,30.02,,,,,,,
"Jul 23, 5:50 am",64,57,77,NNW,5,10,,FEW011 OVC016,,29.88,30.02,,,,,,,
"Jul 23, 5:45 am",64,57,77,NW,6,10,,FEW011 OVC016,,29.88,30.02,,,,,,,
"Jul 23, 5:40 am",64,57,77,WNW,5,10,,FEW011 OVC016,,29.88,30.02,,,,,,,
"Jul 23, 5:35 am",64,57,77,WNW,7,10,,FEW011 OVC016,,29.88,30.02,,,,,,,
"Jul 23, 5:30 am",64,57,77,W,7,10,,FEW011 OVC016,,29.88,30.02,,,,,,,
"Jul 23, 5:26 am",64,58,81,W,7,10,,FEW011 OVC016,,29.88,30.02,,,,,,,
"Jul 23, 5:25 am",64,57,77,W,7,10,,OVC014,,29.88,30.02,,,,,,,
"Jul 23, 5:20 am",63,57,83,NW,3,10,,OVC014,,29.87,30.01,,,,,,,
"Jul 23, 5:15 am",63,57,83,NW,5,10,,OVC014,,29.87,30.01,,,,,,,
"Jul 23, 5:10 am",63,57,83,NNW,3,10,,OVC014,,29.87,30.01,,,,,,,
"Jul 23, 5:05 am",63,57,83,NW,3,10,,OVC014,,29.87,30.01,,,,,,,
"Jul 23, 5:00 am",64,57,77,NNW,5,10,,OVC014,,29.87,30.01,,,,,,,
"Jul 23, 4:55 am",63,57,83,NW,3,10,,OVC015,,29.87,30.01,,,,,,,
"Jul 23, 4:53 am",63,58,84,N,0,10,,OVC014,1015.9,29.87,30.01,,,,64,63,,
"Jul 23, 4:50 am",63,57,83,NNW,5,10,,OVC014,,29.87,30.01,,,,,,,
"Jul 23, 4:45 am",63,57,83,NW,3,10,,OVC014,,29.87,30.01,,,,,,,
"Jul 23, 4:40 am",63,57,83,NW,3,10,,OVC013,,29.87,30.01,,,,,,,
"Jul 23, 4:35 am",63,57,83,NNW,3,10,,OVC013,,29.87,30.01,,,,,,,
"Jul 23, 4:30 am",63,57,83,N,3,10,,OVC013,,29.87,30.01,,,,,,,
"Jul 23, 4:25 am",63,57,83,NW,3,10,,OVC013,,29.87,30.01,,,,,,,
"Jul 23, 4:20 am",63,57,83,WNW,5,10,,OVC013,,29.87,30.01,,,,,,,
"Jul 23, 4:16 am",63,58,84,NW,3,10,,OVC013,,29.87,30.01,,,,,,,
"Jul 23, 4:15 am",63,57,83,NW,3,10,,OVC015,,29.87,30.01,,,,,,,
"Jul 23, 4:10 am",63,57,83,NNW,3,10,,OVC015,,29.87,30.01,,,,,,,
"Jul 23, 4:05 am",63,57,83,NNW,3,10,,OVC015,,29.87,30.01,,,,,,,
"Jul 23, 4:00 am",63,57,83,NW,5,10,,OVC015,,29.87,30.01,,,,,,,
"Jul 23, 3:55 am",63,57,83,NNW,6,10,,OVC015,,29.87,30.01,,,,,,,
"Jul 23, 3:53 am",63,58,84,NW,6,10,,OVC015,1015.9,29.87,30.01,,,,,,,
"Jul 23, 3:50 am",63,57,83,NNW,5,10,,OVC015,,29.87,30.01,,,,,,,
"Jul 23, 3:45 am",63,57,83,NNW,5,10,,OVC015,,29.87,30.01,,,,,,,
"Jul 23, 3:40 am",63,57,83,NW,5,10,,OVC015,,29.87,30.01,,,,,,,
"Jul 23, 3:35 am",63,57,83,NW,5,10,,OVC015,,29.87,30.01,,,,,,,
"Jul 23, 3:30 am",63,57,83,WNW,5,10,,OVC015,,29.87,30.01,,,,,,,
"Jul 23, 3:25 am",63,57,83,W,5,10,,OVC015,,29.87,30.01,,,,,,,
"Jul 23, 3:24 am",63,58,84,W,6,10,,OVC015,,29.87,30.01,,,,,,,
"Jul 23, 3:20 am",63,57,83,WNW,5,10,,BKN014,,29.87,30.01,,,,,,,
"Jul 23, 3:15 am",63,57,83,WNW,5,10,,BKN014,,29.87,30.01,,,,,,,
"Jul 23, 3:10 am",63,57,83,WNW,8,10,,BKN014,,29.87,30.01,,,,,,,
"Jul 23, 3:05 am",63,57,83,NW,5,10,,BKN014,,29.87,30.01,,,,,,,
"Jul 23, 3:00 am",63,57,83,WNW,5,10,,BKN014,,29.87,30.01,,,,,,,
"Jul 23, 2:55 am",63,57,83,WNW,5,10,,BKN014,,29.87,30.01,,,,,,,
"Jul 23, 2:53 am",63,58,84,W,3,10,,BKN014,1016.1,29.87,30.01,,,,,,,
"Jul 23, 2:50 am",63,57,83,W,6,10,,BKN014,,29.87,30.01,,,,,,,
"Jul 23, 2:45 am",63,57,83,W,6,10,,BKN014,,29.87,30.01,,,,,,,
"Jul 23, 2:40 am",63,57,83,WSW,6,10,,BKN014,,29.87,30.01,,,,,,,
"Jul 23, 2:35 am",63,57,83,W,6,10,,BKN014,,29.87,30.01,,,,,,,
"Jul 23, 2:30 am",63,57,83,W,5,10,,BKN014,,29.87,30.01,,,,,,,
"Jul 23, 2:25 am",63,57,83,WSW,5,10,,BKN014,,29.87,30.01,,,,,,,
"Jul 23, 2:20 am",63,57,83,W,7,10,,BKN014,,29.88,30.02,,,,,,,
"Jul 23, 2:15 am",63,57,83,W,6,10,,BKN014,,29.88,30.02,,,,,,,
"Jul 23, 2:10 am",63,57,83,WSW,6,10,,BKN014,,29.88,30.02,,,,,,,
"Jul 23, 2:05 am",63,57,83,W,6,10,,BKN014,,29.88,30.02,,,,,,,
"Jul 23, 2:00 am",63,57,83,W,6,10,,BKN014,,29.88,30.02,,,,,,,
"Jul 23, 1:55 am",63,57,83,W,5,10,,BKN014,,29.88,30.02,,,,,,,
"Jul 23, 1:53 am",63,58,84,W,5,10,,BKN012,1016.2,29.88,30.02,,,,,,,
"Jul 23, 1:50 am",63,57,83,WSW,5,10,,BKN012,,29.88,30.02,,,,,,,
"Jul 23, 1:45 am",63,57,83,WSW,7,10,,BKN011,,29.88,30.02,,,,,,,
"Jul 23, 1:40 am",63,57,83,W,7,10,,BKN011,,29.88,30.02,,,,,,,
"Jul 23, 1:35 am",63,57,83,WSW,7,10,,BKN011,,29.88,30.02,,,,,,,
"Jul 23, 1:30 am",63,57,83,WSW,7,10,,BKN011,,29.88,30.02,,,,,,,
"Jul 23, 1:25 am",63,57,83,WSW,7,10,,BKN011,,29.88,30.02,,,,,,,
"Jul 23, 1:20 am",63,57,83,WSW,7,10,,BKN011,,29.88,30.02,,,,,,,
"Jul 23, 1:15 am",63,57,83,WSW,7,10,,BKN011,,29.88,30.02,,,,,,,
"Jul 23, 1:10 am",63,57,83,W,8,10,,BKN011,,29.88,30.02,,,,,,,
"Jul 23, 1:05 am",63,57,83,WSW,8,10,,BKN011,,29.88,30.02,,,,,,,
"Jul 23, 1:00 am",63,57,83,WSW,9,10,,BKN011,,29.88,30.02,,,,,,,
"Jul 23, 12:55 am",63,57,83,WSW,7,10,,FEW015,,29.88,30.02,,,,,,,
"Jul 23, 12:53 am",63,58,84,WSW,8,10,,BKN011,1016.3,29.88,30.02,,,,,,73,63
"Jul 23, 12:50 am",63,57,83,WSW,8,10,,BKN011,,29.88,30.02,,,,,,,
"Jul 23, 12:45 am",63,57,83,WSW,8,10,,BKN011,,29.88,30.02,,,,,,,
"Jul 23, 12:40 am",63,57,83,WSW,9,10,,BKN011,,29.88,30.02,,,,,,,
"Jul 23, 12:35 am",63,57,83,WSW,8,10,,BKN011,,29.88,30.02,,,,,,,
"Jul 23, 12:30 am",63,57,83,WSW,8,10,,BKN011,,29.88,30.02,,,,,,,
"Jul 23, 12:25 am",63,57,83,WSW,9,10,,BKN011,,29.88,30.02,,,,,,,
"Jul 23, 12:20 am",63,57,83,WSW,7,10,,BKN011,,29.88,30.02,,,,,,,
"Jul 23, 12:15 am",63,57,83,SW,8,10,,BKN011,,29.88,30.02,,,,,,,
"Jul 23, 12:10 am",63,57,83,SW,8,10,,BKN011,,29.88,30.02,,,,,,,
"Jul 23, 12:05 am",63,59,88,SW,9,10,,BKN011,,29.88,30.02,,,,,,,
"Jul 23, 12:00 am",63,59,88,SW,9,10,,BKN011,,29.88,30.02,,,,,,,
"Jul 22, 11:55 pm",63,59,88,WSW,9,10,,BKN011,,29.88,30.02,,,,,,,
"Jul 22, 11:53 pm",63,59,87,SW,9,10,,BKN011,1016.3,29.88,30.02,,,,,,,
"Jul 22, 11:50 pm",63,59,88,WSW,10,10,,BKN011,,29.88,30.02,,,,,,,
"Jul 22, 11:45 pm",63,59,88,SW,10,10,,BKN011,,29.88,30.02,,,,,,,
"Jul 22, 11:40 pm",63,59,88,SW,8,10,,BKN011,,29.88,30.02,,,,,,,
"Jul 22, 11:35 pm",63,59,88,WSW,7,10,,BKN011,,29.88,30.02,,,,,,,
"Jul 22, 11:30 pm",63,59,88,SW,9,10,,BKN011,,29.88,30.02,,,,,,,
"Jul 22, 11:25 pm",64,59,83,SW,8,10,,BKN011,,29.87,30.01,,,,,,,
"Jul 22, 11:20 pm",64,59,83,SW,10,10,,BKN011,,29.88,30.02,,,,,,,
"Jul 22, 11:15 pm",64,59,83,SW,9,10,,BKN011,,29.88,30.02,,,,,,,
"Jul 22, 11:10 pm",64,59,83,SW,9,10,,BKN012,,29.87,30.01,,,,,,,
"Jul 22, 11:05 pm",64,59,83,WSW,9,10,,BKN012,,29.87,30.01,,,,,,,
"Jul 22, 11:00 pm",64,59,83,WSW,9,10,,BKN012,,29.87,30.01,,,,,,,
"Jul 22, 10:55 pm",64,59,83,WSW,12,10,,BKN012,,29.87,30.01,,,,,,,
"Jul 22, 10:53 pm",64,59,84,WSW,12,10,,BKN012,1016,29.87,30.01,,,,70,64,,
"Jul 22, 10:50 pm",64,59,83,WSW,10,10,,BKN012,,29.87,30.01,,,,,,,
"Jul 22, 10:45 pm",64,59,83,WSW,12,10,,BKN012,,29.87,30.01,,,,,,,
"Jul 22, 10:40 pm",64,59,83,WSW,10,10,,BKN012,,29.87,30.01,,,,,,,
"Jul 22, 10:35 pm",64,59,83,WSW,12,10,,BKN012,,29.87,30.01,,,,,,,
"Jul 22, 10:30 pm",64,59,83,WSW,10,10,,BKN012,,29.87,30.01,,,,,,,
"Jul 22, 10:25 pm",64,59,83,WSW,12,10,,BKN012,,29.86,30,,,,,,,
"Jul 22, 10:20 pm",64,59,83,WSW,9,10,,BKN012,,29.87,30.01,,,,,,,
"Jul 22, 10:15 pm",64,59,83,WSW,13,10,,BKN011,,29.86,30,,,,,,,
"Jul 22, 10:10 pm",64,59,83,WSW,12,10,,BKN011,,29.86,30,,,,,,,
"Jul 22, 10:05 pm",64,59,83,WSW,10,10,,BKN011,,29.86,30,,,,,,,
"Jul 22, 10:00 pm",64,59,83,WSW,10,10,,BKN011,,29.86,30,,,,,,,
"Jul 22, 9:55 pm",64,59,83,SW,9,10,,BKN011,,29.86,30,,,,,,,
"Jul 22, 9:53 pm",64,59,84,WSW,12,10,,BKN011,1015.7,29.86,30,,,,,,,
"Jul 22, 9:50 pm",64,59,83,WSW,10,10,,BKN011,,29.86,30,,,,,,,
"Jul 22, 9:45 pm",64,59,83,WSW,12,10,,BKN011,,29.86,30,,,,,,,
"Jul 22, 9:40 pm",64,59,83,WSW,10,10,,BKN011,,29.86,30,,,,,,,
"Jul 22, 9:35 pm",64,59,83,WSW,12,10,,OVC011,,29.86,30,,,,,,,
"Jul 22, 9:30 pm",64,59,83,WSW,10,10,,OVC011,,29.86,30,,,,,,,
"Jul 22, 9:25 pm",64,59,83,WSW,9,10,,OVC011,,29.85,29.99,,,,,,,
"Jul 22, 9:20 pm",64,61,88,WSW,12,10,,OVC011,,29.85,29.99,,,,,,,
"Jul 22, 9:15 pm",64,59,83,WSW,12,10,,OVC011,,29.85,29.99,,,,,,,
"Jul 22, 9:10 pm",64,61,88,WSW,13,10,,BKN011,,29.85,29.99,,,,,,,
"Jul 22, 9:05 pm",64,61,88,WSW,12,10,,BKN011,,29.84,29.98,,,,,,,
"Jul 22, 9:00 pm",64,61,88,WSW,10,10,,BKN012,,29.84,29.98,,,,,,,
"Jul 22, 8:55 pm",64,61,88,WSW,12,10,,OVC012,,29.84,29.98,,,,,,,
"Jul 22, 8:53 pm",65,60,84,WSW,12,10,,BKN012,1015.1,29.84,29.98,,,,,,,
"Jul 22, 8:50 pm",64,61,88,WSW,12,10,,BKN012,,29.84,29.98,,,,,,,
"Jul 22, 8:45 pm",64,59,83,W,13,10,,BKN012,,29.84,29.98,,,,,,,
"Jul 22, 8:40 pm",66,61,83,W,14,10,,OVC012,,29.84,29.98,,,,,,,
"Jul 22, 8:35 pm",66,61,83,W,12,10,,OVC012,,29.84,29.98,,,,,,,
"Jul 22, 8:30 pm",66,61,83,WSW,14,10,,OVC012,,29.83,29.97,,,,,,,
"Jul 22, 8:25 pm",66,61,83,W,13,10,,OVC012,,29.83,29.97,,,,,,,
"Jul 22, 8:20 pm",66,61,83,W,15,10,,OVC012,,29.83,29.97,,,,,,,
"Jul 22, 8:15 pm",66,61,83,W,15,10,,OVC011,,29.83,29.97,,,,,,,
"Jul 22, 8:10 pm",66,61,83,W,15,10,,BKN011,,29.83,29.97,,,,,,,
"Jul 22, 8:05 pm",66,61,83,W,15,10,,BKN011,,29.83,29.97,,,,,,,
"Jul 22, 8:00 pm",66,61,83,W,16,10,,OVC011,,29.83,29.97,,,,,,,
"Jul 22, 7:55 pm",66,61,83,W,16,10,,OVC011,,29.82,29.96,,,,,,,
"Jul 22, 7:53 pm",66,60,81,W,15,10,,BKN010,1014.4,29.82,29.96,,,,,,,
"Jul 22, 7:50 pm",66,61,83,W,15,10,,OVC010,,29.82,29.96,,,,,,,
"Jul 22, 7:45 pm",66,61,83,WSW,16,10,,OVC010,,29.82,29.96,,,,,,,
"Jul 22, 7:40 pm",66,61,83,W,18,10,,OVC010,,29.82,29.96,,,,,,,
"Jul 22, 7:35 pm",66,61,83,W,16,10,,OVC010,,29.82,29.96,,,,,,,
"Jul 22, 7:30 pm",66,61,83,W,18,10,,OVC010,,29.82,29.96,,,,,,,
"Jul 22, 7:25 pm",66,61,83,W,16,10,,BKN010,,29.82,29.96,,,,,,,
"Jul 22, 7:20 pm",66,61,83,W,16,10,,BKN012,,29.82,29.96,,,,,,,
"Jul 22, 7:15 pm",66,61,83,WSW,17,10,,BKN012,,29.82,29.96,,,,,,,
"Jul 22, 7:10 pm",66,61,83,W,17,10,,BKN012,,29.82,29.96,,,,,,,
"Jul 22, 7:05 pm",66,61,83,W,17,10,,BKN012,,29.82,29.96,,,,,,,
"Jul 22, 7:03 pm",67,61,81,W,16,10,,BKN011,,29.82,29.96,,,,,,,
"Jul 22, 7:00 pm",66,61,83,W,17,10,,SCT011,,29.82,29.96,,,,,,,
"Jul 22, 6:55 pm",68,61,78,W,17,10,,SCT011,,29.81,29.95,,,,,,,
"Jul 22, 6:53 pm",68,61,78,WSW,17,10,,SCT012,1014.2,29.81,29.95,,,,,,,
"Jul 22, 6:50 pm",68,61,78,WSW,17,10,,SCT012,,29.81,29.95,,,,,,,
"Jul 22, 6:45 pm",68,61,78,W,18,10,,SCT012,,29.81,29.95,,,,,,,
"Jul 22, 6:40 pm",68,61,78,W,16,10,,SCT012,,29.81,29.95,,,,,,,
"Jul 22, 6:35 pm",68,61,78,W,16,10,,SCT012,,29.81,29.95,,,,,,,
"Jul 22, 6:30 pm",68,61,78,W,17,10,,SCT012,,29.81,29.95,,,,,,,
"Jul 22, 6:25 pm",68,61,78,W,17,10,,SCT012,,29.81,29.95,,,,,,,
"Jul 22, 6:20 pm",70,61,73,W,17,10,,SCT012,,29.81,29.95,,,,,,,
"Jul 22, 6:15 pm",70,61,73,WSW,17,10,,SCT013,,29.81,29.95,,,,,,,
"Jul 22, 6:10 pm",70,61,73,WSW,17,10,,FEW013,,29.81,29.95,,,,,,,
"Jul 22, 6:05 pm",70,61,73,WSW,18,10,,SCT013,,29.81,29.95,,,,,,,
"Jul 22, 6:00 pm",70,61,73,W,16G22,10,,SCT013,,29.81,29.95,,,,,,,
"Jul 22, 5:55 pm",70,61,73,W,16,10,,SCT013,,29.8,29.94,,,,,,,
"Jul 22, 5:53 pm",70,60,71,W,17,10,,FEW013,1013.9,29.8,29.94,,,,,,,
"Jul 22, 5:50 pm",70,61,73,W,16,10,,FEW013,,29.8,29.94,,,,,,,
"Jul 22, 5:45 pm",70,61,73,WSW,16,10,,FEW013,,29.8,29.94,,,,,,,
"Jul 22, 5:40 pm",70,61,73,W,16,10,,SCT013,,29.8,29.94,,,,,,,
"Jul 22, 5:35 pm",70,61,73,W,15,10,,SCT013,,29.81,29.95,,,,,,,
"Jul 22, 5:30 pm",70,61,73,W,15,10,,SCT013,,29.81,29.95,,,,,,,
"Jul 22, 5:25 pm",70,61,73,W,16G22,10,,FEW013,,29.81,29.95,,,,,,,
"Jul 22, 5:23 pm",70,61,73,W,16,10,,FEW013,,29.81,29.95,,,,,,,
"Jul 22, 5:20 pm",70,61,73,W,15G21,10,,FEW013,,29.81,29.95,,,,,,,
"Jul 22, 5:15 pm",70,61,73,W,16,10,,BKN013,,29.81,29.95,,,,,,,
"Jul 22, 5:10 pm",70,61,73,W,17,10,,BKN013,,29.81,29.95,,,,,,,
"Jul 22, 5:05 pm",70,61,73,WSW,15,10,,BKN013,,29.81,29.95,,,,,,,
"Jul 22, 5:00 pm",70,61,73,W,16,10,,BKN013,,29.81,29.95,,,,,,,
"Jul 22, 4:55 pm",70,61,73,W,16G24,10,,BKN013,,29.81,29.95,,,,,,,
"Jul 22, 4:53 pm",70,61,73,W,15,10,,BKN013,1014.1,29.81,29.95,,,,73,70,,
"Jul 22, 4:50 pm",70,61,73,W,17,10,,BKN013,,29.81,29.95,,,,,,,
"Jul 22, 4:48 pm",70,61,73,W,16G28,10,,BKN013,,29.81,29.95,,,,,,,
"Jul 22, 4:45 pm",70,61,73,W,18,10,,SCT013,,29.81,29.95,,,,,,,
"Jul 22, 4:40 pm",70,61,73,WSW,15,10,,SCT013,,29.81,29.95,,,,,,,
"Jul 22, 4:35 pm",70,61,73,W,16,10,,SCT013,,29.81,29.95,,,,,,,
"Jul 22, 4:30 pm",72,61,69,WSW,18,10,,FEW013,,29.81,29.95,,,,,,,
"Jul 22, 4:25 pm",72,61,69,WSW,17,10,,FEW013,,29.82,29.96,,,,,,,
"Jul 22, 4:20 pm",72,61,69,W,18,10,,FEW013,,29.82,29.96,,,,,,,
"Jul 22, 4:15 pm",72,61,69,WSW,16,10,,FEW013,,29.82,29.96,,,,,,,
"Jul 22, 4:10 pm",72,61,69,W,16G22,10,,FEW013,,29.82,29.96,,,,,,,
"Jul 22, 4:05 pm",72,61,69,WSW,16,10,,FEW014,,29.82,29.96,,,,,,,
"Jul 22, 4:00 pm",72,61,69,WSW,16G22,10,,FEW013,,29.82,29.96,,,,,,,
"Jul 22, 3:55 pm",72,61,69,W,17,10,,FEW014,,29.82,29.96,,,,,,,
"Jul 22, 3:53 pm",72,60,66,WSW,17,10,,FEW014,1014.5,29.82,29.96,,,,,,,
"Jul 22, 3:50 pm",72,61,69,WSW,16,10,,FEW014,,29.82,29.96,,,,,,,
"Jul 22, 3:45 pm",72,61,69,W,15G21,10,,FEW014,,29.82,29.96,,,,,,,
"Jul 22, 3:40 pm",72,61,69,W,17,10,,FEW014,,29.82,29.96,,,,,,,
"Jul 22, 3:35 pm",72,61,69,WSW,15,10,,FEW014,,29.83,29.97,,,,,,,
"Jul 22, 3:30 pm",72,61,69,W,16,10,,SCT014,,29.83,29.97,,,,,,,
"Jul 22, 3:25 pm",72,61,69,W,14G20,10,,SCT013,,29.83,29.97,,,,,,,
"Jul 22, 3:20 pm",72,61,69,W,14,10,,SCT013,,29.83,29.97,,,,,,,
"Jul 22, 3:15 pm",72,61,69,W,16,10,,SCT013,,29.83,29.97,,,,,,,
"Jul 22, 3:10 pm",72,61,69,W,15,10,,SCT013,,29.83,29.97,,,,,,,
"Jul 22, 3:05 pm",72,61,69,W,16G22,10,,SCT013,,29.83,29.97,,,,,,,
"Jul 22, 3:00 pm",72,61,69,W,16G22,10,,SCT013,,29.83,29.97,,,,,,,
"Jul 22, 2:55 pm",72,63,73,W,16,10,,FEW013,,29.83,29.97,,,,,,,
"Jul 22, 2:53 pm",71,61,71,WSW,15G24,10,,FEW014 SCT034,1014.9,29.84,29.98,,,,,,,
"Jul 22, 2:50 pm",72,61,69,WSW,16,10,,FEW014 SCT034,,29.84,29.98,,,,,,,
"Jul 22, 2:45 pm",73,61,65,WSW,16,10,,FEW013,,29.84,29.98,,,,,,,
"Jul 22, 2:40 pm",72,61,69,W,16,10,,FEW013,,29.84,29.98,,,,,,,
"Jul 22, 2:35 pm",72,61,69,W,17,10,,CLR,,29.84,29.98,,,,,,,
"Jul 22, 2:30 pm",73,61,65,WSW,16,10,,CLR,,29.84,29.98,,,,,,,
"Jul 22, 2:25 pm",72,61,69,WSW,16,10,,FEW034,,29.84,29.98,,,,,,,
"Jul 22, 2:20 pm",73,61,65,W,15,10,,FEW034,,29.84,29.98,,,,,,,
"Jul 22, 2:15 pm",72,61,69,W,15,10,,SCT034,,29.84,29.98,,,,,,,
"Jul 22, 2:10 pm",72,61,69,W,14,10,,SCT034,,29.85,29.99,,,,,,,
"Jul 22, 2:05 pm",72,61,69,WSW,14,10,,BKN034,,29.84,29.98,,,,,,,
"Jul 22, 2:00 pm",72,61,69,W,13,10,,BKN034,,29.85,29.99,,,,,,,
"Jul 22, 1:55 pm",73,61,65,WSW,13G21,10,,BKN034,,29.85,29.99,,,,,,,
"Jul 22, 1:53 pm",72,61,68,W,12,10,,FEW019 BKN034,1015.2,29.85,29.99,,,,,,,
"Jul 22, 1:50 pm",73,61,65,W,13,10,,FEW019 BKN034,,29.85,29.99,,,,,,,
"Jul 22, 1:45 pm",72,61,69,W,13,10,,FEW019 BKN034,,29.85,29.99,,,,,,,
"Jul 22, 1:40 pm",72,61,69,W,13,10,,OVC034,,29.85,29.99,,,,,,,
"Jul 22, 1:35 pm",72,61,69,W,13,10,,BKN034,,29.85,29.99,,,,,,,
"Jul 22, 1:30 pm",72,61,69,WSW,10,10,,BKN034,,29.85,29.99,,,,,,,
"Jul 22, 1:25 pm",72,61,69,W,13,10,,BKN034,,29.85,29.99,,,,,,,
"Jul 22, 1:20 pm",72,61,69,W,13G18,10,,BKN035,,29.85,29.99,,,,,,,
"Jul 22, 1:15 pm",73,61,65,WSW,14,10,,BKN035,,29.86,30,,,,,,,
"Jul 22, 1:10 pm",73,61,65,WSW,14,10,,BKN035,,29.85,29.99,,,,,,,
"Jul 22, 1:05 pm",72,61,69,W,13,10,,BKN035,,29.86,30,,,,,,,
"Jul 22, 1:00 pm",72,61,69,W,12,10,,BKN035,,29.86,30,,,,,,,
"Jul 22, 12:55 pm",72,61,69,W,13,10,,OVC035,,29.86,30,,,,,,,
"Jul 22, 12:53 pm",72,61,68,WSW,10,9,,FEW018 BKN035,1015.7,29.86,30,,,,,,,
"Jul 22, 12:50 pm",72,61,69,W,13,9,,FEW018 BKN035,,29.86,30,,,,,,,
"Jul 22, 12:45 pm",72,61,69,WSW,13,10,,OVC034,,29.86,30,,,,,,,
"Jul 22, 12:40 pm",70,61,73,WSW,12G20,10,,OVC034,,29.86,30,,,,,,,
"Jul 22, 12:35 pm",72,61,69,WSW,10,10,,OVC035,,29.86,30,,,,,,,
"Jul 22, 12:30 pm",70,61,73,WSW,10,10,,OVC035,,29.86,30,,,,,,,
"Jul 22, 12:25 pm",72,61,69,W,12,10,,OVC035,,29.87,30.01,,,,,,,
"Jul 22, 12:20 pm",72,61,69,WSW,12,10,,OVC035,,29.87,30.01,,,,,,,
"Jul 22, 12:15 pm",72,61,69,WSW,10,10,,OVC034,,29.87,30.01,,,,,,,
"Jul 22, 12:10 pm",70,61,73,WSW,12,10,,OVC034,,29.87,30.01,,,,,,,
"Jul 22, 12:05 pm",70,61,73,WSW,12,10,,OVC034,,29.87,30.01,,,,,,,
"Jul 22, 12:00 pm",72,61,69,WSW,10,10,,OVC034,,29.87,30.01,,,,,,,
"Jul 22, 11:55 am",72,61,69,WSW,9,10,,BKN035,,29.87,30.01,,,,,,,
"Jul 22, 11:53 am",71,60,68,WSW,10,9,,FEW017 BKN035,1015.9,29.87,30.01,,,,,,,
"Jul 22, 11:50 am",72,61,69,WSW,10,9,,FEW017 BKN035,,29.87,30.01,,,,,,,
"Jul 22, 11:45 am",70,61,73,W,12,10,,FEW020 BKN035,,29.87,30.01,,,,,,,
"Jul 22, 11:40 am",72,61,69,WSW,10,10,,FEW020 BKN035,,29.87,30.01,,,,,,,
"Jul 22, 11:35 am",72,61,69,WSW,9,10,,FEW020 BKN035,,29.87,30.01,,,,,,,
"Jul 22, 11:30 am",70,61,73,WSW,12,10,,FEW020 BKN035,,29.87,30.01,,,,,,,
"Jul 22, 11:25 am",70,61,73,WSW,8,10,,FEW020 BKN036,,29.87,30.01,,,,,,,
"Jul 22, 11:20 am",70,61,73,W,9,10,,FEW020 BKN036,,29.87,30.01,,,,,,,
"Jul 22, 11:15 am",70,61,73,WSW,7,10,,FEW018 BKN036,,29.87,30.01,,,,,,,
"Jul 22, 11:10 am",70,61,73,WSW,9,10,,BKN036,,29.87,30.01,,,,,,,
"Jul 22, 11:05 am",70,61,73,WSW,8,10,,FEW016 BKN036,,29.87,30.01,,,,,,,
"Jul 22, 11:00 am",70,61,73,W,8,10,,FEW018 BKN036,,29.87,30.01,,,,,,,
"Jul 22, 10:55 am",70,61,73,W,9,10,,FEW016 BKN036,,29.87,30.01,,,,,,,
"Jul 22, 10:53 am",70,60,71,W,9,9,,FEW016 OVC036,1016.2,29.87,30.01,,,,70,64,,
"Jul 22, 10:50 am",70,61,73,WNW,7,9,,FEW016 OVC036,,29.87,30.01,,,,,,,
"Jul 22, 10:45 am",70,61,73,W,8,10,,FEW019 BKN036,,29.87,30.01,,,,,,,
"Jul 22, 10:40 am",70,61,73,W,7,10,,FEW019 BKN036,,29.87,30.01,,,,,,,
"Jul 22, 10:35 am",70,61,73,WSW,6,10,,BKN036,,29.87,30.01,,,,,,,
"Jul 22, 10:30 am",70,61,73,W,7,10,,OVC035,,29.87,30.01,,,,,,,
"Jul 22, 10:25 am",68,61,78,WSW,7,10,,OVC035,,29.88,30.02,,,,,,,
"Jul 22, 10:20 am",68,61,78,W,9,10,,OVC035,,29.88,30.02,,,,,,,
"Jul 22, 10:15 am",68,61,78,W,8,10,,FEW014 OVC034,,29.87,30.01,,,,,,,
"Jul 22, 10:10 am",68,61,78,WSW,7,10,,FEW014 OVC034,,29.87,30.01,,,,,,,
"Jul 22, 10:05 am",68,61,78,W,7,10,,FEW014 OVC034,,29.87,30.01,,,,,,,
"Jul 22, 10:00 am",68,61,78,WSW,7,10,,FEW014 OVC034,,29.87,30.01,,,,,,,
"Jul 22, 9:55 am",68,61,78,WSW,8,10,,FEW014 OVC033,,29.87,30.01,,,,,,,
"Jul 22, 9:53 am",68,60,76,W,8,8,,FEW014 OVC033,1016.1,29.87,30.01,,,,,,,
"Jul 22, 9:50 am",68,61,78,WNW,7,8,,FEW014 OVC033,,29.87,30.01,,,,,,,
"Jul 22, 9:45 am",66,61,83,W,8,10,,OVC032,,29.87,30.01,,,,,,,
"Jul 22, 9:40 am",66,61,83,W,8,10,,OVC032,,29.87,30.01,,,,,,,
"Jul 22, 9:35 am",66,61,83,W,8,10,,OVC032,,29.87,30.01,,,,,,,
"Jul 22, 9:30 am",66,61,83,W,9,10,,OVC032,,29.86,30,,,,,,,
"Jul 22, 9:25 am",66,61,83,W,8,10,,OVC032,,29.86,30,,,,,,,
"Jul 22, 9:20 am",66,61,83,W,10,10,,OVC031,,29.86,30,,,,,,,
"Jul 22, 9:15 am",66,61,83,W,9,10,,OVC032,,29.86,30,,,,,,,
"Jul 22, 9:10 am",66,61,83,W,9,10,,OVC032,,29.86,30,,,,,,,
"Jul 22, 9:05 am",66,61,83,W,8,10,,OVC031,,29.86,30,,,,,,,
"Jul 22, 9:00 am",66,61,83,W,8,10,,OVC031,,29.86,30,,,,,,,
"Jul 22, 8:55 am",66,61,83,WSW,7,10,,OVC030,,29.86,30,,,,,,,
"Jul 22, 8:53 am",67,60,79,W,7,8,,FEW013 OVC030,1015.7,29.86,30,,,,,,,
"Jul 22, 8:50 am",66,61,83,W,8,8,,FEW013 OVC030,,29.86,30,,,,,,,
"Jul 22, 8:45 am",66,61,83,WSW,8,8,,FEW012 OVC030,,29.86,30,,,,,,,
"Jul 22, 8:40 am",66,61,83,W,8,8,,FEW012 OVC030,,29.86,30,,,,,,,
"Jul 22, 8:38 am",66,60,81,W,9,8,,FEW012 OVC030,,29.86,30,,,,,,,
"Jul 22, 8:35 am",66,61,83,WSW,7,8,,FEW012 OVC030,,29.86,30,,,,,,,
"Jul 22, 8:30 am",66,61,83,WSW,7,8,,FEW012 OVC029,,29.86,30,,,,,,,
"Jul 22, 8:25 am",66,61,83,WSW,8,8,,SCT012 OVC029,,29.86,30,,,,,,,
"Jul 22, 8:20 am",66,61,83,WSW,8,8,,BKN012 OVC029,,29.86,30,,,,,,,
"Jul 22, 8:15 am",66,61,83,W,7,10,,SCT012 OVC029,,29.86,30,,,,,,,
"Jul 22, 8:10 am",66,61,83,W,8,10,,SCT012 OVC029,,29.86,30,,,,,,,
"Jul 22, 8:05 am",66,61,83,W,7,10,,SCT012 OVC029,,29.85,29.99,,,,,,,
"Jul 22, 8:00 am",66,61,83,W,7,10,,SCT012 OVC029,,29.85,29.99,,,,,,,
"Jul 22, 7:55 am",66,61,83,W,6,10,,FEW012 OVC029,,29.85,29.99,,,,,,,
"Jul 22, 7:53 am",65,60,84,W,7,8,,FEW012 OVC029,1015.3,29.85,29.99,,,,,,,
"Jul 22, 7:50 am",64,61,88,W,7,8,,FEW012 OVC029,,29.85,29.99,,,,,,,
"Jul 22, 7:45 am",64,61,88,W,7,10,,FEW012 OVC029,,29.85,29.99,,,,,,,
"Jul 22, 7:40 am",64,61,88,W,6,10,,OVC029,,29.84,29.98,,,,,,,
"Jul 22, 7:35 am",64,61,88,W,6,10,,OVC029,,29.84,29.98,,,,,,,
"Jul 22, 7:30 am",64,61,88,W,7,10,,OVC028,,29.84,29.98,,,,,,,
"Jul 22, 7:25 am",64,61,88,W,6,10,,OVC028,,29.84,29.98,,,,,,,
"Jul 22, 7:20 am",64,61,88,W,7,10,,OVC027,,29.84,29.98,,,,,,,
"Jul 22, 7:15 am",64,61,88,W,7,10,,OVC026,,29.84,29.98,,,,,,,
"Jul 22, 7:10 am",64,61,88,W,7,10,,OVC026,,29.83,29.97,,,,,,,
"Jul 22, 7:05 am",64,61,88,W,8,10,,OVC026,,29.83,29.97,,,,,,,
"Jul 22, 7:00 am",64,61,88,W,6,10,,OVC027,,29.83,29.97,,,,,,,
"Jul 22, 6:55 am",64,61,88,W,6,10,,OVC026,,29.83,29.97,,,,,,,
"Jul 22, 6:53 am",65,60,84,W,6,8,,FEW008 SCT019 OVC027,1014.7,29.83,29.97,,,,,,,
"Jul 22, 6:50 am",64,61,88,W,7,8,,FEW008 SCT019 OVC027,,29.83,29.97,,,,,,,
"Jul 22, 6:45 am",64,61,88,W,6,10,,OVC026,,29.83,29.97,,,,,,,
"Jul 22, 6:40 am",64,61,88,W,8,10,,OVC026,,29.83,29.97,,,,,,,
"Jul 22, 6:35 am",64,61,88,W,7,10,,OVC026,,29.83,29.97,,,,,,,
"Jul 22, 6:30 am",64,61,88,W,7,10,,OVC026,,29.82,29.96,,,,,,,
"Jul 22, 6:25 am",64,61,88,WSW,6,10,,OVC026,,29.82,29.96,,,,,,,
"Jul 22, 6:20 am",64,61,88,WSW,6,10,,OVC026,,29.82,29.96,,,,,,,
"Jul 22, 6:15 am",64,61,88,WSW,7,10,,OVC026,,29.82,29.96,,,,,,,
"Jul 22, 6:10 am",64,61,88,W,7,10,,OVC026,,29.82,29.96,,,,,,,
"Jul 22, 6:05 am",64,61,88,WSW,7,10,,OVC027,,29.82,29.96,,,,,,,
"Jul 22, 6:00 am",64,61,88,W,7,10,,OVC027,,29.82,29.96,,,,,,,
"Jul 22, 5:55 am",64,61,88,W,8,10,,OVC027,,29.82,29.96,,,,,,,
"Jul 22, 5:53 am",65,60,84,W,8,10,,FEW008 SCT022 OVC028,1014.3,29.82,29.96,,,,,,,
"Jul 22, 5:50 am",64,61,88,W,6,10,,FEW008 SCT022 OVC028,,29.82,29.96,,,,,,,
"Jul 22, 5:45 am",64,61,88,WSW,7,10,,FEW009 SCT022 OVC028,,29.82,29.96,,,,,,,
"Jul 22, 5:40 am",64,61,88,W,6,10,,FEW009 SCT022 OVC028,,29.82,29.96,,,,,,,
"Jul 22, 5:35 am",64,61,88,W,6,10,,FEW009 SCT022 OVC028,,29.81,29.95,,,,,,,
"Jul 22, 5:30 am",64,61,88,W,5,10,,FEW009 SCT022 OVC028,,29.81,29.95,,,,,,,
"Jul 22, 5:25 am",64,61,88,W,6,10,,FEW009 SCT022 OVC028,,29.81,29.95,,,,,,,
"Jul 22, 5:20 am",64,61,88,W,7,10,,FEW009 SCT022 OVC028,,29.81,29.95,,,,,,,
"Jul 22, 5:15 am",64,61,88,W,6,10,,FEW009 SCT022 OVC028,,29.81,29.95,,,,,,,
"Jul 22, 5:10 am",64,61,88,W,5,10,,FEW009 SCT022 OVC029,,29.81,29.95,,,,,,,
"Jul 22, 5:05 am",64,59,83,W,7,10,,FEW009 SCT022 OVC029,,29.81,29.95,,,,,,,
"Jul 22, 5:00 am",64,59,83,W,7,10,,FEW009 SCT022 OVC029,,29.81,29.95,,,,,,,
"Jul 22, 4:55 am",64,59,83,W,7,10,,FEW009 SCT022 OVC029,,29.81,29.95,,,,,,,
"Jul 22, 4:53 am",64,59,84,W,7,10,,FEW009 SCT022 OVC029,1014,29.81,29.95,,,,66,64,,
"Jul 22, 4:50 am",64,59,83,W,7,10,,FEW009 SCT022 OVC029,,29.81,29.95,,,,,,,
"Jul 22, 4:45 am",64,61,88,W,6,10,,FEW009 SCT022 OVC029,,29.81,29.95,,,,,,,
"Jul 22, 4:40 am",64,61,88,W,7,10,,FEW009 SCT022 OVC029,,29.81,29.95,,,,,,,
"Jul 22, 4:35 am",64,61,88,W,7,10,,FEW009 SCT022 OVC029,,29.81,29.95,,,,,,,
"Jul 22, 4:30 am",64,61,88,WNW,6,10,,FEW009 SCT025 OVC029,,29.81,29.95,,,,,,,
"Jul 22, 4:25 am",64,61,88,W,6,10,,FEW009 SCT025 OVC029,,29.81,29.95,,,,,,,
"Jul 22, 4:20 am",64,61,88,WNW,6,10,,FEW009 SCT025 OVC029,,29.81,29.95,,,,,,,
"Jul 22, 4:15 am",64,61,88,W,7,10,,FEW009 SCT025 OVC029,,29.81,29.95,,,,,,,
"Jul 22, 4:10 am",64,61,88,W,7,10,,FEW009 SCT025 OVC029,,29.81,29.95,,,,,,,
"Jul 22, 4:05 am",64,61,88,WNW,7,10,,FEW009 SCT025 OVC029,,29.81,29.95,,,,,,,
"Jul 22, 4:00 am",64,61,88,W,8,10,,FEW009 SCT025 OVC029,,29.81,29.95,,,,,,,
"Jul 22, 3:55 am",64,61,88,W,8,10,,FEW009 BKN025 OVC029,,29.81,29.95,,,,,,,
"Jul 22, 3:53 am",64,60,87,WNW,8,10,,FEW009 BKN025 OVC029,1014.1,29.81,29.95,,,,,,,
"Jul 22, 3:50 am",64,61,88,W,7,10,,FEW009 BKN024 OVC028,,29.81,29.95,,,,,,,
"Jul 22, 3:45 am",64,61,88,W,7,10,,FEW009 BKN024 OVC028,,29.81,29.95,,,,,,,
"Jul 22, 3:40 am",64,59,83,W,7,10,,FEW009 OVC024,,29.81,29.95,,,,,,,
"Jul 22, 3:35 am",64,61,88,WNW,7,10,,FEW009 OVC024,,29.81,29.95,,,,,,,
"Jul 22, 3:30 am",64,61,88,W,7,10,,FEW009 OVC024,,29.81,29.95,,,,,,,
"Jul 22, 3:25 am",64,59,83,W,8,10,,FEW009 OVC024,,29.81,29.95,,,,,,,
"Jul 22, 3:20 am",64,61,88,W,8,10,,FEW009 OVC024,,29.82,29.96,,,,,,,
"Jul 22, 3:15 am",64,61,88,W,7,10,,OVC023,,29.82,29.96,,,,,,,
"Jul 22, 3:10 am",64,59,83,W,7,10,,OVC023,,29.81,29.95,,,,,,,
"Jul 22, 3:05 am",64,61,88,W,8,10,,OVC025,,29.82,29.96,,,,,,,
"Jul 22, 3:00 am",64,61,88,W,7,10,,OVC025,,29.82,29.96,,,,,,,
"Jul 22, 2:55 am",64,59,83,W,7,10,,OVC027,,29.82,29.96,,,,,,,
"Jul 22, 2:53 am",65,59,81,W,7,10,,FEW009 OVC028,1014.2,29.82,29.96,,,,,,,
"Jul 22, 2:50 am",64,59,83,W,7,10,,FEW009 OVC028,,29.82,29.96,,,,,,,
"Jul 22, 2:45 am",64,59,83,WNW,7,10,,FEW009 OVC028,,29.82,29.96,,,,,,,
"Jul 22, 2:40 am",64,59,83,W,7,10,,FEW009 OVC028,,29.82,29.96,,,,,,,
"Jul 22, 2:35 am",64,59,83,WNW,7,10,,FEW009 OVC028,,29.82,29.96,,,,,,,
"Jul 22, 2:34 am",65,59,81,WNW,7,10,,FEW009 OVC028,,29.82,29.96,,,,,,,
"Jul 22, 2:30 am",64,59,83,W,7,10,,OVC029,,29.82,29.96,,,,,,,
"Jul 22, 2:25 am",64,59,83,W,6,10,,OVC029,,29.82,29.96,,,,,,,
"Jul 22, 2:20 am",64,59,83,W,8,10,,OVC028,,29.82,29.96,,,,,,,
"Jul 22, 2:15 am",64,61,88,WNW,7,10,,OVC029,,29.82,29.96,,,,,,,
"Jul 22, 2:10 am",64,59,83,W,7,10,,OVC029,,29.82,29.96,,,,,,,
"Jul 22, 2:05 am",64,59,83,W,7,10,,OVC027,,29.82,29.96,,,,,,,
"Jul 22, 2:00 am",64,59,83,W,8,10,,OVC027,,29.82,29.96,,,,,,,
"Jul 22, 1:55 am",64,59,83,W,8,10,,OVC027,,29.82,29.96,,,,,,,
"Jul 22, 1:53 am",65,59,81,W,8,10,,FEW011 OVC026,1014.2,29.82,29.96,,,,,,,
"Jul 22, 1:50 am",64,59,83,W,8,10,,FEW012 OVC026,,29.82,29.96,,,,,,,
"Jul 22, 1:45 am",64,59,83,W,7,10,,FEW012 OVC026,,29.82,29.96,,,,,,,
"Jul 22, 1:40 am",64,59,83,WNW,7,10,,FEW012 OVC026,,29.82,29.96,,,,,,,
"Jul 22, 1:35 am",64,59,83,WNW,8,10,,FEW012 OVC026,,29.82,29.96,,,,,,,
"Jul 22, 1:30 am",64,59,83,W,8,10,,FEW012 OVC026,,29.82,29.96,,,,,,,
"Jul 22, 1:25 am",64,59,83,W,8,10,,FEW015 BKN028,,29.82,29.96,,,,,,,
"Jul 22, 1:20 am",66,59,78,W,9,10,,FEW015 BKN028,,29.82,29.96,,,,,,,
"Jul 22, 1:15 am",66,59,78,W,8,10,,FEW015 BKN028,,29.82,29.96,,,,,,,
"Jul 22, 1:10 am",66,59,78,WNW,8,10,,FEW015 BKN028,,29.82,29.96,,,,,,,
"Jul 22, 1:05 am",64,59,83,W,8,10,,FEW015 BKN028,,29.82,29.96,,,,,,,
"Jul 22, 1:00 am",64,59,83,W,8,10,,FEW015 BKN028,,29.82,29.96,,,,,,,
"Jul 22, 12:55 am",64,59,83,W,8,10,,FEW015 BKN028,,29.82,29.96,,,,,,,
"Jul 22, 12:53 am",65,59,81,W,10,10,,FEW015 BKN028,1014.5,29.83,29.97,,,,,,72,65
"Jul 22, 12:50 am",66,61,83,WNW,8,10,,FEW015 BKN028,,29.83,29.97,,,,,,,
"Jul 22, 12:45 am",66,61,83,WNW,8,10,,FEW015 BKN028,,29.83,29.97,,,,,,,
"Jul 22, 12:40 am",66,61,83,WNW,8,10,,FEW015 BKN028,,29.83,29.97,,,,,,,
"Jul 22, 12:35 am",66,61,83,NW,7,10,,FEW015 BKN028,,29.83,29.97,,,,,,,
"Jul 22, 12:30 am",66,59,78,WNW,9,10,,FEW015 BKN028,,29.83,29.97,,,,,,,
"Jul 22, 12:25 am",66,59,78,WNW,9,10,,FEW015 BKN028,,29.83,29.97,,,,,,,
"Jul 22, 12:20 am",66,59,78,W,12,10,,FEW015 BKN028,,29.83,29.97,,,,,,,
"Jul 22, 12:15 am",66,59,78,W,10,10,,FEW015 BKN028,,29.83,29.97,,,,,,,
"Jul 22, 12:10 am",66,59,78,W,9,10,,FEW015 BKN028,,29.83,29.97,,,,,,,
"Jul 22, 12:05 am",66,59,78,W,8,10,,FEW015 BKN028,,29.83,29.97,,,,,,,
"Jul 22, 12:00 am",66,59,78,W,10,10,,FEW015 BKN028,,29.83,29.97,,,,,,,
"Jul 21, 11:55 pm",66,59,78,W,9,10,,OVC028,,29.83,29.97,,,,,,,
"Jul 21, 11:53 pm",66,59,78,W,10,10,,FEW015 BKN026,1014.8,29.83,29.97,,,,,,,
"Jul 21, 11:50 pm",66,59,78,W,10,10,,FEW015 BKN026,,29.83,29.97,,,,,,,
"Jul 21, 11:45 pm",66,59,78,W,9,10,,FEW015 BKN026,,29.84,29.98,,,,,,,
"Jul 21, 11:40 pm",66,59,78,W,10,10,,FEW015 BKN026,,29.84,29.98,,,,,,,
"Jul 21, 11:35 pm",66,59,78,W,12,10,,FEW015 BKN026,,29.83,29.97,,,,,,,
"Jul 21, 11:30 pm",66,59,78,W,12,10,,FEW015 BKN026,,29.83,29.97,,,,,,,
"Jul 21, 11:25 pm",66,59,78,W,10,10,,FEW015 BKN026,,29.83,29.97,,,,,,,
"Jul 21, 11:20 pm",66,59,78,W,12,10,,FEW015 BKN026,,29.84,29.98,,,,,,,
"Jul 21, 11:15 pm",66,59,78,W,10,10,,FEW015 BKN026,,29.84,29.98,,,,,,,
"Jul 21, 11:10 pm",66,59,78,W,9,10,,FEW015 BKN026,,29.84,29.98,,,,,,,
"Jul 21, 11:05 pm",66,59,78,W,9,10,,FEW015 BKN026,,29.84,29.98,,,,,,,
"Jul 21, 11:00 pm",66,59,78,W,10,10,,FEW015 BKN026,,29.84,29.98,,,,,,,
"Jul 21, 10:55 pm",66,59,78,W,12,10,,FEW015 BKN026,,29.84,29.98,,,,,,,
"Jul 21, 10:53 pm",66,59,78,WNW,10,10,,FEW015 BKN026,1014.9,29.84,29.98,,,,72,65,,
"Jul 21, 10:50 pm",66,59,78,W,10,10,,FEW015 BKN026,,29.84,29.98,,,,,,,
"Jul 21, 10:45 pm",66,59,78,W,12,10,,FEW015 OVC025,,29.84,29.98,,,,,,,
"Jul 21, 10:40 pm",66,59,78,W,10,10,,FEW015 BKN025,,29.84,29.98,,,,,,,
"Jul 21, 10:35 pm",66,59,78,W,9,10,,FEW015 BKN025,,29.84,29.98,,,,,,,
"Jul 21, 10:30 pm",66,61,83,W,12,10,,FEW015 BKN025,,29.84,29.98,,,,,,,
"Jul 21, 10:27 pm",66,60,81,W,10,10,,FEW015 BKN025,,29.84,29.98,,,,,,,
"Jul 21, 10:25 pm",66,61,83,W,10,10,,FEW014 FEW027,,29.84,29.98,,,,,,,
"Jul 21, 10:20 pm",66,61,83,W,12,10,,FEW014 FEW027,,29.84,29.98,,,,,,,
"Jul 21, 10:15 pm",66,61,83,W,12,10,,FEW014 FEW027,,29.84,29.98,,,,,,,
"Jul 21, 10:10 pm",66,61,83,W,12,10,,FEW014 FEW027,,29.84,29.98,,,,,,,
"Jul 21, 10:05 pm",66,61,83,W,12,10,,FEW014 FEW027,,29.83,29.97,,,,,,,
"Jul 21, 10:00 pm",66,61,83,W,12,10,,FEW014 FEW027,,29.83,29.97,,,,,,,
"Jul 21, 9:55 pm",64,61,88,W,12,10,,FEW014 FEW027,,29.84,29.98,,,,,,,
"Jul 21, 9:53 pm",65,60,84,W,13,10,,FEW014 FEW026,1014.8,29.83,29.97,,,,,,,
"Jul 21, 9:50 pm",64,61,88,W,13,10,,FEW014 FEW026,,29.84,29.98,,,,,,,
"Jul 21, 9:45 pm",64,61,88,W,12,10,,FEW014 FEW026,,29.84,29.98,,,,,,,
"Jul 21, 9:40 pm",64,61,88,W,13,10,,CLR,,29.83,29.97,,,,,,,
"Jul 21, 9:35 pm",64,61,88,WSW,12,10,,CLR,,29.83,29.97,,,,,,,
"Jul 21, 9:30 pm",64,61,88,WSW,10,10,,CLR,,29.83,29.97,,,,,,,
"Jul 21, 9:25 pm",64,61,88,WSW,12,10,,CLR,,29.83,29.97,,,,,,,
"Jul 21, 9:20 pm",64,61,88,WSW,10,10,,CLR,,29.83,29.97,,,,,,,
"Jul 21, 9:15 pm",64,61,88,WSW,12,10,,CLR,,29.83,29.97,,,,,,,
"Jul 21, 9:10 pm",64,61,88,WSW,13,10,,CLR,,29.82,29.96,,,,,,,
"Jul 21, 9:05 pm",64,61,88,WSW,13,10,,CLR,,29.82,29.96,,,,,,,
"Jul 21, 9:00 pm",64,61,88,WSW,13,10,,CLR,,29.82,29.96,,,,,,,
"Jul 21, 8:55 pm",64,61,88,WSW,10,10,,CLR,,29.82,29.96,,,,,,,
"Jul 21, 8:53 pm",65,61,87,WSW,13,10,,FEW014 FEW150,1014.1,29.81,29.95,,,,,,,
"Jul 21, 8:50 pm",64,61,88,WSW,12,10,,FEW014,,29.81,29.95,,,,,,,
"Jul 21, 8:45 pm",64,61,88,WSW,15,10,,CLR,,29.81,29.95,,,,,,,
"Jul 21, 8:40 pm",66,61,83,WSW,15,10,,CLR,,29.81,29.95,,,,,,,
"Jul 21, 8:35 pm",66,61,83,WSW,14,10,,CLR,,29.81,29.95,,,,,,,
"Jul 21, 8:30 pm",66,61,83,WSW,15,10,,CLR,,29.8,29.94,,,,,,,
"Jul 21, 8:25 pm",66,61,83,WSW,16,10,,CLR,,29.8,29.94,,,,,,,
"Jul 21, 8:20 pm",66,61,83,W,16,10,,CLR,,29.8,29.94,,,,,,,
"Jul 21, 8:15 pm",66,61,83,W,15,10,,CLR,,29.8,29.94,,,,,,,
"Jul 21, 8:10 pm",66,61,83,W,15,10,,CLR,,29.8,29.94,,,,,,,
"Jul 21, 8:05 pm",66,61,83,W,14,10,,CLR,,29.8,29.94,,,,,,,
"Jul 21, 8:00 pm",66,61,83,W,14,10,,CLR,,29.8,29.94,,,,,,,
"Jul 21, 7:55 pm",66,61,83,W,14,10,,CLR,,29.8,29.94,,,,,,,
"Jul 21, 7:53 pm",66,61,84,W,15,10,,FEW014 FEW150,1013.6,29.8,29.94,,,,,,,
"Jul 21, 7:50 pm",66,61,83,W,14,10,,FEW014,,29.8,29.94,,,,,,,
"Jul 21, 7:45 pm",66,61,83,W,16,10,,CLR,,29.8,29.94,,,,,,,
"Jul 21, 7:40 pm",66,61,83,W,14,10,,CLR,,29.8,29.94,,,,,,,
"Jul 21, 7:35 pm",66,61,83,W,13,10,,CLR,,29.8,29.94,,,,,,,
"Jul 21, 7:30 pm",66,61,83,W,17,10,,FEW014 FEW100,,29.8,29.94,,,,,,,
"Jul 21, 7:25 pm",66,61,83,W,15,10,,FEW014 FEW100,,29.8,29.94,,,,,,,
"Jul 21, 7:20 pm",66,61,83,W,18,10,,FEW014 FEW100,,29.8,29.94,,,,,,,
"Jul 21, 7:15 pm",66,61,83,W,17,10,,FEW014 FEW100,,29.79,29.93,,,,,,,
"Jul 21, 7:10 pm",66,61,83,W,17,10,,FEW014 FEW100,,29.79,29.93,,,,,,,
"Jul 21, 7:05 pm",68,61,78,W,17,10,,FEW014 FEW100,,29.79,29.93,,,,,,,
"Jul 21, 7:00 pm",68,61,78,W,17,10,,CLR,,29.79,29.93,,,,,,,
"Jul 21, 6:55 pm",68,61,78,W,17,10,,CLR,,29.79,29.93,,,,,,,
"Jul 21, 6:53 pm",68,60,76,W,18,10,,FEW014 FEW100,1013.4,29.79,29.93,,,,,,,
"Jul 21, 6:50 pm",68,61,78,W,17,10,,FEW014 FEW100,,29.79,29.93,,,,,,,
"Jul 21, 6:45 pm",68,61,78,W,16,10,,CLR,,29.79,29.93,,,,,,,
"Jul 21, 6:40 pm",68,61,78,W,16,10,,CLR,,29.79,29.93,,,,,,,
"Jul 21, 6:35 pm",70,61,73,W,17,10,,CLR,,29.79,29.93,,,,,,,
"Jul 21, 6:30 pm",70,61,73,W,15,10,,CLR,,29.79,29.93,,,,,,,
"Jul 21, 6:25 pm",70,61,73,W,16,10,,CLR,,29.79,29.93,,,,,,,
"Jul 21, 6:20 pm",70,61,73,W,16,10,,CLR,,29.79,29.92,,,,,,,
"Jul 21, 6:15 pm",70,61,73,W,16,10,,FEW012,,29.79,29.92,,,,,,,
"Jul 21, 6:10 pm",70,61,73,W,15,10,,FEW011,,29.79,29.92,,,,,,,
"Jul 21, 6:05 pm",70,61,73,W,15,10,,FEW011,,29.79,29.92,,,,,,,
"Jul 21, 6:00 pm",70,61,73,W,15,10,,FEW011,,29.79,29.92,,,,,,,
"Jul 21, 5:55 pm",70,61,73,W,16,10,,FEW011,,29.79,29.92,,,,,,,
"Jul 21, 5:53 pm",69,61,75,W,15,10,,FEW011,1013.1,29.79,29.92,,,,,,,
"Jul 21, 5:50 pm",70,61,73,W,14,10,,FEW011,,29.79,29.92,,,,,,,
"Jul 21, 5:45 pm",70,61,73,W,14,10,,SCT011,,29.79,29.92,,,,,,,
"Jul 21, 5:40 pm",70,61,73,W,15,10,,SCT011,,29.79,29.92,,,,,,,
"Jul 21, 5:35 pm",70,61,73,W,16,10,,SCT011,,29.79,29.92,,,,,,,
"Jul 21, 5:30 pm",70,61,73,W,14,10,,SCT011,,29.79,29.92,,,,,,,
"Jul 21, 5:25 pm",70,63,78,W,15G22,10,,SCT011,,29.79,29.93,,,,,,,
"Jul 21, 5:20 pm",70,61,73,W,13,10,,SCT011,,29.79,29.93,,,,,,,
"Jul 21, 5:15 pm",70,61,73,W,14,10,,FEW011,,29.79,29.93,,,,,,,
"Jul 21, 5:10 pm",70,63,78,W,16,10,,FEW011,,29.79,29.93,,,,,,,
"Jul 21, 5:05 pm",72,61,69,W,16,10,,CLR,,29.79,29.93,,,,,,,
"Jul 21, 5:00 pm",72,63,73,W,15,10,,CLR,,29.79,29.93,,,,,,,
"Jul 21, 4:55 pm",72,61,69,W,15G21,10,,CLR,,29.79,29.93,,,,,,,
"Jul 21, 4:53 pm",71,61,71,WSW,13G22,10,,FEW014 FEW029,1013.3,29.79,29.93,,,,72,69,,
"Jul 21, 4:50 pm",72,61,69,SW,13,10,,FEW014 FEW029,,29.79,29.93,,,,,,,
"Jul 21, 4:45 pm",72,61,69,WSW,13,10,,FEW014 FEW029,,29.79,29.93,,,,,,,
"Jul 21, 4:40 pm",72,61,69,WSW,13,10,,FEW014 SCT029,,29.8,29.94,,,,,,,
"Jul 21, 4:35 pm",72,61,69,WSW,14,10,,FEW014 SCT029,,29.8,29.94,,,,,,,
"Jul 21, 4:30 pm",72,61,69,WSW,13,10,,FEW014 SCT029,,29.8,29.94,,,,,,,
"Jul 21, 4:25 pm",72,61,69,W,13,10,,FEW014 SCT029,,29.8,29.94,,,,,,,
"Jul 21, 4:20 pm",72,63,73,W,13,10,,FEW014 SCT029,,29.8,29.94,,,,,,,
"Jul 21, 4:15 pm",72,61,69,W,13,10,,FEW014 SCT029,,29.8,29.94,,,,,,,
"Jul 21, 4:13 pm",72,62,71,W,14,10,,FEW014 SCT029,,29.8,29.94,,,,,,,
"Jul 21, 4:10 pm",72,63,73,WSW,13,10,,FEW014 BKN029,,29.8,29.94,,,,,,,
"Jul 21, 4:05 pm",72,63,73,W,12,10,,FEW014 OVC029,,29.8,29.94,,,,,,,
"Jul 21, 4:00 pm",72,61,69,WSW,12,10,,FEW014 OVC029,,29.81,29.95,,,,,,,
"Jul 21, 3:55 pm",70,61,73,WSW,10,10,,FEW014 OVC029,,29.81,29.95,,,,,,,
"Jul 21, 3:53 pm",70,61,73,WSW,12,10,,FEW014 BKN029,1014,29.81,29.95,,,,,,,
"Jul 21, 3:50 pm",72,61,69,W,12,10,,FEW013 BKN029,,29.81,29.95,,,,,,,
"Jul 21, 3:45 pm",70,63,78,W,13,10,,FEW013 OVC029,,29.81,29.95,,,,,,,
"Jul 21, 3:40 pm",72,63,73,WSW,12,10,,FEW013 FEW023 OVC029,,29.81,29.95,,,,,,,
"Jul 21, 3:35 pm",72,61,69,WSW,12,10,,FEW013 FEW023 BKN029,,29.81,29.95,,,,,,,
"Jul 21, 3:30 pm",70,63,78,WSW,12,10,,FEW013 FEW023 BKN030,,29.81,29.95,,,,,,,
"Jul 21, 3:25 pm",70,63,78,WSW,13,10,,FEW013 FEW024 BKN029,,29.82,29.96,,,,,,,
"Jul 21, 3:20 pm",70,63,78,,,10,,FEW014 SCT023 BKN028,,29.82,29.96,,,,,,,
"Jul 21, 3:15 pm",70,61,73,W,13,10,,FEW013 SCT023 BKN028,,29.82,29.96,,,,,,,
"Jul 21, 3:10 pm",70,63,78,W,12,10,,FEW013 BKN028,,29.82,29.96,,,,,,,
"Jul 21, 3:05 pm",70,63,78,WSW,12,10,,FEW014 BKN028,,29.82,29.96,,,,,,,
"Jul 21, 3:00 pm",70,63,78,W,12,10,,FEW014 BKN027,,29.82,29.96,,,,,,,
"Jul 21, 2:55 pm",70,63,78,WSW,12,10,,FEW014 BKN027,,29.82,29.96,,,,,,,
"Jul 21, 2:53 pm",70,62,76,WSW,13,10,,FEW012 OVC027,1014.5,29.82,29.96,,,,,,,
"Jul 21, 2:50 pm",70,63,78,WSW,12,10,,FEW012 OVC027,,29.82,29.96,,,,,,,
"Jul 21, 2:45 pm",70,63,78,W,13,10,,OVC027,,29.83,29.97,,,,,,,
"Jul 21, 2:40 pm",70,63,78,W,12,10,,BKN026,,29.83,29.97,,,,,,,
"Jul 21, 2:35 pm",70,61,73,WSW,13,10,,OVC026,,29.83,29.97,,,,,,,
"Jul 21, 2:30 pm",70,63,78,W,12,10,,OVC027,,29.83,29.97,,,,,,,
"Jul 21, 2:25 pm",70,63,78,W,12,10,,FEW019 OVC026,,29.83,29.97,,,,,,,
"Jul 21, 2:20 pm",70,61,73,W,14,10,,FEW018 OVC027,,29.83,29.97,,,,,,,
"Jul 21, 2:15 pm",70,61,73,WSW,12,10,,FEW018 OVC026,,29.83,29.97,,,,,,,
"Jul 21, 2:10 pm",70,61,73,SW,12,10,,SCT018 OVC026,,29.84,29.98,,,,,,,
"Jul 21, 2:05 pm",70,61,73,WSW,12,10,,SCT018 OVC026,,29.84,29.98,,,,,,,
"Jul 21, 2:00 pm",70,61,73,WSW,13,10,,SCT018 OVC025,,29.84,29.98,,,,,,,
"Jul 21, 1:55 pm",70,61,73,W,16,10,,SCT018 OVC025,,29.84,29.98,,,,,,,
"Jul 21, 1:53 pm",70,61,73,WSW,14,9,,SCT017 OVC026,1015.1,29.84,29.98,,,,,,,
"Jul 21, 1:50 pm",70,61,73,WSW,13,9,,SCT017 OVC026,,29.84,29.98,,,,,,,
"Jul 21, 1:45 pm",70,61,73,WSW,10,9,,SCT017 OVC026,,29.84,29.98,,,,,,,
"Jul 21, 1:40 pm",72,61,69,WSW,12,10,,FEW017 OVC026,,29.84,29.98,,,,,,,
"Jul 21, 1:35 pm",72,61,69,WSW,9,10,,OVC026,,29.84,29.98,,,,,,,
"Jul 21, 1:30 pm",70,61,73,WSW,10,10,,OVC027,,29.84,29.98,,,,,,,
"Jul 21, 1:25 pm",72,61,69,SSW,9,10,,OVC027,,29.84,29.98,,,,,,,
"Jul 21, 1:20 pm",72,61,69,SW,9,10,,OVC028,,29.84,29.98,,,,,,,
"Jul 21, 1:15 pm",70,61,73,SSW,9,10,,OVC028,,29.85,29.99,,,,,,,
"Jul 21, 1:10 pm",72,61,69,SSW,9,10,,FEW021 OVC028,,29.85,29.99,,,,,,,
"Jul 21, 1:05 pm",70,61,73,SSW,8,10,,FEW021 OVC028,,29.85,29.99,,,,,,,
"Jul 21, 1:00 pm",70,61,73,S,10G16,10,,SCT021 OVC028,,29.85,29.99,,,,,,,
"Jul 21, 12:55 pm",70,61,73,SSW,9,10,,BKN021 OVC030,,29.85,29.99,,,,,,,
"Jul 21, 12:53 pm",70,61,73,SSW,9G20,8,,FEW009 BKN021 OVC028,1015.5,29.85,29.99,,,,,,,
"Jul 21, 12:50 pm",70,61,73,SSW,9,8,,FEW009 BKN021 OVC028,,29.85,29.99,,,,,,,
"Jul 21, 12:45 pm",70,61,73,S,7G20,10,,OVC021,,29.85,29.99,,,,,,,
"Jul 21, 12:40 pm",70,59,69,S,7G20,10,,OVC021,,29.86,30,,,,,,,
"Jul 21, 12:35 pm",70,59,69,S,7G20,10,,OVC022,,29.86,30,,,,,,,
"Jul 21, 12:30 pm",70,59,69,S,7G20,10,,OVC023,,29.86,30,,,,,,,
"Jul 21, 12:25 pm",70,59,69,S,7G20,10,,OVC024,,29.86,30,,,,,,,
"Jul 21, 12:20 pm",70,61,73,S,7G20,10,,OVC024,,29.86,30,,,,,,,
"Jul 21, 12:15 pm",70,59,69,S,7G20,10,,OVC024,,29.86,30,,,,,,,
"Jul 21, 12:10 pm",70,59,69,S,7G20,10,,OVC024,,29.86,30,,,,,,,
"Jul 21, 12:05 pm",70,59,69,S,7G20,10,,OVC025,,29.86,30,,,,,,,
"Jul 21, 12:00 pm",70,59,69,,,10,,OVC025,,29.86,30,,,,,,,
"Jul 21, 11:55 am",70,59,69,SSE,6,10,,OVC024,,29.86,30,,,,,,,
"Jul 21, 11:53 am",70,59,68,SE,6,8,,FEW009 OVC023,1015.7,29.86,30,,,,,,,
"Jul 21, 11:50 am",70,59,69,SE,6G20,8,,FEW009 OVC023,,29.86,30,,,,,,,
"Jul 21, 11:45 am",70,59,69,SE,6G20,10,,OVC022,,29.86,30,,,,,,,
"Jul 21, 11:40 am",70,59,69,SE,6G20,10,,OVC024,,29.86,30,,,,,,,
"Jul 21, 11:35 am",70,59,69,SE,6G20,10,,BKN022 OVC027,,29.86,30,,,,,,,
"Jul 21, 11:30 am",70,59,69,SE,6G20,10,,OVC023,,29.86,30,,,,,,,
"Jul 21, 11:25 am",70,59,69,SE,6G20,10,,OVC022,,29.86,30,,,,,,,
"Jul 21, 11:20 am",70,59,69,,,10,,OVC023,,29.86,30,,,,,,,
"Jul 21, 11:15 am",70,59,69,SSE,5,10,,OVC023,,29.86,30,,,,,,,
"Jul 21, 11:10 am",70,59,69,S,6,10,,OVC022,,29.86,30,,,,,,,
"Jul 21, 11:05 am",70,59,69,ESE,7,10,,OVC024,,29.86,30,,,,,,,
"Jul 21, 11:00 am",70,59,69,SE,6,10,,OVC023,,29.86,30,,,,,,,
"Jul 21, 10:55 am",70,59,69,SE,7,10,,OVC023,,29.86,30,,,,,,,
"Jul 21, 10:53 am",69,59,70,ESE,7,8,,FEW009 OVC023,1015.8,29.86,30,,,,69,65,,
"Jul 21, 10:50 am",68,59,73,SSE,5,8,,FEW009 OVC023,,29.86,30,,,,,,,
"Jul 21, 10:45 am",68,59,73,SSE,7,8,,FEW009 OVC022,,29.86,30,,,,,,,
"Jul 21, 10:40 am",68,59,73,SSE,6,10,,OVC022,,29.86,30,,,,,,,
"Jul 21, 10:35 am",68,59,73,SE,6,10,,OVC022,,29.86,30,,,,,,,
"Jul 21, 10:30 am",68,59,73,SSE,6,10,,OVC021,,29.86,30,,,,,,,
"Jul 21, 10:25 am",68,59,73,ESE,5,10,,OVC021,,29.86,30,,,,,,,
"Jul 21, 10:20 am",68,59,73,SE,6,10,,OVC020,,29.86,30,,,,,,,
"Jul 21, 10:15 am",66,59,78,N,0,10,,OVC020,,29.86,30,,,,,,,
"Jul 21, 10:10 am",66,61,83,SE,6,10,,OVC019,,29.86,30,,,,,,,
"Jul 21, 10:05 am",68,61,78,SSE,5,10,,OVC018,,29.86,30,,,,,,,
"Jul 21, 10:00 am",66,61,83,SSE,6,10,,OVC018,,29.86,30,,,,,,,
"Jul 21, 9:55 am",66,61,83,SSE,6,10,,OVC017,,29.86,30,,,,,,,
"Jul 21, 9:53 am",67,60,79,SSE,6,7,,FEW009 OVC019,1015.7,29.86,30,,,,,,,
"Jul 21, 9:50 am",66,61,83,SSE,7,7,,FEW009 OVC019,,29.86,30,,,,,,,
"Jul 21, 9:45 am",66,61,83,SE,7,10,,OVC019,,29.86,30,,,,,,,
"Jul 21, 9:40 am",66,61,83,SE,7,10,,OVC019,,29.86,30,,,,,,,
"Jul 21, 9:35 am",66,61,83,SE,3,9,,OVC019,,29.86,30,,,,,,,
"Jul 21, 9:30 am",66,61,83,SE,5,10,,OVC020,,29.86,30,,,,,,,
"Jul 21, 9:25 am",66,61,83,SE,3,10,,OVC021,,29.86,30,,,,,,,
"Jul 21, 9:10 am",66,61,83,N,0,10,,SCT015 OVC021,,29.86,30,,,,,,,
"Jul 21, 9:05 am",66,61,83,ESE,5,10,,BKN016 OVC022,,29.86,30,,,,,,,
"Jul 21, 9:00 am",66,61,83,N,0,10,,BKN017 OVC022,,29.86,30,,,,,,,
"Jul 21, 8:55 am",66,61,83,ESE,5,10,,OVC017,,29.86,30,,,,,,,
"Jul 21, 8:53 am",66,60,81,SE,5,7,,FEW009 OVC018,1015.8,29.86,30,,,,,,,
"Jul 21, 8:50 am",66,61,83,SE,6,7,,FEW009 OVC018,,29.86,30,,,,,,,
"Jul 21, 8:45 am",66,61,83,E,3G20,7,,FEW009 OVC018,,29.86,30,,,,,,,
"Jul 21, 8:40 am",66,61,83,E,3G20,7,,FEW009 OVC018,,29.86,30,,,,,,,
"Jul 21, 8:37 am",66,60,81,E,3,7,,FEW009 OVC018,,29.86,30,,,,,,,
"Jul 21, 8:35 am",66,61,83,E,3G20,10,,OVC014,,29.86,30,,,,,,,
"Jul 21, 8:30 am",66,61,83,E,3G20,10,,OVC014,,29.86,30,,,,,,,
"Jul 21, 8:25 am",66,61,83,,,10,,OVC014,,29.86,30,,,,,,,
"Jul 21, 8:20 am",66,61,83,ESE,5,10,,OVC014,,29.86,30,,,,,,,
"Jul 21, 8:15 am",64,61,88,ESE,3,8,,OVC014,,29.86,30,,,,,,,
"Jul 21, 8:10 am",64,61,88,SE,3,7,,OVC014,,29.86,30,,,,,,,
"Jul 21, 8:05 am",64,61,88,E,6,8,,OVC014,,29.86,30,,,,,,,
"Jul 21, 8:00 am",64,61,88,E,6,9,,OVC014,,29.86,30,,,,,,,
"Jul 21, 7:55 am",64,61,88,SE,6,8,,OVC014,,29.86,30,,,,,,,
"Jul 21, 7:53 am",65,61,87,ESE,7,7,,FEW008 OVC014,1015.6,29.86,30,,,,,,,
"Jul 21, 7:50 am",64,61,88,E,7,8,,OVC014,,29.86,30,,,,,,,
"Jul 21, 7:45 am",64,61,88,ESE,6,7,,OVC014,,29.85,29.99,,,,,,,
"Jul 21, 7:40 am",66,61,83,ESE,5,7,,OVC014,,29.85,29.99,,,,,,,
"Jul 21, 7:35 am",64,61,88,ESE,6,9,,OVC014,,29.85,29.99,,,,,,,
"Jul 21, 7:30 am",66,61,83,SE,5,9,,OVC014,,29.85,29.99,,,,,,,
"Jul 21, 7:25 am",64,61,88,N,0,6,Mist,OVC014,,29.85,29.99,,,,,,,
"Jul 21, 7:20 am",64,61,88,SE,3,5,Mist,OVC014,,29.85,29.99,,,,,,,
"Jul 21, 7:15 am",64,61,88,SSE,5,7,,OVC014,,29.85,29.99,,,,,,,
"Jul 21, 7:10 am",66,61,83,SE,7,9,,OVC014,,29.84,29.98,,,,,,,
"Jul 21, 7:05 am",66,61,83,SSE,3,9,,OVC014,,29.84,29.98,,,,,,,
"Jul 21, 7:00 am",66,61,83,SSE,8,10,,OVC014,,29.84,29.98,,,,,,,
"Jul 21, 6:55 am",66,61,83,SSE,5,9,,OVC014,,29.84,29.98,,,,,,,
"Jul 21, 6:53 am",66,60,81,SSE,5,7,,FEW008 OVC014,1015,29.84,29.98,,,,,,,
"Jul 21, 6:50 am",66,61,83,SE,3,7,,FEW008 OVC014,,29.84,29.98,,,,,,,
"Jul 21, 6:45 am",66,61,83,ESE,6,8,,FEW008 OVC014,,29.84,29.98,,,,,,,
"Jul 21, 6:40 am",66,61,83,SE,6,8,,FEW008 OVC014,,29.84,29.98,,,,,,,
"Jul 21, 6:38 am",66,60,81,,5,8,,FEW008 OVC014,,29.84,29.98,,,,,,,
"Jul 21, 6:35 am",66,61,83,SE,6,8,,FEW008 OVC014,,29.84,29.98,,,,,,,
"Jul 21, 6:30 am",66,61,83,ESE,5,9,,OVC015,,29.83,29.97,,,,,,,
"Jul 21, 6:25 am",66,61,83,ESE,5,9,,OVC015,,29.83,29.97,,,,,,,
"Jul 21, 6:20 am",66,61,83,SE,5,10,,OVC015,,29.83,29.97,,,,,,,
"Jul 21, 6:15 am",66,61,83,SSE,6,10,,OVC015,,29.83,29.97,,,,,,,
"Jul 21, 6:10 am",66,61,83,SSE,7,10,,OVC015,,29.83,29.97,,,,,,,
"Jul 21, 6:05 am",66,61,83,SSE,7,10,,OVC015,,29.83,29.97,,,,,,,
"Jul 21, 6:00 am",66,61,83,SSE,7,10,,OVC015,,29.83,29.97,,,,,,,
"Jul 21, 5:55 am",66,61,83,SE,6,10,,OVC015,,29.83,29.97,,,,,,,
"Jul 21, 5:53 am",66,60,81,SE,7,9,,FEW008 OVC015,1014.5,29.82,29.96,,,,,,,
"Jul 21, 5:50 am",66,61,83,SSE,7,10,,FEW008 OVC015,,29.82,29.96,,,,,,,
"Jul 21, 5:45 am",66,61,83,SE,6,10,,FEW008 OVC015,,29.82,29.96,,,,,,,
"Jul 21, 5:40 am",66,61,83,SE,6,10,,FEW008 OVC015,,29.82,29.96,,,,,,,
"Jul 21, 5:35 am",66,61,83,S,6,10,,FEW008 OVC015,,29.82,29.96,,,,,,,
"Jul 21, 5:30 am",66,61,83,SSE,7,10,,FEW008 OVC015,,29.82,29.96,,,,,,,
"Jul 21, 5:25 am",66,61,83,SSE,7,10,,FEW008 OVC015,,29.82,29.96,,,,,,,
"Jul 21, 5:20 am",66,61,83,SSE,6,10,,FEW008 OVC015,,29.82,29.96,,,,,,,
"Jul 21, 5:15 am",66,61,83,SSE,7,10,,FEW008 OVC015,,29.82,29.96,,,,,,,
"Jul 21, 5:10 am",66,61,83,SSE,3,10,,FEW008 OVC015,,29.82,29.96,,,,,,,
"Jul 21, 5:05 am",66,61,83,SE,7,10,,FEW008 OVC015,,29.82,29.96,,,,,,,
"Jul 21, 5:00 am",66,61,83,ESE,5,10,,FEW008 OVC015,,29.82,29.96,,,,,,,
"Jul 21, 4:55 am",66,61,83,SE,3,10,,FEW008 OVC015,,29.82,29.96,,,,,,,
"Jul 21, 4:53 am",66,60,81,SSE,5,10,,FEW008 OVC015,1014.1,29.82,29.96,,,,67,66,,
"Jul 21, 4:50 am",66,61,83,SE,5,10,,FEW008 OVC015,,29.82,29.96,,,,,,,
"Jul 21, 4:45 am",66,61,83,SSE,5,10,,FEW008 OVC015,,29.82,29.96,,,,,,,
"Jul 21, 4:41 am",66,60,81,SSE,5,10,,FEW008 OVC015,,29.82,29.96,,,,,,,
"Jul 21, 4:40 am",66,61,83,SE,3,10,,FEW008 OVC015,,29.82,29.96,,,,,,,
"Jul 21, 4:35 am",66,61,83,SSE,6,10,,FEW008 OVC014,,29.82,29.96,,,,,,,
"Jul 21, 4:32 am",66,60,81,S,7,10,,FEW008 OVC014,,29.82,29.96,,,,,,,
"Jul 21, 4:30 am",66,61,83,S,6,10,,OVC013,,29.82,29.96,,,,,,,
"Jul 21, 4:25 am",66,61,83,S,6,10,,OVC013,,29.81,29.95,,,,,,,
"Jul 21, 4:20 am",66,61,83,SSE,5,10,,OVC013,,29.81,29.95,,,,,,,
"Jul 21, 4:15 am",66,61,83,N,0,10,,OVC013,,29.81,29.95,,,,,,,
"Jul 21, 4:10 am",66,61,83,SSE,7,10,,OVC013,,29.81,29.95,,,,,,,
"Jul 21, 4:05 am",66,61,83,SE,5,10,,OVC013,,29.81,29.95,,,,,,,
"Jul 21, 4:00 am",66,61,83,ESE,5,10,,OVC013,,29.81,29.95,,,,,,,
"Jul 21, 3:55 am",66,61,83,SE,5,10,,OVC014,,29.81,29.95,,,,,,,
"Jul 21, 3:53 am",66,60,81,SSE,5,10,,OVC014,1013.9,29.81,29.95,,,,,,,
"Jul 21, 3:50 am",66,61,83,N,0,10,,OVC014,,29.81,29.95,,,,,,,
"Jul 21, 3:45 am",66,61,83,S,6,10,,OVC014,,29.81,29.95,,,,,,,
"Jul 21, 3:40 am",66,61,83,SSE,5,10,,OVC014,,29.81,29.95,,,,,,,
"Jul 21, 3:35 am",66,61,83,N,0,10,,OVC014,,29.81,29.95,,,,,,,
"Jul 21, 3:30 am",66,61,83,ESE,6,10,,OVC014,,29.81,29.95,,,,,,,
"Jul 21, 3:25 am",66,61,83,SSE,7,10,,OVC014,,29.81,29.95,,,,,,,
"Jul 21, 3:20 am",66,61,83,ENE,3,10,,OVC014,,29.81,29.95,,,,,,,
"Jul 21, 3:15 am",66,61,83,N,0,10,,OVC014,,29.81,29.95,,,,,,,
"Jul 21, 3:10 am",66,61,83,E,3,10,,OVC014,,29.81,29.95,,,,,,,
"Jul 21, 3:05 am",66,61,83,ESE,6,10,,OVC014,,29.81,29.95,,,,,,,
"Jul 21, 3:00 am",66,61,83,S,3,10,,OVC014,,29.81,29.95,,,,,,,
"Jul 21, 2:55 am",66,61,83,SE,7,10,,OVC014,,29.82,29.96,,,,,,,
"Jul 21, 2:53 am",66,60,81,,5,10,,OVC012,1014.1,29.82,29.96,,,,,,,
"Jul 21, 2:50 am",66,61,83,N,0,10,,OVC012,,29.82,29.96,,,,,,,
"Jul 21, 2:45 am",66,61,83,N,0,10,,OVC012,,29.82,29.96,,,,,,,
"Jul 21, 2:40 am",66,61,83,N,0,10,,OVC012,,29.82,29.96,,,,,,,
"Jul 21, 2:35 am",66,61,83,N,0,10,,OVC012,,29.82,29.96,,,,,,,
"Jul 21, 2:30 am",66,61,83,N,0,10,,OVC012,,29.82,29.96,,,,,,,
"Jul 21, 2:25 am",66,61,83,N,0,10,,OVC012,,29.82,29.96,,,,,,,
"Jul 21, 2:20 am",66,61,83,N,0,10,,OVC012,,29.82,29.96,,,,,,,
"Jul 21, 2:15 am",66,61,83,N,0,10,,OVC012,,29.82,29.96,,,,,,,
"Jul 21, 2:10 am",66,61,83,N,0,10,,OVC012,,29.82,29.96,,,,,,,
"Jul 21, 2:05 am",66,61,83,N,0,10,,OVC012,,29.82,29.96,,,,,,,
"Jul 21, 2:00 am",66,63,88,N,0,10,,OVC012,,29.82,29.96,,,,,,,
"Jul 21, 1:55 am",66,61,83,N,0,10,,OVC012,,29.82,29.96,,,,,,,
"Jul 21, 1:53 am",66,61,84,N,0,10,,OVC012,1014.3,29.82,29.96,,,,,,,
"Jul 21, 1:50 am",66,61,83,NW,5,10,,OVC012,,29.82,29.96,,,,,,,
"Jul 21, 1:45 am",66,61,83,N,0,10,,OVC012,,29.82,29.96,,,,,,,
"Jul 21, 1:40 am",66,61,83,NW,5,10,,OVC012,,29.83,29.97,,,,,,,
"Jul 21, 1:35 am",66,61,83,NW,5,10,,OVC012,,29.83,29.97,,,,,,,
"Jul 21, 1:30 am",66,61,83,ENE,6,10,,OVC012,,29.83,29.97,,,,,,,
"Jul 21, 1:25 am",66,61,83,N,0,10,,OVC012,,29.83,29.97,,,,,,,
"Jul 21, 1:20 am",66,61,83,WNW,6,10,,OVC012,,29.83,29.97,,,,,,,
"Jul 21, 1:15 am",66,61,83,WNW,7,10,,OVC013,,29.83,29.97,,,,,,,
"Jul 21, 1:10 am",66,61,83,N,5,10,,OVC012,,29.83,29.97,,,,,,,
"Jul 21, 1:05 am",66,61,83,NW,6,10,,OVC012,,29.83,29.97,,,,,,,
"Jul 21, 1:00 am",66,61,83,WNW,7,10,,OVC013,,29.83,29.97,,,,,,,
"Jul 21, 12:55 am",66,61,83,WNW,6,10,,OVC013,,29.84,29.98,,,,,,,
"Jul 21, 12:53 am",66,61,84,WNW,5,10,,OVC012,1014.9,29.84,29.98,,,,,,73,65
"Jul 21, 12:50 am",66,61,83,WNW,6,10,,OVC012,,29.84,29.98,,,,,,,
"Jul 21, 12:45 am",66,61,83,NW,6,10,,OVC013,,29.84,29.98,,,,,,,
"Jul 21, 12:40 am",66,61,83,NNW,5,10,,OVC013,,29.84,29.98,,,,,,,
"Jul 21, 12:35 am",66,61,83,WNW,5,10,,OVC013,,29.84,29.98,,,,,,,
"Jul 21, 12:30 am",66,61,83,WNW,6,10,,OVC013,,29.84,29.98,,,,,,,
"Jul 21, 12:25 am",66,61,83,WNW,7,10,,OVC013,,29.84,29.98,,,,,,,
"Jul 21, 12:20 am",66,61,83,WNW,7,10,,OVC013,,29.84,29.98,,,,,,,
"Jul 21, 12:15 am",66,61,83,NW,8,10,,OVC013,,29.84,29.98,,,,,,,
"Jul 21, 12:10 am",66,61,83,NNW,7,10,,OVC013,,29.84,29.98,,,,,,,
"Jul 21, 12:05 am",66,61,83,NW,7,10,,OVC013,,29.84,29.98,,,,,,,
"Jul 21, 12:00 am",66,61,83,NNW,8,10,,OVC013,,29.84,29.98,,,,,,,
"Jul 20, 11:55 pm",66,61,83,NW,7,10,,OVC013,,29.84,29.98,,,,,,,
"Jul 20, 11:53 pm",66,60,81,NW,7,10,,OVC012,1015.1,29.84,29.98,,,,,,,
"Jul 20, 11:50 pm",66,61,83,NW,8,10,,OVC012,,29.84,29.98,,,,,,,
"Jul 20, 11:45 pm",66,61,83,NW,6,10,,OVC012,,29.84,29.98,,,,,,,
"Jul 20, 11:40 pm",66,61,83,NNW,5,10,,OVC012,,29.84,29.98,,,,,,,
"Jul 20, 11:35 pm",66,61,83,NW,8,10,,OVC012,,29.84,29.98,,,,,,,
"Jul 20, 11:30 pm",66,61,83,NW,6,10,,OVC012,,29.84,29.98,,,,,,,
"Jul 20, 11:25 pm",66,61,83,WNW,6G20,10,,OVC012,,29.84,29.98,,,,,,,
"Jul 20, 11:20 pm",66,61,83,,,10,,OVC012,,29.84,29.98,,,,,,,
"Jul 20, 11:15 pm",66,61,83,NW,7,10,,OVC012,,29.84,29.98,,,,,,,
"Jul 20, 11:10 pm",66,61,83,W,5,10,,OVC012,,29.84,29.98,,,,,,,
"Jul 20, 11:05 pm",66,61,83,W,5,10,,OVC012,,29.84,29.98,,,,,,,
"Jul 20, 11:00 pm",66,61,83,WSW,5,10,,OVC012,,29.84,29.98,,,,,,,
"Jul 20, 10:55 pm",66,61,83,W,7,10,,OVC012,,29.84,29.98,,,,,,,
"Jul 20, 10:53 pm",66,61,84,W,7,10,,OVC012,1015,29.84,29.98,,,,71,66,,
"Jul 20, 10:50 pm",66,61,83,WSW,6,10,,OVC012,,29.84,29.98,,,,,,,
"Jul 20, 10:45 pm",66,61,83,W,7,10,,OVC014,,29.84,29.98,,,,,,,
"Jul 20, 10:40 pm",66,61,83,WSW,7,10,,OVC014,,29.84,29.98,,,,,,,
"Jul 20, 10:35 pm",66,61,83,WSW,7,10,,OVC014,,29.84,29.98,,,,,,,
"Jul 20, 10:30 pm",66,61,83,W,7,10,,OVC014,,29.84,29.98,,,,,,,
"Jul 20, 10:25 pm",66,61,83,W,8,10,,OVC014,,29.84,29.98,,,,,,,
"Jul 20, 10:20 pm",66,61,83,WSW,6,10,,OVC014,,29.84,29.98,,,,,,,
"Jul 20, 10:15 pm",66,61,83,WSW,7,10,,OVC013,,29.84,29.98,,,,,,,
"Jul 20, 10:10 pm",66,61,83,WSW,6,10,,OVC013,,29.84,29.98,,,,,,,
"Jul 20, 10:05 pm",66,61,83,WSW,6,10,,OVC014,,29.83,29.97,,,,,,,
"Jul 20, 10:00 pm",66,61,83,WSW,6,10,,OVC013,,29.83,29.97,,,,,,,
"Jul 20, 9:55 pm",66,61,83,WSW,8,10,,OVC013,,29.83,29.97,,,,,,,
"Jul 20, 9:53 pm",66,61,84,,6,10,,OVC013,1014.8,29.83,29.97,,,,,,,
"Jul 20, 9:50 pm",66,61,83,WSW,6,10,,OVC013,,29.83,29.97,,,,,,,
"Jul 20, 9:45 pm",66,61,83,WSW,7,10,,OVC013,,29.83,29.97,,,,,,,
"Jul 20, 9:40 pm",66,61,83,SW,7,10,,OVC014,,29.83,29.97,,,,,,,
"Jul 20, 9:35 pm",66,61,83,SW,7,10,,OVC014,,29.83,29.97,,,,,,,
"Jul 20, 9:30 pm",66,61,83,WSW,7,10,,OVC014,,29.83,29.97,,,,,,,
"Jul 20, 9:25 pm",66,61,83,WSW,6,10,,OVC014,,29.83,29.97,,,,,,,
"Jul 20, 9:20 pm",66,61,83,SW,6,10,,OVC014,,29.82,29.96,,,,,,,
"Jul 20, 9:15 pm",66,61,83,W,7,10,,OVC014,,29.82,29.96,,,,,,,
"Jul 20, 9:10 pm",66,61,83,WSW,6,10,,OVC014,,29.82,29.96,,,,,,,
"Jul 20, 9:05 pm",66,61,83,W,7,10,,OVC014,,29.82,29.96,,,,,,,
"Jul 20, 9:00 pm",66,61,83,W,7,10,,BKN015,,29.82,29.96,,,,,,,
"Jul 20, 8:55 pm",66,61,83,WSW,8,10,,OVC014,,29.82,29.96,,,,,,,
"Jul 20, 8:53 pm",66,60,81,W,7,10,,BKN014,1014.2,29.82,29.96,,,,,,,
"Jul 20, 8:50 pm",66,61,83,W,7,10,,BKN014,,29.81,29.95,,,,,,,
"Jul 20, 8:45 pm",66,61,83,W,6,10,,OVC014,,29.81,29.95,,,,,,,
"Jul 20, 8:40 pm",66,61,83,WSW,7,10,,OVC014,,29.81,29.95,,,,,,,
"Jul 20, 8:35 pm",66,61,83,W,9,10,,OVC013,,29.81,29.95,,,,,,,
"Jul 20, 8:30 pm",66,61,83,W,9,10,,OVC014,,29.81,29.95,,,,,,,
"Jul 20, 8:25 pm",66,61,83,W,8,10,,OVC014,,29.81,29.95,,,,,,,
"Jul 20, 8:20 pm",66,61,83,WNW,7,10,,OVC013,,29.81,29.95,,,,,,,
"Jul 20, 8:15 pm",66,61,83,W,10,10,,OVC013,,29.8,29.94,,,,,,,
"Jul 20, 8:10 pm",66,61,83,W,10,10,,OVC013,,29.8,29.94,,,,,,,
"Jul 20, 8:05 pm",66,61,83,W,9,10,,OVC013,,29.8,29.94,,,,,,,
"Jul 20, 8:00 pm",66,61,83,W,12,10,,OVC013,,29.8,29.94,,,,,,,
"Jul 20, 7:55 pm",66,61,83,W,12,10,,OVC013,,29.8,29.94,,,,,,,
"Jul 20, 7:53 pm",67,61,81,W,12,10,,BKN012,1013.7,29.8,29.94,,,,,,,
"Jul 20, 7:50 pm",66,61,83,W,10,10,,BKN012,,29.8,29.94,,,,,,,
"Jul 20, 7:45 pm",66,61,83,W,13,10,,OVC012,,29.8,29.94,,,,,,,
"Jul 20, 7:40 pm",66,61,83,WSW,9,10,,OVC012,,29.8,29.94,,,,,,,
"Jul 20, 7:35 pm",66,61,83,W,10,10,,OVC012,,29.8,29.94,,,,,,,
"Jul 20, 7:30 pm",66,61,83,W,13,10,,OVC012,,29.8,29.94,,,,,,,
"Jul 20, 7:25 pm",66,61,83,W,10,10,,OVC013,,29.8,29.94,,,,,,,
"Jul 20, 7:20 pm",66,61,83,W,12,10,,BKN012,,29.8,29.94,,,,,,,
"Jul 20, 7:15 pm",66,61,83,WSW,12,10,,BKN012,,29.8,29.94,,,,,,,
"Jul 20, 7:10 pm",68,61,78,WSW,12,10,,BKN012,,29.8,29.94,,,,,,,
"Jul 20, 7:05 pm",68,61,78,W,14,10,,BKN011,,29.8,29.94,,,,,,,
"Jul 20, 7:00 pm",68,61,78,WSW,12,10,,BKN011,,29.8,29.94,,,,,,,
"Jul 20, 6:55 pm",66,61,83,W,13,10,,BKN011,,29.79,29.93,,,,,,,
"Jul 20, 6:53 pm",67,61,81,W,13,10,,BKN012,1013.5,29.79,29.93,,,,,,,
"Jul 20, 6:50 pm",66,61,83,W,14,10,,BKN012,,29.79,29.93,,,,,,,
"Jul 20, 6:45 pm",68,61,78,W,13,10,,OVC012,,29.79,29.93,,,,,,,
"Jul 20, 6:40 pm",68,61,78,W,13,10,,BKN012,,29.8,29.94,,,,,,,
"Jul 20, 6:35 pm",68,61,78,W,14,10,,OVC011,,29.8,29.94,,,,,,,
"Jul 20, 6:30 pm",68,61,78,W,12,10,,OVC011,,29.8,29.94,,,,,,,
"Jul 20, 6:25 pm",68,61,78,W,14,10,,OVC011,,29.79,29.93,,,,,,,
"Jul 20, 6:20 pm",68,61,78,W,13,10,,OVC011,,29.79,29.93,,,,,,,
"Jul 20, 6:15 pm",68,61,78,W,14,10,,OVC011,,29.79,29.93,,,,,,,
"Jul 20, 6:10 pm",68,61,78,W,14,10,,OVC011,,29.79,29.93,,,,,,,
"Jul 20, 6:05 pm",68,61,78,W,14,10,,BKN011,,29.79,29.93,,,,,,,
"Jul 20, 6:00 pm",68,61,78,W,14,10,,BKN011,,29.79,29.93,,,,,,,
"Jul 20, 5:55 pm",68,61,78,W,16,10,,BKN011,,29.79,29.93,,,,,,,
"Jul 20, 5:53 pm",69,61,75,W,14,10,,BKN011,1013.4,29.79,29.93,,,,,,,
"Jul 20, 5:50 pm",70,61,73,W,13,10,,BKN011,,29.79,29.93,,,,,,,
"Jul 20, 5:45 pm",70,61,73,W,15,10,,BKN012,,29.79,29.93,,,,,,,
"Jul 20, 5:40 pm",70,61,73,W,15,10,,BKN012,,29.79,29.93,,,,,,,
"Jul 20, 5:35 pm",70,61,73,W,15,10,,BKN012,,29.79,29.93,,,,,,,
"Jul 20, 5:30 pm",70,61,73,WSW,13,10,,BKN012,,29.79,29.93,,,,,,,
"Jul 20, 5:25 pm",70,63,78,WSW,13,10,,BKN012,,29.8,29.94,,,,,,,
"Jul 20, 5:22 pm",70,61,73,WSW,13G21,10,,BKN012,,29.8,29.94,,,,,,,
"Jul 20, 5:20 pm",70,63,78,W,14,10,,FEW013,,29.8,29.94,,,,,,,
"Jul 20, 5:15 pm",70,63,78,W,14G20,10,,FEW013,,29.8,29.94,,,,,,,
"Jul 20, 5:10 pm",70,61,73,W,12,10,,SCT012,,29.8,29.94,,,,,,,
"Jul 20, 5:05 pm",72,63,73,W,14,10,,FEW013,,29.8,29.94,,,,,,,
"Jul 20, 5:00 pm",72,61,69,WSW,12,10,,CLR,,29.8,29.94,,,,,,,
"Jul 20, 4:55 pm",72,61,69,W,14G21,10,,CLR,,29.8,29.94,,,,,,,
"Jul 20, 4:53 pm",71,61,71,WSW,14G23,10,,FEW015 FEW025,1013.5,29.8,29.94,,,,73,69,,
"Jul 20, 4:50 pm",72,61,69,WSW,14,10,,FEW015 FEW025,,29.8,29.94,,,,,,,
"Jul 20, 4:45 pm",72,61,69,WSW,12,10,,CLR,,29.8,29.94,,,,,,,
"Jul 20, 4:40 pm",72,61,69,W,14,10,,CLR,,29.8,29.94,,,,,,,
"Jul 20, 4:35 pm",72,61,69,W,15,10,,CLR,,29.8,29.94,,,,,,,
"Jul 20, 4:30 pm",72,61,69,W,15,10,,CLR,,29.8,29.94,,,,,,,
"Jul 20, 4:25 pm",72,61,69,WSW,14,10,,CLR,,29.8,29.94,,,,,,,
"Jul 20, 4:20 pm",72,61,69,WSW,15,10,,CLR,,29.8,29.94,,,,,,,
"Jul 20, 4:15 pm",72,61,69,WSW,14,10,,CLR,,29.8,29.94,,,,,,,
"Jul 20, 4:10 pm",72,61,69,WSW,14,10,,CLR,,29.8,29.94,,,,,,,
"Jul 20, 4:05 pm",72,61,69,WSW,12,10,,CLR,,29.81,29.95,,,,,,,
"Jul 20, 4:00 pm",72,61,69,WSW,13,10,,CLR,,29.81,29.95,,,,,,,
"Jul 20, 3:55 pm",72,61,69,WSW,14,10,,CLR,,29.81,29.95,,,,,,,
"Jul 20, 3:53 pm",72,60,66,WSW,13,10,,FEW015 FEW025 SCT080,1014,29.81,29.95,,,,,,,
"Jul 20, 3:50 pm",72,61,69,WSW,14,10,,FEW015 FEW025 SCT080,,29.81,29.95,,,,,,,
"Jul 20, 3:45 pm",73,61,65,WSW,13,10,,CLR,,29.81,29.95,,,,,,,
"Jul 20, 3:40 pm",72,61,69,WSW,12G17,10,,CLR,,29.81,29.95,,,,,,,
"Jul 20, 3:35 pm",72,61,69,W,14,10,,CLR,,29.81,29.95,,,,,,,
"Jul 20, 3:30 pm",72,61,69,WSW,14,10,,CLR,,29.81,29.95,,,,,,,
"Jul 20, 3:25 pm",72,61,69,W,15,10,,CLR,,29.81,29.95,,,,,,,
"Jul 20, 3:20 pm",73,61,65,WSW,14,10,,CLR,,29.82,29.96,,,,,,,
"Jul 20, 3:15 pm",72,61,69,WSW,12G18,10,,CLR,,29.82,29.96,,,,,,,
"Jul 20, 3:10 pm",73,61,65,WSW,12,10,,CLR,,29.82,29.96,,,,,,,
"Jul 20, 3:05 pm",72,61,69,SW,13,10,,CLR,,29.82,29.96,,,,,,,
"Jul 20, 3:00 pm",72,61,69,WSW,14,9,,CLR,,29.82,29.96,,,,,,,
"Jul 20, 2:55 pm",73,61,65,WSW,12,9,,CLR,,29.82,29.96,,,,,,,
"Jul 20, 2:53 pm",72,61,68,SW,13G21,10,,FEW023,1014.5,29.82,29.96,,,,,,,
"Jul 20, 2:50 pm",72,61,69,SW,10,10,,FEW023,,29.82,29.96,,,,,,,
"Jul 20, 2:45 pm",73,61,65,SW,12,10,,FEW023,,29.82,29.96,,,,,,,
"Jul 20, 2:40 pm",72,61,69,SW,10,10,,CLR,,29.82,29.96,,,,,,,
"Jul 20, 2:35 pm",73,61,65,SW,13,10,,CLR,,29.82,29.96,,,,,,,
"Jul 20, 2:30 pm",73,61,65,WSW,12G17,10,,CLR,,29.83,29.97,,,,,,,
"Jul 20, 2:25 pm",73,61,65,WSW,12,10,,CLR,,29.83,29.97,,,,,,,
"Jul 20, 2:20 pm",73,61,65,SW,10,10,,FEW023,,29.83,29.97,,,,,,,
"Jul 20, 2:15 pm",72,61,69,SW,12,10,,FEW023,,29.83,29.97,,,,,,,
"Jul 20, 2:11 pm",72,61,68,SW,10,10,,FEW014 FEW023,,29.83,29.97,,,,,,,
"Jul 20, 2:10 pm",72,61,69,SW,12,10,,FEW014 FEW023,,29.83,29.97,,,,,,,
"Jul 20, 2:05 pm",72,61,69,SW,13,10,,BKN023,,29.83,29.97,,,,,,,
"Jul 20, 2:00 pm",72,61,69,SW,10,10,,BKN023,,29.83,29.97,,,,,,,
"Jul 20, 1:55 pm",72,61,69,SW,10,10,,OVC023,,29.83,29.97,,,,,,,
"Jul 20, 1:53 pm",72,61,68,WSW,12,10,,FEW014 BKN023,1014.7,29.83,29.97,,,,,,,
"Jul 20, 1:50 pm",72,61,69,SW,13,10,,FEW014 BKN023,,29.83,29.97,,,,,,,
"Jul 20, 1:45 pm",72,61,69,SW,12,10,,FEW014 OVC022,,29.83,29.97,,,,,,,
"Jul 20, 1:40 pm",72,61,69,SW,13,10,,FEW014 OVC022,,29.83,29.97,,,,,,,
"Jul 20, 1:35 pm",72,61,69,WSW,10,10,,FEW014 OVC022,,29.83,29.97,,,,,,,
"Jul 20, 1:30 pm",72,61,69,WSW,10,10,,FEW014 OVC022,,29.83,29.97,,,,,,,
"Jul 20, 1:25 pm",72,61,69,WSW,10,10,,FEW014 OVC022,,29.83,29.97,,,,,,,
"Jul 20, 1:20 pm",72,61,69,W,12,10,,FEW014 OVC022,,29.84,29.98,,,,,,,
"Jul 20, 1:15 pm",72,61,69,WSW,10,10,,FEW014 OVC022,,29.84,29.98,,,,,,,
"Jul 20, 1:10 pm",72,61,69,WSW,10,10,,FEW014 OVC022,,29.84,29.98,,,,,,,
"Jul 20, 1:05 pm",72,61,69,SW,9,10,,FEW014 OVC022,,29.84,29.98,,,,,,,
"Jul 20, 1:00 pm",72,61,69,SW,10,10,,OVC021,,29.84,29.98,,,,,,,
"Jul 20, 12:55 pm",70,61,73,WSW,10,10,,OVC021,,29.84,29.98,,,,,,,
"Jul 20, 12:53 pm",70,60,71,SW,10,10,,FEW013 OVC021,1015.2,29.84,29.98,,,,,,,
"Jul 20, 12:50 pm",70,61,73,SW,9,10,,FEW013 OVC020,,29.84,29.98,,,,,,,
"Jul 20, 12:45 pm",70,61,73,WSW,10,10,,FEW013 OVC020,,29.85,29.99,,,,,,,
"Jul 20, 12:40 pm",70,61,73,SW,9,10,,FEW013 OVC020,,29.85,29.99,,,,,,,
"Jul 20, 12:35 pm",70,61,73,WSW,10,9,,FEW013 OVC020,,29.85,29.99,,,,,,,
"Jul 20, 12:30 pm",70,61,73,WSW,12,9,,FEW013 OVC020,,29.85,29.99,,,,,,,
"Jul 20, 12:25 pm",70,61,73,WSW,12,10,,FEW013 OVC020,,29.85,29.99,,,,,,,
"Jul 20, 12:20 pm",70,61,73,WSW,9,10,,FEW013 OVC020,,29.85,29.99,,,,,,,
"Jul 20, 12:15 pm",70,61,73,WSW,10,10,,OVC019,,29.85,29.99,,,,,,,
"Jul 20, 12:10 pm",70,61,73,W,9,10,,OVC019,,29.85,29.99,,,,,,,
"Jul 20, 12:05 pm",70,61,73,WSW,9,10,,OVC019,,29.85,29.99,,,,,,,
"Jul 20, 12:00 pm",70,61,73,WSW,12,10,,OVC018,,29.85,29.99,,,,,,,
"Jul 20, 11:55 am",70,61,73,W,12,10,,OVC018,,29.86,30,,,,,,,
"Jul 20, 11:53 am",69,60,73,WSW,10,10,,OVC019,1015.6,29.86,30,,,,,,,
"Jul 20, 11:50 am",70,61,73,WSW,10,10,,OVC019,,29.86,30,,,,,,,
"Jul 20, 11:45 am",70,61,73,WSW,10,10,,OVC019,,29.86,30,,,,,,,
"Jul 20, 11:40 am",70,61,73,WSW,10,10,,OVC020,,29.86,30,,,,,,,
"Jul 20, 11:35 am",70,61,73,WSW,8,10,,OVC020,,29.86,30,,,,,,,
"Jul 20, 11:30 am",70,61,73,WSW,9,10,,OVC020,,29.86,30,,,,,,,
"Jul 20, 11:25 am",70,61,73,WSW,8,10,,OVC019,,29.86,30,,,,,,,
"Jul 20, 11:20 am",70,61,73,SW,7,10,,OVC019,,29.86,30,,,,,,,
"Jul 20, 11:15 am",70,61,73,SW,8,10,,OVC019,,29.86,30,,,,,,,
"Jul 20, 11:10 am",70,61,73,SW,7,10,,OVC019,,29.86,30,,,,,,,
"Jul 20, 11:05 am",70,61,73,N,0,10,,OVC019,,29.86,30,,,,,,,
"Jul 20, 11:00 am",70,61,73,N,0,10,,OVC019,,29.87,30.01,,,,,,,
"Jul 20, 10:55 am",70,61,73,SSW,3,10,,OVC018,,29.87,30.01,,,,,,,
"Jul 20, 10:53 am",69,60,73,,3,10,,SCT018 OVC021,1016.1,29.87,30.01,,,,69,67,,
"Jul 20, 10:50 am",70,61,73,SSE,3,10,,SCT018 OVC021,,29.87,30.01,,,,,,,
"Jul 20, 10:45 am",70,61,73,S,3,10,,OVC018,,29.87,30.01,,,,,,,
"Jul 20, 10:40 am",70,61,73,N,0,10,,OVC018,,29.87,30.01,,,,,,,
"Jul 20, 10:35 am",70,61,73,ESE,5,10,,OVC018,,29.87,30.01,,,,,,,
"Jul 20, 10:30 am",70,61,73,E,6,10,,OVC018,,29.87,30.01,,,,,,,
"Jul 20, 10:25 am",70,61,73,SE,7,10,,OVC018,,29.87,30.01,,,,,,,
"Jul 20, 10:20 am",70,61,73,SE,8,10,,OVC018,,29.87,30.01,,,,,,,
"Jul 20, 10:15 am",70,61,73,ESE,5,10,,OVC018,,29.87,30.01,,,,,,,
"Jul 20, 10:10 am",70,61,73,E,6,10,,OVC018,,29.87,30.01,,,,,,,
"Jul 20, 10:05 am",70,61,73,SE,3,10,,OVC018,,29.87,30.01,,,,,,,
"Jul 20, 10:00 am",70,61,73,ESE,5,10,,OVC018,,29.86,30,,,,,,,
"Jul 20, 9:55 am",70,61,73,ESE,5,10,,OVC017,,29.86,30,,,,,,,
"Jul 20, 9:53 am",69,60,73,E,6,10,,OVC017,1015.9,29.86,30,,,,,,,
"Jul 20, 9:50 am",70,61,73,ESE,8,10,,OVC017,,29.86,30,,,,,,,
"Jul 20, 9:45 am",68,61,78,ESE,6,10,,OVC017,,29.86,30,,,,,,,
"Jul 20, 9:40 am",68,61,78,ESE,5,10,,OVC017,,29.86,30,,,,,,,
"Jul 20, 9:35 am",68,61,78,ESE,6,10,,OVC017,,29.86,30,,,,,,,
"Jul 20, 9:30 am",68,61,78,ESE,7,10,,OVC017,,29.86,30,,,,,,,
"Jul 20, 9:25 am",68,61,78,E,6,10,,OVC017,,29.86,30,,,,,,,
"Jul 20, 9:20 am",68,61,78,E,6,10,,OVC017,,29.86,30,,,,,,,
"Jul 20, 9:15 am",70,61,73,E,8,10,,OVC017,,29.86,30,,,,,,,
"Jul 20, 9:10 am",68,61,78,E,6G20,10,,OVC017,,29.86,30,,,,,,,
"Jul 20, 9:05 am",68,61,78,E,6G20,10,,OVC017,,29.86,30,,,,,,,
"Jul 20, 9:00 am",68,61,78,,,10,,OVC016,,29.86,30,,,,,,,
"Jul 20, 8:55 am",68,61,78,E,6,10,,OVC016,,29.86,30,,,,,,,
"Jul 20, 8:53 am",68,60,76,ESE,6,10,,BKN016 OVC019,1015.9,29.86,30,,,,,,,
"Jul 20, 8:50 am",66,61,83,SE,6,10,,BKN016 OVC019,,29.86,30,,,,,,,
"Jul 20, 8:45 am",68,61,78,SE,5,10,,BKN016 OVC019,,29.86,30,,,,,,,
"Jul 20, 8:40 am",66,61,83,SE,5,10,,BKN016 OVC019,,29.86,30,,,,,,,
"Jul 20, 8:35 am",66,61,83,SE,6,10,,BKN016 OVC019,,29.86,30,,,,,,,
"Jul 20, 8:30 am",66,61,83,SE,5,10,,BKN016 OVC019,,29.86,30,,,,,,,
"Jul 20, 8:25 am",66,61,83,SE,5,10,,BKN016 OVC019,,29.86,30,,,,,,,
"Jul 20, 8:20 am",66,61,83,ESE,7,10,,SCT015 OVC018,,29.86,30,,,,,,,
"Jul 20, 8:15 am",66,61,83,N,0,10,,SCT015 OVC018,,29.86,30,,,,,,,
"Jul 20, 8:10 am",66,61,83,S,3,10,,SCT015 OVC018,,29.86,30,,,,,,,
"Jul 20, 8:05 am",66,61,83,ESE,7,10,,SCT015 OVC018,,29.86,30,,,,,,,
"Jul 20, 8:00 am",66,61,83,E,7,10,,OVC016,,29.86,30,,,,,,,
"Jul 20, 7:55 am",66,61,83,N,0,10,,OVC016,,29.86,30,,,,,,,
"Jul 20, 7:53 am",67,60,79,SSE,5,10,,SCT015 BKN018,1015.6,29.86,30,,,,,,,
"Jul 20, 7:50 am",66,61,83,SSE,6,10,,SCT015 BKN018,,29.86,30,,,,,,,
"Jul 20, 7:45 am",66,61,83,ESE,5,10,,SCT015 BKN018,,29.85,29.99,,,,,,,
"Jul 20, 7:40 am",66,61,83,ESE,7,10,,SCT015 BKN018,,29.85,29.99,,,,,,,
"Jul 20, 7:35 am",66,61,83,SE,7,10,,SCT015 BKN018,,29.85,29.99,,,,,,,
"Jul 20, 7:30 am",66,61,83,SSE,7,10,,SCT015 BKN018,,29.85,29.99,,,,,,,
"Jul 20, 7:25 am",66,61,83,SSE,7,10,,SCT015 BKN018,,29.85,29.99,,,,,,,
"Jul 20, 7:20 am",66,61,83,SSE,6,10,,SCT015 BKN018,,29.85,29.99,,,,,,,
"Jul 20, 7:15 am",66,61,83,E,6G20,10,,OVC016,,29.85,29.99,,,,,,,
"Jul 20, 7:10 am",66,61,83,E,6G20,10,,OVC017,,29.84,29.98,,,,,,,
"Jul 20, 7:05 am",66,61,83,SE,6,10,,OVC017,,29.84,29.98,,,,,,,
"Jul 20, 7:00 am",66,61,83,SE,5,10,,OVC017,,29.84,29.98,,,,,,,
"Jul 20, 6:55 am",66,61,83,E,8,10,,OVC017,,29.84,29.98,,,,,,,
"Jul 20, 6:53 am",67,60,79,E,6,10,,OVC017,1015,29.84,29.98,,,,,,,
"Jul 20, 6:50 am",66,61,83,ESE,7,10,,OVC017,,29.84,29.98,,,,,,,
"Jul 20, 6:45 am",66,61,83,ESE,5,10,,OVC017,,29.84,29.98,,,,,,,
"Jul 20, 6:40 am",66,61,83,ESE,7,10,,OVC017,,29.84,29.98,,,,,,,
"Jul 20, 6:35 am",66,59,78,E,6,10,,OVC017,,29.84,29.98,,,,,,,
"Jul 20, 6:30 am",66,59,78,E,7,10,,OVC018,,29.84,29.98,,,,,,,
"Jul 20, 6:25 am",66,59,78,SE,7,10,,OVC018,,29.84,29.98,,,,,,,
"Jul 20, 6:20 am",66,59,78,SSE,7,10,,OVC018,,29.84,29.98,,,,,,,
"Jul 20, 6:15 am",66,59,78,,,10,,OVC018,,29.84,29.98,,,,,,,
"Jul 20, 6:10 am",66,59,78,E,5,10,,OVC017,,29.84,29.98,,,,,,,
"Jul 20, 6:05 am",66,59,78,ESE,6,10,,OVC017,,29.83,29.97,,,,,,,
"Jul 20, 6:00 am",66,61,83,ESE,6,10,,OVC017,,29.83,29.97,,,,,,,
"Jul 20, 5:55 am",66,61,83,SE,6,10,,OVC017,,29.83,29.97,,,,,,,
"Jul 20, 5:53 am",67,60,79,,5,10,,OVC017,1014.7,29.83,29.97,,,,,,,
"Jul 20, 5:50 am",66,61,83,SE,3,10,,OVC017,,29.83,29.97,,,,,,,
"Jul 20, 5:45 am",66,61,83,SE,6,10,,OVC018,,29.83,29.97,,,,,,,
"Jul 20, 5:40 am",66,61,83,SE,5,10,,OVC018,,29.83,29.97,,,,,,,
"Jul 20, 5:35 am",66,61,83,ESE,6,10,,OVC017,,29.83,29.97,,,,,,,
"Jul 20, 5:30 am",66,61,83,SSE,6,10,,OVC017,,29.83,29.97,,,,,,,
"Jul 20, 5:25 am",66,61,83,SE,5,10,,OVC018,,29.83,29.97,,,,,,,
"Jul 20, 5:20 am",66,61,83,ESE,5,10,,OVC018,,29.83,29.97,,,,,,,
"Jul 20, 5:15 am",66,59,78,N,0,10,,OVC019,,29.83,29.97,,,,,,,
"Jul 20, 5:10 am",66,61,83,E,3,10,,OVC019,,29.83,29.97,,,,,,,
"Jul 20, 5:05 am",66,61,83,N,0,10,,OVC019,,29.83,29.97,,,,,,,
"Jul 20, 5:00 am",66,61,83,SE,5,10,,OVC018,,29.83,29.97,,,,,,,
"Jul 20, 4:55 am",66,61,83,SSE,5,10,,OVC018,,29.83,29.97,,,,,,,
"Jul 20, 4:53 am",67,60,79,SSE,3,10,,OVC018,1014.5,29.83,29.97,,,,67,65,,
"Jul 20, 4:50 am",66,61,83,SSE,6,10,,OVC018,,29.82,29.96,,,,,,,
"Jul 20, 4:45 am",66,61,83,SE,6,10,,OVC017,,29.82,29.96,,,,,,,
"Jul 20, 4:40 am",66,61,83,SSE,3,10,,OVC017,,29.82,29.96,,,,,,,
"Jul 20, 4:35 am",66,61,83,SSE,3,10,,OVC017,,29.82,29.96,,,,,,,
"Jul 20, 4:30 am",66,61,83,SSE,5,10,,OVC017,,29.82,29.96,,,,,,,
"Jul 20, 4:25 am",66,61,83,SE,5,10,,OVC016,,29.83,29.97,,,,,,,
"Jul 20, 4:20 am",66,61,83,SE,3,10,,OVC016,,29.83,29.97,,,,,,,
"Jul 20, 4:15 am",66,61,83,SSE,5,10,,OVC015,,29.83,29.97,,,,,,,
"Jul 20, 4:14 am",66,60,81,S,3,10,,OVC015,,29.83,29.97,,,,,,,
"Jul 20, 4:10 am",66,61,83,N,0,10,,OVC015,,29.83,29.97,,,,,,,
"Jul 20, 4:05 am",66,61,83,ESE,3,10,,OVC014,,29.83,29.97,,,,,,,
"Jul 20, 4:00 am",66,61,83,SSE,5,10,,OVC014,,29.83,29.97,,,,,,,
"Jul 20, 3:55 am",66,61,83,SSE,5,10,,OVC014,,29.83,29.97,,,,,,,
"Jul 20, 3:53 am",66,60,81,,3,10,,OVC014,1014.5,29.83,29.97,,,,,,,
"Jul 20, 3:50 am",66,61,83,WSW,3,10,,OVC014,,29.83,29.97,,,,,,,
"Jul 20, 3:45 am",66,61,83,N,0,10,,OVC014,,29.83,29.97,,,,,,,
"Jul 20, 3:40 am",66,61,83,N,0,10,,OVC014,,29.83,29.97,,,,,,,
"Jul 20, 3:35 am",66,61,83,N,0,10,,OVC014,,29.83,29.97,,,,,,,
"Jul 20, 3:30 am",66,61,83,N,3,10,,OVC014,,29.83,29.97,,,,,,,
"Jul 20, 3:25 am",66,61,83,W,5,10,,OVC013,,29.83,29.97,,,,,,,
"Jul 20, 3:20 am",66,61,83,SW,3,10,,OVC013,,29.83,29.97,,,,,,,
"Jul 20, 3:15 am",66,61,83,N,0,10,,OVC014,,29.83,29.97,,,,,,,
"Jul 20, 3:10 am",66,61,83,N,0,10,,OVC014,,29.83,29.97,,,,,,,
"Jul 20, 3:05 am",66,61,83,N,0,10,,OVC014,,29.84,29.98,,,,,,,
"Jul 20, 3:00 am",66,61,83,N,0,10,,OVC013,,29.84,29.98,,,,,,,
"Jul 20, 2:55 am",66,61,83,N,0,10,,OVC013,,29.84,29.98,,,,,,,
"Jul 20, 2:53 am",66,60,81,N,0,10,,OVC013,1014.8,29.84,29.98,,,,,,,
"Jul 20, 2:50 am",66,61,83,N,0,10,,OVC013,,29.84,29.98,,,,,,,
"Jul 20, 2:45 am",66,61,83,NNW,3,10,,OVC013,,29.84,29.98,,,,,,,
"Jul 20, 2:40 am",66,61,83,N,0,10,,OVC013,,29.84,29.98,,,,,,,
"Jul 20, 2:35 am",64,61,88,W,3,10,,OVC013,,29.84,29.98,,,,,,,
"Jul 20, 2:30 am",66,61,83,NW,3,10,,OVC013,,29.84,29.98,,,,,,,
"Jul 20, 2:25 am",64,61,88,NNW,3,10,,OVC013,,29.84,29.98,,,,,,,
"Jul 20, 2:20 am",64,61,88,NNW,3,10,,OVC013,,29.84,29.98,,,,,,,
"Jul 20, 2:15 am",64,61,88,W,3,10,,OVC013,,29.84,29.98,,,,,,,
"Jul 20, 2:10 am",64,61,88,W,3,10,,OVC013,,29.84,29.98,,,,,,,
"Jul 20, 2:05 am",64,61,88,N,0,10,,OVC012,,29.84,29.98,,,,,,,
"Jul 20, 2:00 am",64,61,88,NNW,3,10,,OVC012,,29.84,29.98,,,,,,,
"Jul 20, 1:55 am",64,61,88,N,3,10,,OVC012,,29.85,29.99,,,,,,,
"Jul 20, 1:53 am",65,60,84,NNE,3,9,,OVC012,1015.2,29.85,29.99,,,,,,,
"Jul 20, 1:50 am",64,61,88,N,5,9,,OVC012,,29.85,29.99,,,,,,,
"Jul 20, 1:45 am",64,61,88,NW,5,9,,OVC012,,29.85,29.99,,,,,,,
"Jul 20, 1:40 am",64,61,88,WSW,5,10,,OVC012,,29.85,29.99,,,,,,,
"Jul 20, 1:35 am",64,61,88,WNW,5,10,,OVC012,,29.85,29.99,,,,,,,
"Jul 20, 1:30 am",64,61,88,N,0,10,,OVC012,,29.85,29.99,,,,,,,
"Jul 20, 1:25 am",64,61,88,NNW,3,10,,OVC012,,29.86,30,,,,,,,
"Jul 20, 1:20 am",64,61,88,W,3,10,,OVC012,,29.85,29.99,,,,,,,
"Jul 20, 1:15 am",64,61,88,WSW,5,10,,OVC012,,29.86,30,,,,,,,
"Jul 20, 1:10 am",64,61,88,WSW,5,10,,OVC012,,29.86,30,,,,,,,
"Jul 20, 1:05 am",64,61,88,WSW,5,10,,OVC012,,29.86,30,,,,,,,
"Jul 20, 1:00 am",64,61,88,SW,6,10,,OVC012,,29.86,30,,,,,,,
"Jul 20, 12:55 am",64,61,88,W,5,10,,OVC012,,29.86,30,,,,,,,
"Jul 20, 12:53 am",65,60,84,,5,9,,OVC012,1015.5,29.86,30,,,,,,75,65
"Jul 20, 12:50 am",64,61,88,WSW,5,9,,OVC012,,29.86,30,,,,,,,
"Jul 20, 12:45 am",64,61,88,WSW,6,10,,OVC012,,29.86,30,,,,,,,
"Jul 20, 12:40 am",64,61,88,WSW,6,10,,OVC012,,29.86,30,,,,,,,
"Jul 20, 12:35 am",64,61,88,W,6,10,,OVC012,,29.86,30,,,,,,,
"Jul 20, 12:30 am",64,61,88,WSW,6,10,,OVC013,,29.87,30.01,,,,,,,
"Jul 20, 12:25 am",64,61,88,WSW,6,10,,OVC013,,29.87,30.01,,,,,,,
"Jul 20, 12:20 am",64,61,88,WSW,6,10,,OVC013,,29.87,30.01,,,,,,,
"Jul 20, 12:15 am",64,61,88,W,6,10,,OVC013,,29.87,30.01,,,,,,,
"Jul 20, 12:10 am",64,61,88,SW,6,10,,OVC013,,29.87,30.01,,,,,,,
"Jul 20, 12:05 am",64,61,88,WSW,6,10,,OVC013,,29.87,30.01,,,,,,,
"Jul 20, 12:00 am",66,61,83,WSW,6,10,,OVC013,,29.87,30.01,,,,,,,
"Jul 19, 11:55 pm",66,61,83,WSW,5,10,,OVC013,,29.87,30.01,,,,,,,
"Jul 19, 11:53 pm",66,60,81,WSW,6,9,,OVC013,1016.1,29.87,30.01,,,,,,,
"Jul 19, 11:50 pm",66,61,83,SW,5,9,,OVC013,,29.87,30.01,,,,,,,
"Jul 19, 11:45 pm",66,61,83,WSW,5,10,,OVC013,,29.87,30.01,,,,,,,
"Jul 19, 11:40 pm",66,61,83,W,5,10,,OVC012,,29.87,30.01,,,,,,,
"Jul 19, 11:35 pm",66,61,83,WSW,3,10,,OVC012,,29.87,30.01,,,,,,,
"Jul 19, 11:30 pm",66,61,83,WSW,3,10,,OVC012,,29.87,30.01,,,,,,,
"Jul 19, 11:25 pm",66,61,83,SW,3,10,,OVC012,,29.87,30.01,,,,,,,
"Jul 19, 11:20 pm",66,61,83,W,5,10,,OVC012,,29.87,30.01,,,,,,,
"Jul 19, 11:15 pm",66,61,83,WSW,3,10,,OVC013,,29.88,30.02,,,,,,,
"Jul 19, 11:10 pm",66,61,83,WSW,5,10,,OVC013,,29.88,30.02,,,,,,,
"Jul 19, 11:05 pm",66,61,83,SW,3,10,,OVC014,,29.87,30.01,,,,,,,
"Jul 19, 11:00 pm",64,61,88,SW,3,10,,OVC014,,29.88,30.02,,,,,,,
"Jul 19, 10:55 pm",64,61,88,SW,5,10,,OVC013,,29.88,30.02,,,,,,,
"Jul 19, 10:53 pm",65,60,84,N,0,10,,OVC013,1016.2,29.88,30.02,,,,70,65,,
"Jul 19, 10:50 pm",64,61,88,WSW,5,10,,OVC013,,29.87,30.01,,,,,,,
"Jul 19, 10:45 pm",64,61,88,W,6,10,,OVC013,,29.88,30.02,,,,,,,
"Jul 19, 10:40 pm",64,61,88,WNW,6,10,,OVC012,,29.87,30.01,,,,,,,
"Jul 19, 10:35 pm",64,61,88,W,5,10,,OVC012,,29.88,30.02,,,,,,,
"Jul 19, 10:30 pm",64,61,88,SW,6,10,,OVC012,,29.87,30.01,,,,,,,
"Jul 19, 10:25 pm",64,61,88,SW,6,10,,OVC012,,29.88,30.02,,,,,,,
"Jul 19, 10:20 pm",64,61,88,SW,5,10,,OVC012,,29.88,30.02,,,,,,,
"Jul 19, 10:15 pm",64,61,88,SW,7,10,,OVC012,,29.88,30.02,,,,,,,
"Jul 19, 10:10 pm",64,61,88,W,6,10,,OVC012,,29.87,30.01,,,,,,,
"Jul 19, 10:05 pm",64,61,88,WSW,6,10,,OVC012,,29.88,30.02,,,,,,,
"Jul 19, 10:00 pm",64,61,88,SW,7,10,,OVC012,,29.88,30.02,,,,,,,
"Jul 19, 9:55 pm",64,61,88,SW,7,10,,OVC012,,29.87,30.01,,,,,,,
"Jul 19, 9:53 pm",65,60,84,WSW,7,10,,OVC012,1016.1,29.87,30.01,,,,,,,
"Jul 19, 9:50 pm",64,61,88,WSW,6,10,,OVC012,,29.87,30.01,,,,,,,
"Jul 19, 9:45 pm",64,61,88,WSW,7,10,,OVC012,,29.87,30.01,,,,,,,
"Jul 19, 9:40 pm",64,61,88,W,6,10,,OVC011,,29.87,30.01,,,,,,,
"Jul 19, 9:35 pm",64,61,88,W,7,10,,OVC011,,29.87,30.01,,,,,,,
"Jul 19, 9:30 pm",64,61,88,W,7,10,,OVC011,,29.87,30.01,,,,,,,
"Jul 19, 9:25 pm",64,61,88,WSW,7,10,,OVC010,,29.87,30.01,,,,,,,
"Jul 19, 9:20 pm",64,61,88,WSW,9,10,,OVC010,,29.87,30.01,,,,,,,
"Jul 19, 9:15 pm",64,61,88,WSW,8,10,,OVC010,,29.87,30.01,,,,,,,
"Jul 19, 9:10 pm",64,61,88,W,8,10,,OVC010,,29.87,30.01,,,,,,,
"Jul 19, 9:05 pm",64,61,88,WSW,10,10,,OVC010,,29.87,30.01,,,,,,,
"Jul 19, 9:00 pm",64,61,88,W,10,10,,OVC010,,29.86,30,,,,,,,
"Jul 19, 8:55 pm",64,61,88,WSW,10,10,,OVC010,,29.86,30,,,,,,,
"Jul 19, 8:53 pm",65,60,84,WSW,12,10,,OVC010,1015.6,29.86,30,,,,,,,
"Jul 19, 8:50 pm",66,61,83,WSW,10,10,,OVC010,,29.86,30,,,,,,,
"Jul 19, 8:45 pm",66,61,83,WSW,10,10,,BKN011,,29.86,30,,,,,,,
"Jul 19, 8:40 pm",66,61,83,W,12,10,,BKN011,,29.86,30,,,,,,,
"Jul 19, 8:35 pm",66,61,83,W,10,10,,BKN011,,29.85,29.99,,,,,,,
"Jul 19, 8:30 pm",66,61,83,W,12,10,,BKN011,,29.85,29.99,,,,,,,
"Jul 19, 8:25 pm",66,61,83,W,12,10,,BKN011,,29.85,29.99,,,,,,,
"Jul 19, 8:20 pm",66,61,83,W,10,10,,OVC011,,29.85,29.99,,,,,,,
"Jul 19, 8:15 pm",66,61,83,W,12,10,,OVC011,,29.85,29.99,,,,,,,
"Jul 19, 8:10 pm",66,61,83,W,13,10,,OVC010,,29.85,29.99,,,,,,,
"Jul 19, 8:05 pm",66,61,83,W,13,10,,OVC010,,29.84,29.98,,,,,,,
"Jul 19, 8:00 pm",66,61,83,W,14,10,,OVC010,,29.84,29.98,,,,,,,
"Jul 19, 7:55 pm",66,61,83,W,13,10,,OVC010,,29.84,29.98,,,,,,,
"Jul 19, 7:53 pm",66,60,81,W,14,10,,OVC010,1015.1,29.84,29.98,,,,,,,
"Jul 19, 7:50 pm",66,61,83,W,12,10,,OVC010,,29.84,29.98,,,,,,,
"Jul 19, 7:45 pm",66,61,83,W,13,10,,OVC010,,29.84,29.98,,,,,,,
"Jul 19, 7:40 pm",66,61,83,W,12,10,,OVC010,,29.84,29.98,,,,,,,
"Jul 19, 7:35 pm",66,61,83,W,13,10,,OVC010,,29.84,29.98,,,,,,,
"Jul 19, 7:30 pm",66,61,83,W,13,10,,OVC011,,29.84,29.98,,,,,,,
"Jul 19, 7:25 pm",66,61,83,W,13,10,,OVC011,,29.83,29.97,,,,,,,
"Jul 19, 7:20 pm",66,61,83,W,14,10,,OVC011,,29.83,29.97,,,,,,,
"Jul 19, 7:15 pm",66,61,83,W,15G22,10,,OVC011,,29.83,29.97,,,,,,,
"Jul 19, 7:10 pm",66,61,83,W,14,10,,OVC011,,29.83,29.97,,,,,,,
"Jul 19, 7:05 pm",66,61,83,W,14,10,,OVC011,,29.83,29.97,,,,,,,
"Jul 19, 7:00 pm",66,61,83,W,15,10,,OVC011,,29.83,29.97,,,,,,,
"Jul 19, 6:55 pm",66,61,83,W,14,10,,OVC011,,29.83,29.97,,,,,,,
"Jul 19, 6:53 pm",67,61,81,W,16,10,,OVC012,1014.7,29.83,29.97,,,,,,,
"Jul 19, 6:50 pm",66,61,83,W,16,10,,OVC012,,29.83,29.97,,,,,,,
"Jul 19, 6:45 pm",66,61,83,W,14,10,,OVC011,,29.83,29.97,,,,,,,
"Jul 19, 6:40 pm",66,61,83,WSW,14,10,,OVC011,,29.83,29.97,,,,,,,
"Jul 19, 6:35 pm",66,61,83,WSW,14,10,,OVC011,,29.82,29.96,,,,,,,
"Jul 19, 6:30 pm",68,61,78,WSW,13,10,,OVC011,,29.82,29.96,,,,,,,
"Jul 19, 6:25 pm",68,61,78,WSW,14,10,,BKN011,,29.82,29.96,,,,,,,
"Jul 19, 6:20 pm",68,61,78,WSW,13,10,,BKN011,,29.82,29.96,,,,,,,
"Jul 19, 6:15 pm",68,61,78,W,15,10,,BKN011,,29.82,29.96,,,,,,,
"Jul 19, 6:10 pm",68,61,78,W,14,10,,BKN012,,29.82,29.96,,,,,,,
"Jul 19, 6:05 pm",68,61,78,W,14,10,,BKN012,,29.82,29.96,,,,,,,
"Jul 19, 6:00 pm",70,61,73,WSW,13,10,,BKN012,,29.82,29.96,,,,,,,
"Jul 19, 5:55 pm",68,61,78,W,14,10,,BKN012,,29.81,29.95,,,,,,,
"Jul 19, 5:53 pm",69,61,75,W,13,10,,BKN012 BKN055,1014.1,29.81,29.95,,,,,,,
"Jul 19, 5:50 pm",70,61,73,W,14,10,,BKN012 BKN055,,29.81,29.95,,,,,,,
"Jul 19, 5:45 pm",70,61,73,WSW,12,10,,OVC012,,29.82,29.96,,,,,,,
"Jul 19, 5:40 pm",70,61,73,WSW,9,10,,OVC012,,29.81,29.95,,,,,,,
"Jul 19, 5:35 pm",70,61,73,WSW,10,10,,OVC012,,29.82,29.96,,,,,,,
"Jul 19, 5:30 pm",70,61,73,W,10G21,10,,OVC013,,29.82,29.96,,,,,,,
"Jul 19, 5:25 pm",70,61,73,WSW,13,10,,OVC013,,29.81,29.95,,,,,,,
"Jul 19, 5:20 pm",70,61,73,W,12G17,10,,OVC012,,29.82,29.96,,,,,,,
"Jul 19, 5:15 pm",70,61,73,WSW,13,10,,OVC012,,29.81,29.95,,,,,,,
"Jul 19, 5:10 pm",70,63,78,W,14,10,,OVC012,,29.81,29.95,,,,,,,
"Jul 19, 5:05 pm",70,63,78,W,16,10,,OVC011,,29.82,29.96,,,,,,,
"Jul 19, 5:00 pm",70,63,78,W,15,10,,OVC011,,29.82,29.96,,,,,,,
"Jul 19, 4:55 pm",70,63,78,W,15,10,,BKN012,,29.82,29.96,,,,,,,
"Jul 19, 4:53 pm",70,62,76,W,17,10,,BKN012 BKN060,1014.3,29.82,29.96,,,,75,69,,
"Jul 19, 4:50 pm",70,63,78,W,15,10,,BKN012 BKN060,,29.82,29.96,,,,,,,
"Jul 19, 4:45 pm",72,63,73,WSW,15,10,,SCT012,,29.82,29.96,,,,,,,
"Jul 19, 4:40 pm",72,63,73,W,15,10,,SCT012,,29.82,29.96,,,,,,,
"Jul 19, 4:35 pm",72,63,73,W,14,10,,SCT012,,29.82,29.96,,,,,,,
"Jul 19, 4:30 pm",72,63,73,W,15,10,,SCT013,,29.82,29.96,,,,,,,
"Jul 19, 4:25 pm",72,63,73,W,15,10,,SCT013,,29.82,29.96,,,,,,,
"Jul 19, 4:20 pm",72,63,73,W,15,10,,FEW013,,29.82,29.96,,,,,,,
"Jul 19, 4:15 pm",72,63,73,WSW,15,10,,FEW014,,29.82,29.96,,,,,,,
"Jul 19, 4:10 pm",72,63,73,WSW,13,10,,CLR,,29.82,29.96,,,,,,,
"Jul 19, 4:05 pm",72,61,69,WSW,14,10,,CLR,,29.82,29.96,,,,,,,
"Jul 19, 4:00 pm",72,61,69,W,12G24,10,,CLR,,29.82,29.96,,,,,,,
"Jul 19, 3:55 pm",72,61,69,WSW,14G20,10,,CLR,,29.82,29.96,,,,,,,
"Jul 19, 3:53 pm",73,61,66,W,12,10,,SCT014 SCT065,1014.4,29.82,29.96,,,,,,,
"Jul 19, 3:50 pm",73,63,69,WSW,13,10,,SCT014 BKN065,,29.82,29.96,,,,,,,
"Jul 19, 3:45 pm",72,63,73,W,12,10,,FEW014,,29.83,29.97,,,,,,,
"Jul 19, 3:40 pm",72,63,73,W,13,10,,FEW014,,29.83,29.97,,,,,,,
"Jul 19, 3:35 pm",72,63,73,W,12,10,,FEW014,,29.83,29.97,,,,,,,
"Jul 19, 3:30 pm",72,63,73,WSW,12,10,,SCT014,,29.83,29.97,,,,,,,
"Jul 19, 3:25 pm",72,63,73,WSW,12,10,,SCT014,,29.83,29.97,,,,,,,
"Jul 19, 3:20 pm",72,63,73,WSW,12G17,10,,SCT014,,29.83,29.97,,,,,,,
"Jul 19, 3:15 pm",72,63,73,WSW,14,10,,SCT014,,29.84,29.98,,,,,,,
"Jul 19, 3:10 pm",72,61,69,W,13,10,,SCT014,,29.84,29.98,,,,,,,
"Jul 19, 3:05 pm",72,63,73,WSW,14,10,,SCT014,,29.84,29.98,,,,,,,
"Jul 19, 3:00 pm",72,63,73,W,15,10,,SCT014,,29.84,29.98,,,,,,,
"Jul 19, 2:55 pm",72,63,73,WSW,14,10,,SCT014,,29.84,29.98,,,,,,,
"Jul 19, 2:53 pm",72,62,71,WSW,14,10,,SCT013 SCT065,1015,29.84,29.98,,,,,,,
"Jul 19, 2:50 pm",72,63,73,WSW,13G18,10,,SCT013 SCT065,,29.84,29.98,,,,,,,
"Jul 19, 2:45 pm",72,61,69,W,13,10,,FEW013,,29.84,29.98,,,,,,,
"Jul 19, 2:40 pm",72,63,73,W,15,10,,FEW013,,29.85,29.99,,,,,,,
"Jul 19, 2:35 pm",72,63,73,WSW,13,10,,FEW013,,29.85,29.99,,,,,,,
"Jul 19, 2:30 pm",72,63,73,W,14,10,,CLR,,29.85,29.99,,,,,,,
"Jul 19, 2:25 pm",73,63,69,WSW,14,10,,CLR,,29.85,29.99,,,,,,,
"Jul 19, 2:20 pm",73,63,69,WSW,14,10,,CLR,,29.85,29.99,,,,,,,
"Jul 19, 2:15 pm",73,63,69,WSW,12,10,,CLR,,29.84,29.98,,,,,,,
"Jul 19, 2:10 pm",73,63,69,WSW,12,10,,CLR,,29.84,29.98,,,,,,,
"Jul 19, 2:05 pm",73,63,69,WSW,13,10,,CLR,,29.84,29.98,,,,,,,
"Jul 19, 2:00 pm",73,63,69,WSW,13,10,,CLR,,29.84,29.98,,,,,,,
"Jul 19, 1:55 pm",75,63,65,WSW,14,10,,CLR,,29.84,29.98,,,,,,,
"Jul 19, 1:53 pm",74,62,67,WSW,12,10,,SCT017 SCT060,1015.2,29.84,29.98,,,,,,,
"Jul 19, 1:50 pm",73,63,69,W,13,10,,SCT020,,29.85,29.99,,,,,,,
"Jul 19, 1:45 pm",73,63,69,WSW,13,10,,CLR,,29.85,29.99,,,,,,,
"Jul 19, 1:40 pm",73,63,69,SW,7,10,,CLR,,29.85,29.99,,,,,,,
"Jul 19, 1:35 pm",73,63,69,WSW,9,10,,CLR,,29.85,29.99,,,,,,,
"Jul 19, 1:30 pm",73,63,69,W,8,10,,CLR,,29.85,29.99,,,,,,,
"Jul 19, 1:25 pm",73,63,69,SW,9,10,,CLR,,29.85,29.99,,,,,,,
"Jul 19, 1:20 pm",73,63,69,SW,8,10,,CLR,,29.85,29.99,,,,,,,
"Jul 19, 1:15 pm",73,63,69,SW,8,10,,CLR,,29.85,29.99,,,,,,,
"Jul 19, 1:10 pm",73,63,69,W,10G16,10,,FEW018,,29.86,30,,,,,,,
"Jul 19, 1:05 pm",72,63,73,SW,5,10,,SCT018,,29.86,30,,,,,,,
"Jul 19, 1:00 pm",73,63,69,W,8,10,,SCT018,,29.86,30,,,,,,,
"Jul 19, 12:55 pm",73,63,69,SW,7,10,,SCT018,,29.86,30,,,,,,,
"Jul 19, 12:53 pm",73,62,69,,7,10,,FEW016 SCT020 SCT190,1015.6,29.86,30,,,,,,,
"Jul 19, 12:50 pm",73,63,69,WSW,8,10,,FEW016 SCT020,,29.86,30,,,,,,,
"Jul 19, 12:45 pm",72,63,73,SW,8,10,,FEW016 SCT020,,29.86,30,,,,,,,
"Jul 19, 12:41 pm",72,62,71,SSW,9,10,,FEW016 SCT020 SCT190,,29.86,30,,,,,,,
"Jul 19, 12:40 pm",73,63,69,SW,9,10,,BKN019,,29.86,30,,,,,,,
"Jul 19, 12:35 pm",73,63,69,SSW,7,10,,BKN020,,29.87,30.01,,,,,,,
"Jul 19, 12:30 pm",72,63,73,WSW,9,10,,BKN020,,29.87,30.01,,,,,,,
"Jul 19, 12:25 pm",72,63,73,WSW,8,10,,BKN021,,29.87,30.01,,,,,,,
"Jul 19, 12:20 pm",72,63,73,WSW,10,10,,OVC021,,29.87,30.01,,,,,,,
"Jul 19, 12:15 pm",72,63,73,SW,10,10,,OVC021,,29.87,30.01,,,,,,,
"Jul 19, 12:10 pm",72,63,73,SW,9,10,,OVC021,,29.87,30.01,,,,,,,
"Jul 19, 12:05 pm",72,63,73,SW,9,10,,FEW015 OVC021,,29.87,30.01,,,,,,,
"Jul 19, 12:00 pm",70,63,78,SW,8,10,,OVC020,,29.87,30.01,,,,,,,
"Jul 19, 11:55 am",70,63,78,SW,10,10,,OVC020,,29.88,30.02,,,,,,,
"Jul 19, 11:53 am",70,62,76,SW,9,10,,OVC018,1016.3,29.88,30.02,,,,,,,
"Jul 19, 11:50 am",70,63,78,SW,10,10,,BKN018,,29.88,30.02,,,,,,,
"Jul 19, 11:45 am",70,63,78,SW,10,10,,OVC018,,29.88,30.02,,,,,,,
"Jul 19, 11:40 am",70,63,78,SW,9,10,,OVC017,,29.88,30.02,,,,,,,
"Jul 19, 11:35 am",72,63,73,SW,9,10,,OVC018,,29.88,30.02,,,,,,,
"Jul 19, 11:30 am",72,63,73,SW,9,10,,OVC019,,29.88,30.02,,,,,,,
"Jul 19, 11:25 am",72,61,69,SSW,8,10,,OVC019,,29.87,30.01,,,,,,,
"Jul 19, 11:20 am",70,61,73,SSW,7,10,,OVC019,,29.88,30.02,,,,,,,
"Jul 19, 11:15 am",72,61,69,S,3,10,,OVC019,,29.88,30.02,,,,,,,
"Jul 19, 11:10 am",72,63,73,,,10,,OVC019,,29.88,30.02,,,,,,,
"Jul 19, 11:05 am",72,63,73,SSE,6,10,,OVC018,,29.88,30.02,,,,,,,
"Jul 19, 11:00 am",70,61,73,S,8,10,,OVC018,,29.88,30.02,,,,,,,
"Jul 19, 10:55 am",72,63,73,S,6,10,,OVC018,,29.88,30.02,,,,,,,
"Jul 19, 10:53 am",70,62,76,,7,10,,OVC018,1016.3,29.88,30.02,,,,71,65,,
"Jul 19, 10:50 am",72,63,73,SE,8,10,,OVC018,,29.88,30.02,,,,,,,
"Jul 19, 10:45 am",70,63,78,SSE,5,10,,OVC018,,29.88,30.02,,,,,,,
"Jul 19, 10:40 am",70,63,78,SSE,6,10,,OVC017,,29.88,30.02,,,,,,,
"Jul 19, 10:35 am",70,63,78,S,7,10,,OVC017,,29.88,30.02,,,,,,,
"Jul 19, 10:30 am",70,63,78,S,5,10,,OVC017,,29.88,30.02,,,,,,,
"Jul 19, 10:25 am",70,63,78,S,6,10,,OVC017,,29.88,30.02,,,,,,,
"Jul 19, 10:20 am",70,63,78,S,5,10,,OVC016,,29.88,30.02,,,,,,,
"Jul 19, 10:15 am",70,63,78,S,7,10,,OVC016,,29.88,30.02,,,,,,,
"Jul 19, 10:10 am",70,63,78,,,10,,OVC016,,29.88,30.02,,,,,,,
"Jul 19, 10:05 am",70,63,78,,,10,,OVC016,,29.88,30.02,,,,,,,
"Jul 19, 10:00 am",70,63,78,,,10,,OVC016,,29.88,30.02,,,,,,,
"Jul 19, 9:55 am",70,63,78,SSE,3,10,,OVC016,,29.88,30.02,,,,,,,
"Jul 19, 9:53 am",69,62,78,SSE,5,10,,OVC016,1016.6,29.88,30.02,,,,,,,
"Jul 19, 9:50 am",70,63,78,SE,5,10,,OVC016,,29.88,30.02,,,,,,,
"Jul 19, 9:45 am",70,63,78,SE,6,10,,BKN015,,29.88,30.02,,,,,,,
"Jul 19, 9:40 am",70,63,78,SE,9,10,,BKN015,,29.88,30.02,,,,,,,
"Jul 19, 9:35 am",70,63,78,E,7,10,,BKN015,,29.88,30.02,,,,,,,
"Jul 19, 9:30 am",70,63,78,ESE,5,10,,BKN015,,29.88,30.02,,,,,,,
"Jul 19, 9:25 am",70,61,73,ESE,7,10,,BKN015,,29.88,30.02,,,,,,,
"Jul 19, 9:20 am",70,61,73,ESE,5,10,,BKN015,,29.88,30.02,,,,,,,
"Jul 19, 9:15 am",70,61,73,SE,6,10,,BKN015,,29.89,30.03,,,,,,,
"Jul 19, 9:10 am",70,61,73,SSE,5,10,,OVC015,,29.89,30.03,,,,,,,
"Jul 19, 9:05 am",68,63,83,S,5,10,,OVC015,,29.89,30.03,,,,,,,
"Jul 19, 9:00 am",68,61,78,E,3,10,,OVC015,,29.89,30.03,,,,,,,
"Jul 19, 8:55 am",68,61,78,SSE,3,10,,OVC015,,29.89,30.03,,,,,,,
"Jul 19, 8:53 am",69,61,75,SSE,5,10,,OVC015,1016.7,29.89,30.03,,,,,,,
"Jul 19, 8:50 am",68,61,78,N,0,10,,OVC015,,29.89,30.03,,,,,,,
"Jul 19, 8:45 am",68,61,78,ESE,3,10,,OVC015,,29.89,30.03,,,,,,,
"Jul 19, 8:40 am",68,61,78,N,0,10,,OVC015,,29.89,30.03,,,,,,,
"Jul 19, 8:35 am",68,61,78,SE,3,10,,OVC015,,29.89,30.03,,,,,,,
"Jul 19, 8:30 am",68,61,78,N,0,10,,OVC015,,29.89,30.03,,,,,,,
"Jul 19, 8:25 am",68,61,78,E,6,10,,OVC015,,29.89,30.03,,,,,,,
"Jul 19, 8:20 am",68,61,78,E,5,10,,OVC015,,29.89,30.03,,,,,,,
"Jul 19, 8:15 am",68,61,78,E,3,10,,OVC015,,29.89,30.03,,,,,,,
"Jul 19, 8:10 am",68,61,78,E,5,10,,OVC015,,29.89,30.03,,,,,,,
"Jul 19, 8:05 am",68,61,78,N,0,10,,OVC015,,29.89,30.03,,,,,,,
"Jul 19, 8:00 am",68,61,78,E,3,10,,OVC015,,29.88,30.02,,,,,,,
"Jul 19, 7:55 am",66,61,83,N,0,10,,OVC015,,29.88,30.02,,,,,,,
"Jul 19, 7:53 am",67,61,81,,6,10,,OVC015,1016.4,29.88,30.02,,,,,,,
"Jul 19, 7:50 am",66,61,83,SSE,7,10,,OVC015,,29.88,30.02,,,,,,,
"Jul 19, 7:45 am",66,61,83,N,0,10,,OVC015,,29.88,30.02,,,,,,,
"Jul 19, 7:40 am",66,61,83,N,0,10,,OVC015,,29.88,30.02,,,,,,,
"Jul 19, 7:35 am",66,61,83,S,5,10,,OVC015,,29.87,30.01,,,,,,,
"Jul 19, 7:30 am",66,61,83,,,10,,OVC015,,29.87,30.01,,,,,,,
"Jul 19, 7:25 am",66,61,83,SE,3,10,,OVC015,,29.87,30.01,,,,,,,
"Jul 19, 7:20 am",66,61,83,N,0,10,,OVC015,,29.87,30.01,,,,,,,
"Jul 19, 7:15 am",66,61,83,S,3,10,,OVC015,,29.87,30.01,,,,,,,
"Jul 19, 7:10 am",66,61,83,SE,7,10,,OVC015,,29.87,30.01,,,,,,,
"Jul 19, 7:05 am",66,61,83,SE,5,10,,OVC016,,29.87,30.01,,,,,,,
"Jul 19, 7:00 am",66,61,83,,,10,,OVC016,,29.86,30,,,,,,,
"Jul 19, 6:55 am",66,61,83,,,10,,OVC015,,29.86,30,,,,,,,
"Jul 19, 6:53 am",67,60,79,SSE,5,10,,OVC015,1015.7,29.86,30,,,,,,,
"Jul 19, 6:50 am",66,61,83,SSE,5,10,,BKN015,,29.86,30,,,,,,,
"Jul 19, 6:45 am",66,61,83,SE,3,10,,OVC014,,29.86,30,,,,,,,
"Jul 19, 6:40 am",66,61,83,E,5,10,,OVC014,,29.86,30,,,,,,,
"Jul 19, 6:35 am",66,61,83,SE,6,10,,OVC014,,29.85,29.99,,,,,,,
"Jul 19, 6:30 am",66,61,83,,,10,,OVC014,,29.85,29.99,,,,,,,
"Jul 19, 6:25 am",66,61,83,,,10,,OVC014,,29.85,29.99,,,,,,,
"Jul 19, 6:20 am",66,61,83,E,3,10,,OVC014,,29.85,29.99,,,,,,,
"Jul 19, 6:15 am",66,61,83,E,3,10,,OVC014,,29.85,29.99,,,,,,,
"Jul 19, 6:10 am",66,61,83,N,0,10,,OVC014,,29.85,29.99,,,,,,,
"Jul 19, 6:05 am",66,61,83,E,5,10,,OVC014,,29.85,29.99,,,,,,,
"Jul 19, 6:00 am",66,61,83,ENE,3,10,,OVC014,,29.85,29.99,,,,,,,
"Jul 19, 5:55 am",66,61,83,E,3,10,,OVC014,,29.85,29.99,,,,,,,
"Jul 19, 5:53 am",66,60,81,E,3,10,,OVC014,1015.2,29.85,29.99,,,,,,,
"Jul 19, 5:50 am",66,61,83,ESE,5,10,,OVC014,,29.85,29.99,,,,,,,
"Jul 19, 5:45 am",66,61,83,E,3,10,,OVC014,,29.85,29.99,,,,,,,
"Jul 19, 5:40 am",66,61,83,ENE,5,10,,BKN011 BKN015,,29.85,29.99,,,,,,,
"Jul 19, 5:35 am",66,61,83,ENE,3,10,,BKN011 BKN015,,29.85,29.99,,,,,,,
"Jul 19, 5:30 am",66,61,83,E,3,10,,BKN011 BKN015,,29.85,29.99,,,,,,,
"Jul 19, 5:25 am",64,61,88,N,0,10,,BKN011 BKN015,,29.84,29.98,,,,,,,
"Jul 19, 5:20 am",64,61,88,N,0,10,,BKN011 BKN015,,29.84,29.98,,,,,,,
"Jul 19, 5:15 am",64,61,88,N,0,10,,BKN011 BKN015,,29.84,29.98,,,,,,,
"Jul 19, 5:10 am",64,61,88,N,0,10,,BKN011 BKN015,,29.84,29.98,,,,,,,
"Jul 19, 5:05 am",64,61,88,N,0,10,,BKN011 BKN015,,29.84,29.98,,,,,,,
"Jul 19, 5:00 am",64,61,88,N,0,10,,BKN011 BKN015,,29.84,29.98,,,,,,,
"Jul 19, 4:55 am",64,61,88,ESE,3,10,,BKN011 BKN015,,29.84,29.98,,,,,,,
"Jul 19, 4:53 am",65,61,87,N,0,10,,BKN011 BKN015,1014.8,29.84,29.98,,,,67,65,,
"Jul 19, 4:50 am",64,61,88,ESE,3,10,,BKN011 BKN015,,29.84,29.98,,,,,,,
"Jul 19, 4:45 am",64,61,88,N,0,10,,BKN011 BKN016,,29.84,29.98,,,,,,,
"Jul 19, 4:40 am",64,61,88,N,0,10,,BKN011 BKN016,,29.84,29.98,,,,,,,
"Jul 19, 4:35 am",64,61,88,N,0,10,,BKN011 BKN016,,29.84,29.98,,,,,,,
"Jul 19, 4:30 am",64,61,88,N,0,10,,BKN011 BKN016,,29.84,29.98,,,,,,,
"Jul 19, 4:25 am",64,61,88,N,0,10,,BKN011 BKN016,,29.84,29.98,,,,,,,
"Jul 19, 4:20 am",64,61,88,N,0,10,,BKN011 BKN016,,29.84,29.98,,,,,,,
"Jul 19, 4:15 am",64,61,88,N,0,10,,BKN011 BKN016,,29.84,29.98,,,,,,,
"Jul 19, 4:10 am",64,61,88,N,0,10,,BKN011 BKN016,,29.84,29.98,,,,,,,
"Jul 19, 4:05 am",64,61,88,N,0,10,,BKN011 BKN016,,29.84,29.98,,,,,,,
"Jul 19, 4:00 am",64,61,88,N,0,10,,BKN011 BKN016,,29.84,29.98,,,,,,,
"Jul 19, 3:55 am",64,61,88,N,0,10,,BKN011 BKN016,,29.84,29.98,,,,,,,
"Jul 19, 3:53 am",65,61,87,N,0,10,,BKN011 BKN016,1015,29.84,29.98,,,,,,,
"Jul 19, 3:50 am",64,61,88,N,0,10,,BKN011 BKN016,,29.84,29.98,,,,,,,
"Jul 19, 3:45 am",64,61,88,WSW,3,10,,BKN011 BKN016,,29.84,29.98,,,,,,,
"Jul 19, 3:40 am",64,61,88,WSW,3,10,,BKN011,,29.84,29.98,,,,,,,
"Jul 19, 3:35 am",64,61,88,SW,5,10,,BKN011,,29.84,29.98,,,,,,,
"Jul 19, 3:30 am",64,61,88,SW,5,10,,BKN011,,29.85,29.99,,,,,,,
"Jul 19, 3:25 am",64,61,88,WSW,3,10,,BKN011,,29.85,29.99,,,,,,,
"Jul 19, 3:20 am",64,61,88,WSW,5,10,,BKN011,,29.85,29.99,,,,,,,
"Jul 19, 3:15 am",64,61,88,WSW,5,10,,BKN011,,29.85,29.99,,,,,,,
"Jul 19, 3:10 am",64,61,88,WSW,5,10,,BKN011,,29.85,29.99,,,,,,,
"Jul 19, 3:05 am",64,61,88,W,5,10,,BKN011,,29.85,29.99,,,,,,,
"Jul 19, 3:00 am",64,61,88,W,3,10,,BKN011,,29.85,29.99,,,,,,,
"Jul 19, 2:55 am",64,61,88,WSW,3,10,,BKN011,,29.86,30,,,,,,,
"Jul 19, 2:53 am",65,61,87,WSW,3,10,,BKN011,1015.5,29.86,30,,,,,,,
"Jul 19, 2:50 am",64,61,88,WSW,3,10,,BKN011,,29.86,30,,,,,,,
"Jul 19, 2:45 am",64,61,88,W,3,10,,BKN011,,29.85,29.99,,,,,,,
"Jul 19, 2:40 am",64,61,88,W,5,10,,SCT011,,29.85,29.99,,,,,,,
"Jul 19, 2:35 am",64,61,88,W,5,10,,SCT011,,29.85,29.99,,,,,,,
"Jul 19, 2:30 am",64,61,88,W,3,10,,FEW011,,29.85,29.99,,,,,,,
"Jul 19, 2:25 am",64,61,88,WSW,5,10,,CLR,,29.85,29.99,,,,,,,
"Jul 19, 2:20 am",64,61,88,WSW,5,10,,CLR,,29.85,29.99,,,,,,,
"Jul 19, 2:15 am",64,61,88,WSW,5,10,,CLR,,29.85,29.99,,,,,,,
"Jul 19, 2:10 am",64,61,88,WSW,5,10,,CLR,,29.86,30,,,,,,,
"Jul 19, 2:05 am",64,61,88,SW,3,10,,CLR,,29.86,30,,,,,,,
"Jul 19, 2:00 am",66,61,83,SSW,5,10,,CLR,,29.86,30,,,,,,,
"Jul 19, 1:55 am",66,61,83,S,6,10,,CLR,,29.86,30,,,,,,,
"Jul 19, 1:53 am",66,61,84,SSW,6,10,,SCT013,1015.5,29.86,30,,,,,,,
"Jul 19, 1:50 am",66,61,83,S,6,10,,SCT013,,29.86,30,,,,,,,
"Jul 19, 1:45 am",66,61,83,SSW,5,10,,SCT013,,29.86,30,,,,,,,
"Jul 19, 1:43 am",66,61,84,SW,5,10,,SCT013,,29.86,30,,,,,,,
"Jul 19, 1:40 am",66,61,83,SSW,5,10,,SCT013,,29.86,30,,,,,,,
"Jul 19, 1:35 am",66,61,83,SSW,3,10,,BKN013,,29.86,30,,,,,,,
"Jul 19, 1:30 am",66,61,83,S,5,10,,BKN013,,29.86,30,,,,,,,
"Jul 19, 1:25 am",66,61,83,S,3,10,,BKN013,,29.86,30,,,,,,,
"Jul 19, 1:20 am",66,61,83,WSW,3,10,,BKN013,,29.86,30,,,,,,,
"Jul 19, 1:15 am",66,61,83,N,0,10,,BKN013,,29.85,29.99,,,,,,,
"Jul 19, 1:10 am",66,61,83,SW,3,10,,BKN013,,29.85,29.99,,,,,,,
"Jul 19, 1:05 am",66,61,83,SW,3,10,,BKN013,,29.85,29.99,,,,,,,
"Jul 19, 1:00 am",66,61,83,WSW,3,10,,OVC013,,29.85,29.99,,,,,,,
"Jul 19, 12:55 am",66,61,83,W,5,10,,OVC013,,29.85,29.99,,,,,,,
"Jul 19, 12:53 am",66,61,84,WSW,5,10,,BKN013,1015.4,29.85,29.99,,,,,,73,64
"Jul 19, 12:50 am",66,61,83,WSW,6,10,,BKN013,,29.85,29.99,,,,,,,
"Jul 19, 12:45 am",66,61,83,N,0,10,,OVC013,,29.85,29.99,,,,,,,
"Jul 19, 12:40 am",66,61,83,N,0,10,,OVC013,,29.85,29.99,,,,,,,
"Jul 19, 12:35 am",66,61,83,SSW,3,10,,BKN014,,29.85,29.99,,,,,,,
"Jul 19, 12:30 am",66,61,83,SSW,5,10,,BKN014,,29.85,29.99,,,,,,,
"Jul 19, 12:25 am",66,61,83,SSW,3,10,,BKN014,,29.85,29.99,,,,,,,
"Jul 19, 12:20 am",66,61,83,SW,3,10,,BKN014,,29.85,29.99,,,,,,,
"Jul 19, 12:15 am",66,61,83,SW,3,10,,OVC014,,29.85,29.99,,,,,,,
"Jul 19, 12:10 am",66,61,83,WSW,5,10,,BKN014 BKN100,,29.85,29.99,,,,,,,
"Jul 19, 12:05 am",66,61,83,WNW,3,10,,SCT015,,29.85,29.99,,,,,,,
"Jul 19, 12:00 am",66,61,83,N,0,10,,FEW015,,29.85,29.99,,,,,,,
"Jul 18, 11:55 pm",66,61,83,WSW,3,10,,SCT015,,29.85,29.99,,,,,,,
"Jul 18, 11:53 pm",66,60,81,N,0,10,,FEW015 SCT100,1015.2,29.85,29.99,,,,,,,
"Jul 18, 11:50 pm",66,61,83,N,0,10,,FEW015 SCT100,,29.85,29.99,,,,,,,
"Jul 18, 11:45 pm",66,61,83,WNW,5,10,,FEW015 SCT100,,29.85,29.99,,,,,,,
"Jul 18, 11:40 pm",66,61,83,NNW,3,10,,FEW014,,29.85,29.99,,,,,,,
"Jul 18, 11:35 pm",66,61,83,NNW,6,10,,CLR,,29.85,29.99,,,,,,,
"Jul 18, 11:30 pm",66,61,83,NNW,6,10,,CLR,,29.85,29.99,,,,,,,
"Jul 18, 11:25 pm",66,61,83,NW,7,10,,CLR,,29.85,29.99,,,,,,,
"Jul 18, 11:20 pm",66,61,83,WNW,8,10,,FEW015,,29.85,29.99,,,,,,,
"Jul 18, 11:15 pm",66,61,83,NW,8,10,,SCT015 BKN100,,29.85,29.99,,,,,,,
"Jul 18, 11:10 pm",66,61,83,W,8,10,,SCT015 BKN100,,29.85,29.99,,,,,,,
"Jul 18, 11:05 pm",66,61,83,WNW,8,10,,BKN015,,29.85,29.99,,,,,,,
"Jul 18, 11:00 pm",66,61,83,WNW,7,10,,BKN015,,29.85,29.99,,,,,,,
"Jul 18, 10:55 pm",66,61,83,WSW,3,10,,BKN015,,29.85,29.99,,,,,,,
"Jul 18, 10:53 pm",67,60,79,WSW,5,10,,BKN016 BKN100,1015.3,29.85,29.99,,,,72,66,,
"Jul 18, 10:50 pm",66,61,83,WSW,6,10,,BKN016 BKN100,,29.85,29.99,,,,,,,
"Jul 18, 10:45 pm",66,61,83,WSW,5,10,,BKN016 BKN100,,29.85,29.99,,,,,,,
"Jul 18, 10:40 pm",66,61,83,WNW,6,10,,FEW017,,29.85,29.99,,,,,,,
"Jul 18, 10:35 pm",66,61,83,NW,6,10,,FEW017,,29.85,29.99,,,,,,,
"Jul 18, 10:30 pm",66,59,78,W,5,10,,FEW017,,29.85,29.99,,,,,,,
"Jul 18, 10:25 pm",66,61,83,W,6,10,,CLR,,29.85,29.99,,,,,,,
"Jul 18, 10:20 pm",66,61,83,SW,5,10,,CLR,,29.85,29.99,,,,,,,
"Jul 18, 10:15 pm",66,61,83,WSW,6,10,,CLR,,29.84,29.98,,,,,,,
"Jul 18, 10:10 pm",66,61,83,SSW,7,10,,CLR,,29.84,29.98,,,,,,,
"Jul 18, 10:05 pm",66,61,83,SW,8,10,,CLR,,29.84,29.98,,,,,,,
"Jul 18, 10:00 pm",66,61,83,WSW,8,10,,CLR,,29.84,29.98,,,,,,,
"Jul 18, 9:55 pm",66,61,83,SW,8,10,,CLR,,29.84,29.98,,,,,,,
"Jul 18, 9:53 pm",66,61,84,SW,8,10,,SCT011 SCT100,1014.9,29.84,29.98,,,,,,,
"Jul 18, 9:50 pm",66,61,83,WSW,9,10,,SCT011 SCT100,,29.84,29.98,,,,,,,
"Jul 18, 9:45 pm",66,61,83,WSW,8,10,,CLR,,29.84,29.98,,,,,,,
"Jul 18, 9:40 pm",66,61,83,SW,10,10,,CLR,,29.84,29.98,,,,,,,
"Jul 18, 9:35 pm",66,61,83,WSW,9,10,,CLR,,29.83,29.97,,,,,,,
"Jul 18, 9:30 pm",66,61,83,WSW,10,10,,CLR,,29.83,29.97,,,,,,,
"Jul 18, 9:25 pm",66,61,83,WSW,10,10,,CLR,,29.83,29.97,,,,,,,
"Jul 18, 9:20 pm",66,61,83,WSW,10,10,,CLR,,29.83,29.97,,,,,,,
"Jul 18, 9:15 pm",66,61,83,WSW,9,10,,CLR,,29.83,29.97,,,,,,,
"Jul 18, 9:10 pm",66,61,83,SW,9,10,,CLR,,29.82,29.96,,,,,,,
"Jul 18, 9:07 pm",66,61,84,SW,8,10,,SCT011 SCT080 BKN240,,29.82,29.96,,,,,,,
"Jul 18, 9:05 pm",66,61,83,WSW,10,10,,SCT011 SCT080,,29.82,29.96,,,,,,,
"Jul 18, 9:00 pm",66,61,83,SW,9,10,,BKN011,,29.82,29.96,,,,,,,
"Jul 18, 8:55 pm",66,61,83,SW,10,10,,BKN011,,29.81,29.95,,,,,,,
"Jul 18, 8:53 pm",66,61,84,WSW,10,10,,BKN011 BKN080 BKN240,1014,29.81,29.95,,,,,,,
"Jul 18, 8:50 pm",66,61,83,SW,12,10,,BKN011 BKN080,,29.81,29.95,,,,,,,
"Jul 18, 8:45 pm",66,61,83,WSW,10,10,,BKN010 BKN080,,29.81,29.95,,,,,,,
"Jul 18, 8:40 pm",66,61,83,SW,10,10,,BKN010 BKN080,,29.81,29.95,,,,,,,
"Jul 18, 8:35 pm",66,61,83,WSW,10,10,,BKN010 BKN080,,29.81,29.95,,,,,,,
"Jul 18, 8:30 pm",66,61,83,WSW,9,10,,BKN010 BKN080,,29.81,29.95,,,,,,,
"Jul 18, 8:25 pm",66,61,83,SW,8,10,,BKN010 BKN080,,29.8,29.94,,,,,,,
"Jul 18, 8:20 pm",66,61,83,WSW,9,10,,BKN010 BKN080,,29.8,29.94,,,,,,,
"Jul 18, 8:16 pm",66,61,84,WSW,13,10,,BKN010 BKN080 BKN240,,29.8,29.94,,,,,,,
"Jul 18, 8:15 pm",66,61,83,SW,12,10,,FEW010,,29.8,29.94,,,,,,,
"Jul 18, 8:10 pm",66,61,83,WSW,10,10,,FEW010,,29.8,29.94,,,,,,,
"Jul 18, 8:05 pm",66,61,83,WSW,12,10,,FEW010,,29.79,29.93,,,,,,,
"Jul 18, 8:00 pm",66,61,83,WSW,14,10,,FEW010,,29.79,29.93,,,,,,,
"Jul 18, 7:55 pm",66,61,83,WSW,14,10,,FEW009,,29.79,29.92,,,,,,,
"Jul 18, 7:53 pm",67,61,81,WSW,15,10,,FEW014 SCT100 SCT240,1012.8,29.78,29.91,,,,,,,
"Jul 18, 7:50 pm",66,61,83,WSW,18,10,,FEW014 SCT100,,29.78,29.91,,,,,,,
"Jul 18, 7:45 pm",66,61,83,W,18,10,,FEW014 SCT100,,29.78,29.91,,,,,,,
"Jul 18, 7:40 pm",66,61,83,W,17,10,,FEW014 SCT100,,29.79,29.92,,,,,,,
"Jul 18, 7:35 pm",68,61,78,W,17,10,,FEW014 SCT100,,29.79,29.92,,,,,,,
"Jul 18, 7:30 pm",68,61,78,WSW,15,10,,FEW014 SCT100,,29.79,29.92,,,,,,,
"Jul 18, 7:25 pm",68,61,78,W,17,10,,FEW014 SCT100,,29.79,29.92,,,,,,,
"Jul 18, 7:20 pm",68,61,78,W,17,10,,FEW014 SCT100,,29.79,29.92,,,,,,,
"Jul 18, 7:15 pm",68,61,78,W,17,10,,FEW014 SCT100,,29.79,29.92,,,,,,,
"Jul 18, 7:10 pm",68,61,78,W,20,10,,FEW014 SCT100,,29.79,29.92,,,,,,,
"Jul 18, 7:05 pm",68,61,78,W,18,10,,FEW014 SCT100,,29.79,29.92,,,,,,,
"Jul 18, 7:00 pm",68,61,78,W,20,10,,FEW014 SCT100,,29.79,29.92,,,,,,,
"Jul 18, 6:55 pm",70,61,73,W,18,10,,CLR,,29.79,29.92,,,,,,,
"Jul 18, 6:53 pm",69,61,75,W,18,10,,FEW015 SCT120 SCT240,1013,29.79,29.92,,,,,,,
"Jul 18, 6:50 pm",70,61,73,W,18,10,,FEW015 SCT120,,29.79,29.92,,,,,,,
"Jul 18, 6:45 pm",70,61,73,W,17,10,,FEW015 SCT120,,29.79,29.92,,,,,,,
"Jul 18, 6:40 pm",70,61,73,WSW,17,10,,FEW015 SCT120,,29.79,29.92,,,,,,,
"Jul 18, 6:35 pm",70,61,73,W,16,10,,FEW015 SCT120,,29.79,29.92,,,,,,,
"Jul 18, 6:30 pm",70,61,73,W,15,10,,FEW015 SCT120,,29.79,29.93,,,,,,,
"Jul 18, 6:25 pm",70,61,73,WSW,13,10,,FEW015 SCT120,,29.79,29.93,,,,,,,
"Jul 18, 6:20 pm",70,61,73,W,14,10,,FEW015 SCT120,,29.79,29.93,,,,,,,
"Jul 18, 6:15 pm",70,61,73,W,14,10,,FEW015 SCT120,,29.79,29.93,,,,,,,
"Jul 18, 6:10 pm",70,61,73,WSW,12,10,,FEW015 SCT120,,29.79,29.93,,,,,,,
"Jul 18, 6:05 pm",70,61,73,WSW,12,10,,CLR,,29.79,29.93,,,,,,,
"Jul 18, 6:00 pm",70,61,73,WSW,13,10,,CLR,,29.79,29.93,,,,,,,
"Jul 18, 5:55 pm",70,61,73,WSW,13,10,,CLR,,29.79,29.93,,,,,,,
"Jul 18, 5:53 pm",70,61,73,W,12,10,,SCT015 SCT120 BKN240,1013.4,29.79,29.93,,,,,,,
"Jul 18, 5:50 pm",70,61,73,W,13,10,,CLR,,29.79,29.93,,,,,,,
"Jul 18, 5:45 pm",70,61,73,W,12,10,,CLR,,29.79,29.93,,,,,,,
"Jul 18, 5:40 pm",70,61,73,W,13,10,,CLR,,29.8,29.94,,,,,,,
"Jul 18, 5:35 pm",70,61,73,WSW,10,10,,CLR,,29.8,29.94,,,,,,,
"Jul 18, 5:30 pm",72,61,69,W,12,10,,CLR,,29.8,29.94,,,,,,,
"Jul 18, 5:25 pm",70,61,73,W,14,10,,CLR,,29.79,29.93,,,,,,,
"Jul 18, 5:20 pm",72,61,69,WSW,13,10,,CLR,,29.79,29.93,,,,,,,
"Jul 18, 5:15 pm",72,61,69,WSW,13,10,,CLR,,29.79,29.93,,,,,,,
"Jul 18, 5:10 pm",72,61,69,W,15,10,,CLR,,29.79,29.93,,,,,,,
"Jul 18, 5:05 pm",72,61,69,W,15G21,10,,CLR,,29.79,29.93,,,,,,,
"Jul 18, 5:00 pm",72,61,69,WSW,14,10,,CLR,,29.8,29.94,,,,,,,
"Jul 18, 4:55 pm",72,61,69,W,14,10,,CLR,,29.8,29.94,,,,,,,
"Jul 18, 4:53 pm",72,61,68,WSW,15,10,,FEW015 FEW100 SCT150,1013.7,29.8,29.94,,,,73,70,,
"Jul 18, 4:50 pm",72,61,69,W,14,10,,FEW015 FEW100,,29.8,29.94,,,,,,,
"Jul 18, 4:45 pm",72,61,69,WSW,15,10,,CLR,,29.8,29.94,,,,,,,
"Jul 18, 4:40 pm",72,61,69,WSW,15,10,,CLR,,29.8,29.94,,,,,,,
"Jul 18, 4:35 pm",72,61,69,W,16,10,,CLR,,29.8,29.94,,,,,,,
"Jul 18, 4:30 pm",72,59,65,WSW,15,10,,CLR,,29.8,29.94,,,,,,,
"Jul 18, 4:25 pm",73,61,65,W,15,10,,CLR,,29.8,29.94,,,,,,,
"Jul 18, 4:20 pm",72,61,69,WSW,14,10,,CLR,,29.8,29.94,,,,,,,
"Jul 18, 4:15 pm",72,59,65,W,15G21,10,,CLR,,29.81,29.95,,,,,,,
"Jul 18, 4:10 pm",72,59,65,W,15,10,,CLR,,29.81,29.95,,,,,,,
"Jul 18, 4:05 pm",72,59,65,WSW,15,10,,CLR,,29.81,29.95,,,,,,,
"Jul 18, 4:00 pm",72,59,65,W,16G22,10,,CLR,,29.82,29.96,,,,,,,
"Jul 18, 3:55 pm",72,61,69,W,15,10,,CLR,,29.82,29.96,,,,,,,
"Jul 18, 3:53 pm",72,60,66,W,14,10,,FEW025 FEW080 SCT150,1014.3,29.82,29.96,,,,,,,
"Jul 18, 3:50 pm",72,61,69,WSW,13,10,,FEW025 FEW080,,29.82,29.96,,,,,,,
"Jul 18, 3:45 pm",72,61,69,WSW,14,10,,CLR,,29.82,29.96,,,,,,,
"Jul 18, 3:40 pm",72,61,69,WSW,14,10,,CLR,,29.82,29.96,,,,,,,
"Jul 18, 3:35 pm",72,59,65,WSW,13,10,,CLR,,29.82,29.96,,,,,,,
"Jul 18, 3:30 pm",73,59,61,W,13,10,,CLR,,29.83,29.97,,,,,,,
"Jul 18, 3:25 pm",73,61,65,WSW,14,10,,CLR,,29.82,29.96,,,,,,,
"Jul 18, 3:20 pm",73,61,65,SW,13,10,,CLR,,29.83,29.97,,,,,,,
"Jul 18, 3:15 pm",72,59,65,SW,14,10,,CLR,,29.83,29.97,,,,,,,
"Jul 18, 3:10 pm",72,59,65,SW,14,10,,CLR,,29.83,29.97,,,,,,,
"Jul 18, 3:05 pm",72,59,65,SW,14,10,,CLR,,29.83,29.97,,,,,,,
"Jul 18, 3:00 pm",73,61,65,SW,14,10,,CLR,,29.83,29.97,,,,,,,
"Jul 18, 2:55 pm",72,61,69,SW,13,10,,CLR,,29.83,29.97,,,,,,,
"Jul 18, 2:53 pm",72,60,66,SW,13,10,,FEW020 FEW080 SCT150,1014.9,29.83,29.97,,,,,,,
"Jul 18, 2:50 pm",72,59,65,WSW,12,10,,FEW020 FEW080,,29.83,29.97,,,,,,,
"Jul 18, 2:45 pm",72,61,69,WSW,12G17,10,,CLR,,29.84,29.98,,,,,,,
"Jul 18, 2:40 pm",72,59,65,WSW,12,10,,CLR,,29.84,29.98,,,,,,,
"Jul 18, 2:35 pm",72,59,65,WSW,12,10,,CLR,,29.84,29.98,,,,,,,
"Jul 18, 2:30 pm",72,61,69,WSW,10,10,,CLR,,29.84,29.98,,,,,,,
"Jul 18, 2:25 pm",72,61,69,SW,10,10,,CLR,,29.84,29.98,,,,,,,
"Jul 18, 2:20 pm",72,61,69,W,13,10,,CLR,,29.84,29.98,,,,,,,
"Jul 18, 2:15 pm",72,61,69,WSW,12,10,,CLR,,29.84,29.98,,,,,,,
"Jul 18, 2:10 pm",72,61,69,W,12,10,,CLR,,29.84,29.98,,,,,,,
"Jul 18, 2:05 pm",72,61,69,W,12,10,,CLR,,29.84,29.98,,,,,,,
"Jul 18, 2:00 pm",72,61,69,WSW,10,10,,CLR,,29.84,29.98,,,,,,,
"Jul 18, 1:55 pm",72,61,69,W,13,10,,CLR,,29.84,29.98,,,,,,,
"Jul 18, 1:53 pm",72,60,66,W,10,10,,FEW020 FEW080 SCT140,1015,29.84,29.98,,,,,,,
"Jul 18, 1:50 pm",72,61,69,WSW,13,10,,FEW020 FEW080,,29.84,29.98,,,,,,,
"Jul 18, 1:45 pm",72,61,69,WSW,14,10,,FEW020 FEW080,,29.84,29.98,,,,,,,
"Jul 18, 1:40 pm",72,61,69,W,13,10,,CLR,,29.84,29.98,,,,,,,
"Jul 18, 1:35 pm",72,61,69,WSW,14,10,,CLR,,29.84,29.98,,,,,,,
"Jul 18, 1:30 pm",72,61,69,WSW,12G17,10,,CLR,,29.85,29.99,,,,,,,
"Jul 18, 1:25 pm",72,61,69,W,12G17,10,,CLR,,29.85,29.99,,,,,,,
"Jul 18, 1:20 pm",72,61,69,W,14,10,,CLR,,29.85,29.99,,,,,,,
"Jul 18, 1:15 pm",72,61,69,WSW,12,10,,CLR,,29.85,29.99,,,,,,,
"Jul 18, 1:10 pm",72,61,69,W,13,10,,CLR,,29.85,29.99,,,,,,,
"Jul 18, 1:05 pm",72,61,69,SW,10,10,,CLR,,29.85,29.99,,,,,,,
"Jul 18, 1:00 pm",70,61,73,W,13,10,,CLR,,29.85,29.99,,,,,,,
"Jul 18, 12:55 pm",72,61,69,SW,9,10,,CLR,,29.85,29.99,,,,,,,
"Jul 18, 12:53 pm",71,60,68,WSW,12,10,,FEW018 FEW075 SCT140,1015.5,29.85,29.99,,,,,,,
"Jul 18, 12:50 pm",72,61,69,SW,13,10,,FEW018 FEW075,,29.85,29.99,,,,,,,
"Jul 18, 12:45 pm",72,61,69,W,12,10,,CLR,,29.85,29.99,,,,,,,
"Jul 18, 12:40 pm",72,61,69,W,12G17,10,,CLR,,29.86,30,,,,,,,
"Jul 18, 12:35 pm",72,61,69,WSW,13,10,,CLR,,29.85,29.99,,,,,,,
"Jul 18, 12:30 pm",72,61,69,W,10,10,,CLR,,29.86,30,,,,,,,
"Jul 18, 12:25 pm",72,61,69,WSW,9,10,,CLR,,29.86,30,,,,,,,
"Jul 18, 12:20 pm",72,61,69,WSW,13,10,,CLR,,29.86,30,,,,,,,
"Jul 18, 12:15 pm",72,61,69,WSW,13,10,,CLR,,29.86,30,,,,,,,
"Jul 18, 12:10 pm",72,61,69,WSW,12,10,,CLR,,29.86,30,,,,,,,
"Jul 18, 12:05 pm",72,61,69,W,10,10,,CLR,,29.86,30,,,,,,,
"Jul 18, 12:00 pm",70,61,73,W,12,10,,CLR,,29.86,30,,,,,,,
"Jul 18, 11:55 am",72,61,69,WSW,12,10,,CLR,,29.86,30,,,,,,,
"Jul 18, 11:53 am",71,60,68,W,10,10,,FEW017 FEW070 SCT140,1015.9,29.86,30,,,,,,,
"Jul 18, 11:50 am",72,61,69,W,13,10,,FEW017 FEW070,,29.86,30,,,,,,,
"Jul 18, 11:45 am",70,61,73,W,13,10,,CLR,,29.86,30,,,,,,,
"Jul 18, 11:40 am",72,61,69,WSW,13,10,,CLR,,29.86,30,,,,,,,
"Jul 18, 11:35 am",72,61,69,W,12,10,,CLR,,29.86,30,,,,,,,
"Jul 18, 11:30 am",70,61,73,W,12,10,,CLR,,29.86,30,,,,,,,
"Jul 18, 11:25 am",72,61,69,WSW,13,10,,CLR,,29.86,30,,,,,,,
"Jul 18, 11:20 am",72,61,69,W,15,10,,CLR,,29.87,30.01,,,,,,,
"Jul 18, 11:15 am",72,61,69,WSW,13,10,,CLR,,29.87,30.01,,,,,,,
"Jul 18, 11:10 am",72,61,69,WSW,12,10,,CLR,,29.87,30.01,,,,,,,
"Jul 18, 11:05 am",72,61,69,WSW,13,10,,CLR,,29.87,30.01,,,,,,,
"Jul 18, 11:00 am",70,61,73,W,12,10,,CLR,,29.87,30.01,,,,,,,
"Jul 18, 10:55 am",72,61,69,WSW,13,10,,CLR,,29.87,30.01,,,,,,,
"Jul 18, 10:53 am",71,60,68,WSW,13,9,,FEW015 FEW120 SCT160,1016,29.87,30.01,,,,71,64,,
"Jul 18, 10:50 am",70,61,73,SW,10,9,,FEW015 FEW120,,29.87,30.01,,,,,,,
"Jul 18, 10:45 am",72,61,69,WSW,10G17,10,,CLR,,29.87,30.01,,,,,,,
"Jul 18, 10:40 am",72,61,69,SW,12,10,,CLR,,29.86,30,,,,,,,
"Jul 18, 10:35 am",72,61,69,WSW,9,10,,CLR,,29.86,30,,,,,,,
"Jul 18, 10:30 am",72,61,69,WSW,10,10,,CLR,,29.86,30,,,,,,,
"Jul 18, 10:25 am",70,61,73,WSW,12,10,,CLR,,29.86,30,,,,,,,
"Jul 18, 10:20 am",72,61,69,WSW,12,10,,CLR,,29.86,30,,,,,,,
"Jul 18, 10:15 am",70,61,73,WSW,9,10,,CLR,,29.86,30,,,,,,,
"Jul 18, 10:10 am",70,61,73,WSW,9,10,,CLR,,29.86,30,,,,,,,
"Jul 18, 10:05 am",70,61,73,W,12,10,,CLR,,29.86,30,,,,,,,
"Jul 18, 10:00 am",70,61,73,WSW,9,10,,CLR,,29.86,30,,,,,,,
"Jul 18, 9:55 am",70,61,73,W,8,10,,CLR,,29.86,30,,,,,,,
"Jul 18, 9:53 am",70,61,73,W,10,8,,FEW014 FEW100 SCT150,1015.8,29.86,30,,,,,,,
"Jul 18, 9:50 am",70,61,73,W,9,8,,FEW014 FEW100,,29.86,30,,,,,,,
"Jul 18, 9:45 am",70,61,73,W,10,10,,CLR,,29.86,30,,,,,,,
"Jul 18, 9:40 am",70,61,73,WSW,10,10,,CLR,,29.86,30,,,,,,,
"Jul 18, 9:35 am",70,61,73,W,9,10,,CLR,,29.86,30,,,,,,,
"Jul 18, 9:30 am",70,61,73,WSW,10,10,,CLR,,29.86,30,,,,,,,
"Jul 18, 9:25 am",70,61,73,WSW,9,10,,CLR,,29.86,30,,,,,,,
"Jul 18, 9:20 am",70,61,73,W,7,10,,CLR,,29.86,30,,,,,,,
"Jul 18, 9:15 am",70,61,73,SW,7,10,,CLR,,29.86,30,,,,,,,
"Jul 18, 9:10 am",68,61,78,W,6,10,,CLR,,29.86,30,,,,,,,
"Jul 18, 9:05 am",70,61,73,SW,7,10,,CLR,,29.86,30,,,,,,,
"Jul 18, 9:00 am",70,61,73,WSW,7,10,,CLR,,29.86,30,,,,,,,
"Jul 18, 8:55 am",70,61,73,SSW,7,10,,CLR,,29.86,30,,,,,,,
"Jul 18, 8:53 am",69,60,73,SSW,3,8,,FEW012 SCT100 SCT140,1015.7,29.86,30,,,,,,,
"Jul 18, 8:50 am",70,61,73,SSW,3G20,8,,FEW012 SCT100,,29.86,30,,,,,,,
"Jul 18, 8:45 am",68,61,78,SSW,3G20,10,,CLR,,29.85,29.99,,,,,,,
"Jul 18, 8:40 am",68,61,78,SSW,3G20,10,,CLR,,29.85,29.99,,,,,,,
"Jul 18, 8:35 am",70,61,73,SSW,3G20,10,,CLR,,29.85,29.99,,,,,,,
"Jul 18, 8:30 am",68,59,73,SSW,3G20,10,,CLR,,29.85,29.99,,,,,,,
"Jul 18, 8:25 am",68,61,78,W,5,10,,CLR,,29.85,29.99,,,,,,,
"Jul 18, 8:20 am",68,61,78,N,0,10,,CLR,,29.85,29.99,,,,,,,
"Jul 18, 8:15 am",66,59,78,N,0,10,,CLR,,29.85,29.99,,,,,,,
"Jul 18, 8:10 am",66,61,83,NW,5,10,,CLR,,29.85,29.99,,,,,,,
"Jul 18, 8:05 am",66,59,78,N,0,10,,CLR,,29.85,29.99,,,,,,,
"Jul 18, 8:00 am",66,59,78,N,0,10,,CLR,,29.85,29.99,,,,,,,
"Jul 18, 7:55 am",66,61,83,N,0,10,,CLR,,29.85,29.99,,,,,,,
"Jul 18, 7:53 am",66,60,81,N,0,8,,FEW012 SCT100 BKN140,1015.4,29.85,29.99,,,,,,,
"Jul 18, 7:50 am",66,61,83,N,0,8,,FEW012 SCT100,,29.85,29.99,,,,,,,
"Jul 18, 7:45 am",66,59,78,N,0,10,,CLR,,29.85,29.99,,,,,,,
"Jul 18, 7:40 am",66,61,83,N,0,10,,CLR,,29.85,29.99,,,,,,,
"Jul 18, 7:35 am",66,61,83,NW,3,10,,CLR,,29.85,29.99,,,,,,,
"Jul 18, 7:30 am",66,59,78,N,0,10,,CLR,,29.85,29.99,,,,,,,
"Jul 18, 7:25 am",64,59,83,NW,3,10,,CLR,,29.85,29.99,,,,,,,
"Jul 18, 7:20 am",64,59,83,NNW,3,10,,CLR,,29.85,29.99,,,,,,,
"Jul 18, 7:15 am",64,59,83,NW,5,10,,CLR,,29.85,29.99,,,,,,,
"Jul 18, 7:10 am",64,61,88,WNW,6,10,,CLR,,29.85,29.99,,,,,,,
"Jul 18, 7:05 am",64,59,83,NW,3,10,,CLR,,29.85,29.99,,,,,,,
"Jul 18, 7:00 am",64,59,83,NW,5,10,,CLR,,29.84,29.98,,,,,,,
"Jul 18, 6:55 am",64,59,83,,,10,,CLR,,29.84,29.98,,,,,,,
"Jul 18, 6:53 am",65,59,81,WNW,8,8,,SCT011 SCT100 BKN140,1015.1,29.84,29.98,,,,,,,
"Jul 18, 6:50 am",64,61,88,,,8,,SCT011 SCT100,,29.84,29.98,,,,,,,
"Jul 18, 6:45 am",64,59,83,NW,5,8,,SCT011 SCT100,,29.84,29.98,,,,,,,
"Jul 18, 6:40 am",64,59,83,NW,6,10,,SCT011 BKN100,,29.84,29.98,,,,,,,
"Jul 18, 6:35 am",64,59,83,NNW,7,10,,SCT011 BKN100,,29.84,29.98,,,,,,,
"Jul 18, 6:30 am",64,61,88,NW,6,10,,SCT011 BKN100,,29.84,29.98,,,,,,,
"Jul 18, 6:25 am",64,59,83,NNW,5,10,,SCT011 BKN100,,29.84,29.98,,,,,,,
"Jul 18, 6:20 am",64,59,83,NNW,5,10,,SCT011 BKN100,,29.84,29.98,,,,,,,
"Jul 18, 6:15 am",64,61,88,NNW,3,10,,SCT011 BKN100,,29.84,29.98,,,,,,,
"Jul 18, 6:10 am",64,59,83,NNW,3,10,,SCT011 BKN100,,29.84,29.98,,,,,,,
"Jul 18, 6:05 am",64,61,88,N,0,10,,SCT011 BKN100,,29.84,29.98,,,,,,,
"Jul 18, 6:00 am",64,59,83,N,0,10,,SCT011 BKN100,,29.84,29.98,,,,,,,
"Jul 18, 5:55 am",64,59,83,N,0,10,,SCT011 BKN100,,29.84,29.98,,,,,,,
"Jul 18, 5:53 am",64,59,84,N,0,10,,SCT011 BKN100 BKN150,1014.8,29.84,29.98,,,,,,,
"Jul 18, 5:50 am",64,59,83,NW,3,10,,SCT011 BKN100,,29.84,29.98,,,,,,,
"Jul 18, 5:45 am",64,59,83,NNW,5,10,,SCT011 BKN100,,29.83,29.97,,,,,,,
"Jul 18, 5:43 am",64,59,84,NW,5,10,,SCT011 BKN100 BKN150,,29.83,29.97,,,,,,,
"Jul 18, 5:40 am",64,59,83,WNW,5,10,,BKN011 BKN100,,29.83,29.97,,,,,,,
"Jul 18, 5:35 am",64,59,83,NNW,5,10,,BKN011 BKN100,,29.83,29.97,,,,,,,
"Jul 18, 5:30 am",64,59,83,NNW,5,10,,BKN011 BKN060,,29.83,29.97,,,,,,,
"Jul 18, 5:25 am",64,59,83,NNW,5,10,,BKN011 BKN060,,29.82,29.96,,,,,,,
"Jul 18, 5:20 am",64,59,83,NNW,5,10,,BKN011 BKN080,,29.82,29.96,,,,,,,
"Jul 18, 5:15 am",64,59,83,NNW,6,10,,BKN011 BKN080,,29.82,29.96,,,,,,,
"Jul 18, 5:10 am",64,59,83,NNW,5,10,,BKN012 BKN080,,29.82,29.96,,,,,,,
"Jul 18, 5:05 am",64,59,83,N,5,10,,BKN012 BKN080,,29.82,29.96,,,,,,,
"Jul 18, 5:00 am",64,59,83,NW,3,10,,BKN012 BKN080,,29.82,29.96,,,,,,,
"Jul 18, 4:55 am",64,59,83,WNW,5,10,,BKN012 BKN080,,29.82,29.96,,,,,,,
"Jul 18, 4:53 am",64,59,84,NW,6,10,,BKN011 BKN080 BKN250,1014.3,29.82,29.96,,,,65,64,,
"Jul 18, 4:50 am",64,59,83,NNW,5,10,,BKN011 BKN070,,29.82,29.96,,,,,,,
"Jul 18, 4:45 am",64,59,83,NNW,5,10,,BKN011,,29.82,29.96,,,,,,,
"Jul 18, 4:40 am",64,59,83,NNW,5,10,,BKN011,,29.82,29.96,,,,,,,
"Jul 18, 4:35 am",64,59,83,N,0,10,,BKN011,,29.82,29.96,,,,,,,
"Jul 18, 4:30 am",64,59,83,N,0,10,,BKN011,,29.82,29.96,,,,,,,
"Jul 18, 4:25 am",64,59,83,N,0,10,,BKN011,,29.82,29.96,,,,,,,
"Jul 18, 4:20 am",64,59,83,N,0,10,,BKN011,,29.82,29.96,,,,,,,
"Jul 18, 4:15 am",64,59,83,N,0,10,,BKN011,,29.82,29.96,,,,,,,
"Jul 18, 4:10 am",64,59,83,N,0,10,,BKN011,,29.82,29.96,,,,,,,
"Jul 18, 4:05 am",64,59,83,N,3,10,,BKN011,,29.81,29.95,,,,,,,
"Jul 18, 4:00 am",64,59,83,N,0,10,,BKN011,,29.81,29.95,,,,,,,
"Jul 18, 3:55 am",64,59,83,NW,3,10,,BKN011,,29.81,29.95,,,,,,,
"Jul 18, 3:53 am",64,59,84,WNW,3,10,,BKN012,1014,29.81,29.95,,,,,,,
"Jul 18, 3:50 am",64,59,83,WNW,3,10,,BKN012,,29.81,29.95,,,,,,,
"Jul 18, 3:45 am",64,59,83,N,0,10,,BKN012,,29.81,29.95,,,,,,,
"Jul 18, 3:40 am",64,59,83,WNW,3,10,,BKN012,,29.81,29.95,,,,,,,
"Jul 18, 3:35 am",64,59,83,WNW,3,10,,BKN012,,29.81,29.95,,,,,,,
"Jul 18, 3:30 am",64,59,83,NW,5,10,,BKN012,,29.81,29.95,,,,,,,
"Jul 18, 3:25 am",64,59,83,NW,5,10,,BKN012,,29.81,29.95,,,,,,,
"Jul 18, 3:20 am",64,59,83,N,0,10,,BKN012,,29.81,29.95,,,,,,,
"Jul 18, 3:15 am",64,59,83,NW,5,10,,BKN012,,29.81,29.95,,,,,,,
"Jul 18, 3:10 am",64,59,83,NNW,5,10,,BKN012,,29.81,29.95,,,,,,,
"Jul 18, 3:05 am",64,59,83,NNW,5,10,,BKN012,,29.81,29.95,,,,,,,
"Jul 18, 3:00 am",64,59,83,NNW,5,10,,BKN011,,29.81,29.95,,,,,,,
"Jul 18, 2:55 am",64,59,83,NW,5,10,,BKN011,,29.81,29.95,,,,,,,
"Jul 18, 2:53 am",64,59,84,NW,5,10,,BKN012,1013.8,29.81,29.95,,,,,,,
"Jul 18, 2:50 am",64,59,83,NW,5,10,,BKN012,,29.8,29.94,,,,,,,
"Jul 18, 2:45 am",64,59,83,NW,6,10,,BKN012,,29.8,29.94,,,,,,,
"Jul 18, 2:40 am",64,59,83,NW,5,10,,BKN012,,29.8,29.94,,,,,,,
"Jul 18, 2:35 am",64,59,83,NNW,5,10,,BKN012,,29.81,29.95,,,,,,,
"Jul 18, 2:30 am",64,59,83,NW,6,10,,BKN012,,29.81,29.95,,,,,,,
"Jul 18, 2:25 am",64,59,83,NW,6,10,,BKN012,,29.81,29.95,,,,,,,
"Jul 18, 2:20 am",64,59,83,W,5,10,,BKN012,,29.8,29.94,,,,,,,
"Jul 18, 2:15 am",64,59,83,WNW,5,10,,BKN012,,29.81,29.95,,,,,,,
"Jul 18, 2:10 am",64,59,83,W,5,10,,BKN012,,29.81,29.95,,,,,,,
"Jul 18, 2:05 am",64,59,83,W,5,10,,BKN012,,29.81,29.95,,,,,,,
"Jul 18, 2:00 am",64,59,83,W,6,10,,BKN012,,29.81,29.95,,,,,,,
"Jul 18, 1:55 am",64,59,83,W,6,10,,BKN012,,29.81,29.95,,,,,,,
"Jul 18, 1:53 am",64,59,84,W,6,10,,BKN011 BKN024,1013.9,29.81,29.95,,,,,,,
"Jul 18, 1:50 am",64,59,83,W,6,10,,BKN011 OVC024,,29.81,29.95,,,,,,,
"Jul 18, 1:45 am",64,59,83,W,5,10,,BKN011 OVC024,,29.81,29.95,,,,,,,
"Jul 18, 1:40 am",64,59,83,WSW,5,10,,BKN011 OVC024,,29.81,29.95,,,,,,,
"Jul 18, 1:35 am",64,59,83,W,3,10,,BKN011 OVC024,,29.81,29.95,,,,,,,
"Jul 18, 1:30 am",64,61,88,W,5,10,,BKN011 OVC024,,29.81,29.95,,,,,,,
"Jul 18, 1:25 am",64,61,88,WSW,6,10,,BKN011 OVC024,,29.81,29.95,,,,,,,
"Jul 18, 1:20 am",64,61,88,N,0,10,,BKN011 OVC024,,29.81,29.95,,,,,,,
"Jul 18, 1:15 am",64,61,88,WSW,6,10,,BKN011 OVC024,,29.81,29.95,,,,,,,
"Jul 18, 1:10 am",64,61,88,W,7,10,,BKN011 OVC024,,29.82,29.96,,,,,,,
"Jul 18, 1:05 am",64,61,88,WSW,6,10,,OVC012,,29.82,29.96,,,,,,,
"Jul 18, 1:00 am",64,61,88,W,7,10,,OVC011,,29.82,29.96,,,,,,,
"Jul 18, 12:55 am",64,61,88,W,7,10,,OVC011,,29.82,29.96,,,,,,,
"Jul 18, 12:53 am",65,60,84,W,9,10,,BKN012 BKN024,1014.1,29.82,29.96,,,,,,73,63
"Jul 18, 12:50 am",64,61,88,WNW,7,10,,BKN012 BKN024,,29.82,29.96,,,,,,,
"Jul 18, 12:45 am",64,61,88,WNW,7,10,,BKN012 BKN024,,29.82,29.96,,,,,,,
"Jul 18, 12:40 am",64,61,88,W,9,10,,BKN012 BKN024,,29.82,29.96,,,,,,,
"Jul 18, 12:35 am",64,61,88,WNW,10,10,,BKN012 BKN024,,29.82,29.96,,,,,,,
"Jul 18, 12:30 am",64,61,88,W,5,10,,BKN012 BKN024,,29.82,29.96,,,,,,,
"Jul 18, 12:25 am",64,61,88,WNW,7,10,,BKN012 BKN024,,29.82,29.96,,,,,,,
"Jul 18, 12:20 am",64,61,88,WNW,6,10,,BKN012 BKN024,,29.82,29.96,,,,,,,
"Jul 18, 12:15 am",64,61,88,W,7,10,,BKN012 BKN024,,29.81,29.95,,,,,,,
"Jul 18, 12:10 am",64,61,88,W,9,10,,BKN012 BKN024,,29.81,29.95,,,,,,,
"Jul 18, 12:05 am",64,61,88,WSW,7,10,,BKN012 BKN024,,29.82,29.96,,,,,,,
"Jul 18, 12:00 am",64,61,88,W,7,10,,BKN012 BKN024,,29.81,29.95,,,,,,,
"Jul 17, 11:55 pm",64,61,88,W,8,10,,BKN012 BKN024,,29.81,29.95,,,,,,,
"Jul 17, 11:53 pm",65,60,84,W,6,10,,BKN012 BKN024,1014,29.81,29.95,,,,,,,
"Jul 17, 11:50 pm",64,61,88,W,7,10,,BKN011 BKN024,,29.81,29.95,,,,,,,
"Jul 17, 11:45 pm",64,61,88,W,7,10,,BKN011 BKN024,,29.81,29.95,,,,,,,
"Jul 17, 11:40 pm",64,61,88,WSW,8,10,,BKN012,,29.81,29.95,,,,,,,
"Jul 17, 11:35 pm",64,61,88,WSW,8,10,,BKN012,,29.81,29.95,,,,,,,
"Jul 17, 11:30 pm",64,61,88,W,8,10,,BKN012,,29.81,29.95,,,,,,,
"Jul 17, 11:25 pm",64,61,88,WSW,9,10,,BKN012,,29.81,29.95,,,,,,,
"Jul 17, 11:20 pm",64,61,88,W,7,10,,BKN012,,29.81,29.95,,,,,,,
"Jul 17, 11:15 pm",64,61,88,WSW,6,10,,BKN012,,29.81,29.95,,,,,,,
"Jul 17, 11:10 pm",64,61,88,W,7,10,,BKN012,,29.81,29.95,,,,,,,
"Jul 17, 11:05 pm",64,61,88,W,8,10,,BKN012,,29.81,29.95,,,,,,,
"Jul 17, 11:00 pm",64,61,88,WSW,8,10,,CLR,,29.81,29.95,,,,,,,
"Jul 17, 10:55 pm",64,61,88,WSW,8,10,,BKN012,,29.81,29.95,,,,,,,
"Jul 17, 10:53 pm",65,60,84,W,9,10,,BKN012 BKN150,1014,29.81,29.95,,,,71,65,,
"Jul 17, 10:50 pm",64,61,88,WSW,7,10,,BKN012,,29.81,29.95,,,,,,,
"Jul 17, 10:45 pm",64,61,88,WSW,8,10,,BKN012,,29.81,29.95,,,,,,,
"Jul 17, 10:43 pm",65,60,84,WSW,9,10,,BKN012 BKN150,,29.81,29.95,,,,,,,
"Jul 17, 10:40 pm",64,61,88,WSW,9,10,,FEW012,,29.81,29.95,,,,,,,
"Jul 17, 10:35 pm",64,61,88,W,7,10,,FEW012,,29.81,29.95,,,,,,,
"Jul 17, 10:30 pm",64,61,88,WSW,9,10,,FEW012,,29.81,29.95,,,,,,,
"Jul 17, 10:25 pm",64,61,88,W,7,10,,FEW012,,29.81,29.95,,,,,,,
"Jul 17, 10:20 pm",64,61,88,WSW,9,10,,FEW012,,29.81,29.95,,,,,,,
"Jul 17, 10:15 pm",64,61,88,W,8,10,,FEW012,,29.81,29.95,,,,,,,
"Jul 17, 10:10 pm",64,61,88,W,9,10,,FEW012,,29.81,29.95,,,,,,,
"Jul 17, 10:05 pm",64,61,88,WSW,8,10,,FEW012,,29.81,29.95,,,,,,,
"Jul 17, 10:00 pm",64,61,88,W,9,10,,FEW012,,29.81,29.95,,,,,,,
"Jul 17, 9:55 pm",66,61,83,WSW,9,10,,CLR,,29.81,29.95,,,,,,,
"Jul 17, 9:50 pm",66,61,83,WSW,9,10,,FEW012,,29.81,29.95,,,,,,,
"Jul 17, 9:45 pm",66,61,83,W,10,10,,FEW012,,29.81,29.95,,,,,,,
"Jul 17, 9:40 pm",64,61,88,W,10,10,,FEW012,,29.8,29.94,,,,,,,
"Jul 17, 9:35 pm",66,61,83,W,10,10,,SCT012,,29.8,29.94,,,,,,,
"Jul 17, 9:30 pm",64,61,88,WSW,10,10,,BKN012,,29.8,29.94,,,,,,,
"Jul 17, 9:25 pm",64,61,88,WSW,10,10,,OVC012,,29.8,29.94,,,,,,,
"Jul 17, 9:20 pm",64,61,88,SW,8,10,,SCT011,,29.8,29.94,,,,,,,
"Jul 17, 9:15 pm",66,61,83,WSW,9,10,,SCT011,,29.8,29.94,,,,,,,
"Jul 17, 9:10 pm",66,61,83,W,10,10,,SCT011,,29.8,29.94,,,,,,,
"Jul 17, 9:05 pm",66,61,83,W,10,10,,SCT011,,29.8,29.94,,,,,,,
"Jul 17, 9:00 pm",66,61,83,W,10,10,,SCT011,,29.8,29.94,,,,,,,
"Jul 17, 8:55 pm",66,61,83,W,12,10,,SCT011,,29.79,29.93,,,,,,,
"Jul 17, 8:53 pm",66,60,81,W,12,10,,SCT011 SCT150,1013.4,29.79,29.93,,,,,,,
"Jul 17, 8:50 pm",66,61,83,W,10,10,,SCT011,,29.79,29.93,,,,,,,
"Jul 17, 8:45 pm",66,61,83,W,12,10,,SCT011,,29.79,29.93,,,,,,,
"Jul 17, 8:40 pm",66,61,83,W,12,10,,SCT011,,29.79,29.93,,,,,,,
"Jul 17, 8:37 pm",66,60,81,W,12,10,,SCT011 SCT150,,29.79,29.93,,,,,,,
"Jul 17, 8:35 pm",66,61,83,W,9,10,,BKN011,,29.79,29.93,,,,,,,
"Jul 17, 8:30 pm",66,61,83,W,10,10,,BKN011,,29.79,29.93,,,,,,,
"Jul 17, 8:25 pm",66,61,83,W,12,10,,BKN011,,29.79,29.92,,,,,,,
"Jul 17, 8:20 pm",66,61,83,W,10,10,,BKN011,,29.79,29.92,,,,,,,
"Jul 17, 8:15 pm",66,61,83,W,12,10,,BKN011,,29.79,29.92,,,,,,,
"Jul 17, 8:10 pm",66,61,83,W,12,10,,BKN011,,29.79,29.92,,,,,,,
"Jul 17, 8:05 pm",66,61,83,W,9,10,,SCT011,,29.79,29.92,,,,,,,
"Jul 17, 8:00 pm",66,61,83,WSW,12,10,,FEW010,,29.79,29.92,,,,,,,
"Jul 17, 7:55 pm",66,61,83,W,13,10,,FEW011,,29.78,29.91,,,,,,,
"Jul 17, 7:50 pm",66,61,83,W,9,10,,SCT011,,29.79,29.92,,,,,,,
"Jul 17, 7:45 pm",66,61,83,WSW,13,10,,SCT011,,29.79,29.92,,,,,,,
"Jul 17, 7:40 pm",66,61,83,WSW,13,10,,CLR,,29.78,29.91,,,,,,,
"Jul 17, 7:35 pm",66,61,83,WSW,14,10,,CLR,,29.78,29.91,,,,,,,
"Jul 17, 7:30 pm",66,61,83,W,13,10,,CLR,,29.78,29.91,,,,,,,
"Jul 17, 7:25 pm",66,61,83,W,13,10,,CLR,,29.78,29.91,,,,,,,
"Jul 17, 7:20 pm",66,61,83,WSW,15,10,,CLR,,29.78,29.91,,,,,,,
"Jul 17, 7:15 pm",66,61,83,W,15,10,,FEW011,,29.77,29.9,,,,,,,
"Jul 17, 7:10 pm",66,61,83,W,13G18,10,,FEW011,,29.77,29.9,,,,,,,
"Jul 17, 7:05 pm",66,61,83,WSW,12,10,,FEW011,,29.77,29.9,,,,,,,
"Jul 17, 7:00 pm",66,61,83,WSW,10,10,,FEW011,,29.77,29.9,,,,,,,
"Jul 17, 6:55 pm",66,61,83,W,13,10,,FEW011,,29.77,29.9,,,,,,,
"Jul 17, 6:53 pm",67,61,81,W,14,10,,FEW011 FEW150,1012.4,29.77,29.9,,,,,,,
"Jul 17, 6:50 pm",66,61,83,WSW,14,10,,FEW015,,29.77,29.9,,,,,,,
"Jul 17, 6:45 pm",68,61,78,WSW,13,10,,CLR,,29.77,29.9,,,,,,,
"Jul 17, 6:40 pm",68,61,78,WSW,12,10,,CLR,,29.77,29.9,,,,,,,
"Jul 17, 6:35 pm",68,61,78,W,15,10,,CLR,,29.77,29.9,,,,,,,
"Jul 17, 6:30 pm",68,61,78,WSW,15,10,,FEW015,,29.76,29.89,,,,,,,
"Jul 17, 6:25 pm",70,61,73,W,16,10,,FEW015,,29.76,29.89,,,,,,,
"Jul 17, 6:20 pm",70,61,73,WSW,14,10,,FEW015,,29.76,29.89,,,,,,,
"Jul 17, 6:15 pm",70,61,73,WSW,15,10,,FEW015,,29.76,29.89,,,,,,,
"Jul 17, 6:10 pm",70,61,73,WSW,15,10,,FEW015,,29.76,29.89,,,,,,,
"Jul 17, 6:05 pm",70,61,73,WSW,15,10,,FEW015,,29.76,29.89,,,,,,,
"Jul 17, 6:00 pm",70,61,73,WSW,15G21,10,,FEW015,,29.76,29.89,,,,,,,
"Jul 17, 5:55 pm",70,61,73,WSW,16,10,,FEW015,,29.77,29.9,,,,,,,
"Jul 17, 5:53 pm",70,60,71,WSW,14,10,,FEW015 SCT150,1012.3,29.77,29.9,,,,,,,
"Jul 17, 5:50 pm",70,61,73,WSW,13,10,,CLR,,29.77,29.9,,,,,,,
"Jul 17, 5:45 pm",70,61,73,W,17,10,,CLR,,29.77,29.9,,,,,,,
"Jul 17, 5:40 pm",70,61,73,WSW,16,10,,CLR,,29.77,29.9,,,,,,,
"Jul 17, 5:35 pm",70,61,73,WSW,16,10,,CLR,,29.77,29.9,,,,,,,
"Jul 17, 5:30 pm",70,61,73,WSW,16,10,,CLR,,29.77,29.9,,,,,,,
"Jul 17, 5:25 pm",70,61,73,WSW,17,10,,CLR,,29.77,29.9,,,,,,,
"Jul 17, 5:20 pm",70,61,73,SW,14G21,10,,CLR,,29.77,29.9,,,,,,,
"Jul 17, 5:15 pm",70,61,73,WSW,15,10,,CLR,,29.77,29.9,,,,,,,
"Jul 17, 5:10 pm",72,61,69,WSW,16,10,,CLR,,29.77,29.9,,,,,,,
"Jul 17, 5:05 pm",72,61,69,W,15,10,,CLR,,29.77,29.9,,,,,,,
"Jul 17, 5:00 pm",72,61,69,WSW,14,10,,CLR,,29.77,29.9,,,,,,,
"Jul 17, 4:55 pm",72,61,69,W,15,10,,CLR,,29.77,29.9,,,,,,,
"Jul 17, 4:53 pm",71,60,68,WSW,15,10,,FEW015 FEW150,1012.4,29.77,29.9,,,,73,70,,
"Jul 17, 4:50 pm",72,61,69,WSW,15,10,,FEW015,,29.77,29.9,,,,,,,
"Jul 17, 4:45 pm",72,61,69,W,16,10,,CLR,,29.77,29.9,,,,,,,
"Jul 17, 4:40 pm",72,61,69,WSW,16,10,,CLR,,29.77,29.9,,,,,,,
"Jul 17, 4:35 pm",72,61,69,W,17,10,,CLR,,29.77,29.9,,,,,,,
"Jul 17, 4:30 pm",72,61,69,W,18,10,,CLR,,29.77,29.9,,,,,,,
"Jul 17, 4:25 pm",72,61,69,W,18,10,,CLR,,29.77,29.9,,,,,,,
"Jul 17, 4:20 pm",72,61,69,WSW,18,10,,CLR,,29.77,29.9,,,,,,,
"Jul 17, 4:15 pm",72,61,69,WSW,18,10,,CLR,,29.77,29.9,,,,,,,
"Jul 17, 4:10 pm",72,61,69,W,18,10,,CLR,,29.78,29.91,,,,,,,
"Jul 17, 4:05 pm",72,61,69,W,17,10,,CLR,,29.78,29.91,,,,,,,
"Jul 17, 4:00 pm",72,61,69,W,18,10,,CLR,,29.78,29.91,,,,,,,
"Jul 17, 3:55 pm",72,61,69,WSW,17,10,,CLR,,29.78,29.91,,,,,,,
"Jul 17, 3:53 pm",72,60,66,WSW,16,10,,FEW015 FEW090 SCT150,1012.8,29.78,29.91,,,,,,,
"Jul 17, 3:50 pm",72,61,69,WSW,16G22,10,,FEW015 FEW090,,29.78,29.91,,,,,,,
"Jul 17, 3:45 pm",72,61,69,WSW,16,10,,CLR,,29.79,29.92,,,,,,,
"Jul 17, 3:40 pm",72,61,69,WSW,17G24,10,,CLR,,29.79,29.92,,,,,,,
"Jul 17, 3:35 pm",73,61,65,WSW,17,10,,CLR,,29.78,29.91,,,,,,,
"Jul 17, 3:30 pm",72,61,69,WSW,15G21,10,,CLR,,29.79,29.92,,,,,,,
"Jul 17, 3:25 pm",72,61,69,WSW,15,10,,CLR,,29.79,29.92,,,,,,,
"Jul 17, 3:20 pm",72,61,69,WSW,14,10,,CLR,,29.79,29.92,,,,,,,
"Jul 17, 3:15 pm",72,61,69,WSW,13,10,,CLR,,29.79,29.92,,,,,,,
"Jul 17, 3:10 pm",72,61,69,WSW,14,10,,CLR,,29.79,29.92,,,,,,,
"Jul 17, 3:05 pm",72,61,69,W,14,10,,CLR,,29.79,29.92,,,,,,,
"Jul 17, 3:00 pm",73,61,65,W,15,10,,CLR,,29.79,29.92,,,,,,,
"Jul 17, 2:55 pm",72,61,69,WSW,15,10,,CLR,,29.79,29.92,,,,,,,
"Jul 17, 2:53 pm",72,60,66,WSW,15,10,,FEW090 FEW150,1013.1,29.79,29.92,,,,,,,
"Jul 17, 2:50 pm",72,61,69,WSW,15,10,,FEW090,,29.79,29.92,,,,,,,
"Jul 17, 2:45 pm",72,61,69,WSW,14G20,10,,CLR,,29.79,29.93,,,,,,,
"Jul 17, 2:40 pm",72,59,65,WSW,14,10,,CLR,,29.79,29.93,,,,,,,
"Jul 17, 2:35 pm",72,59,65,WSW,14,10,,CLR,,29.79,29.93,,,,,,,
"Jul 17, 2:30 pm",72,59,65,WSW,14,10,,CLR,,29.79,29.93,,,,,,,
"Jul 17, 2:25 pm",72,59,65,W,15,10,,CLR,,29.79,29.93,,,,,,,
"Jul 17, 2:20 pm",73,59,61,WSW,15,10,,CLR,,29.79,29.93,,,,,,,
"Jul 17, 2:15 pm",72,59,65,WSW,15,10,,CLR,,29.79,29.93,,,,,,,
"Jul 17, 2:10 pm",72,59,65,W,15,10,,CLR,,29.79,29.93,,,,,,,
"Jul 17, 2:05 pm",72,59,65,WSW,15,10,,CLR,,29.8,29.94,,,,,,,
"Jul 17, 2:00 pm",72,61,69,W,15,10,,CLR,,29.8,29.94,,,,,,,
"Jul 17, 1:55 pm",73,59,61,WSW,15,10,,CLR,,29.8,29.94,,,,,,,
"Jul 17, 1:53 pm",73,59,61,W,14,10,,FEW018 FEW040 SCT160,1013.5,29.8,29.94,,,,,,,
"Jul 17, 1:50 pm",72,59,65,WSW,14,10,,FEW018 FEW040,,29.8,29.94,,,,,,,
"Jul 17, 1:45 pm",72,59,65,WSW,14,10,,FEW018 FEW040,,29.8,29.94,,,,,,,
"Jul 17, 1:40 pm",72,59,65,WSW,13,10,,CLR,,29.8,29.94,,,,,,,
"Jul 17, 1:35 pm",73,59,61,WSW,14,10,,CLR,,29.8,29.94,,,,,,,
"Jul 17, 1:30 pm",72,59,65,WSW,13,10,,CLR,,29.81,29.95,,,,,,,
"Jul 17, 1:25 pm",72,59,65,W,13G18,10,,CLR,,29.8,29.94,,,,,,,
"Jul 17, 1:20 pm",72,61,69,W,14,10,,CLR,,29.81,29.95,,,,,,,
"Jul 17, 1:15 pm",72,59,65,WSW,13,10,,CLR,,29.81,29.95,,,,,,,
"Jul 17, 1:10 pm",72,59,65,W,14,10,,CLR,,29.81,29.95,,,,,,,
"Jul 17, 1:05 pm",72,59,65,W,12,10,,CLR,,29.81,29.95,,,,,,,
"Jul 17, 1:00 pm",72,59,65,W,14,10,,CLR,,29.82,29.96,,,,,,,
"Jul 17, 12:55 pm",72,59,65,WSW,10,10,,CLR,,29.82,29.96,,,,,,,
"Jul 17, 12:53 pm",72,59,64,WSW,10,10,,FEW017 FEW035 SCT160,1014.4,29.82,29.96,,,,,,,
"Jul 17, 12:50 pm",72,59,65,WSW,12,10,,FEW017 FEW035,,29.82,29.96,,,,,,,
"Jul 17, 12:45 pm",72,59,65,WSW,12G17,10,,CLR,,29.82,29.96,,,,,,,
"Jul 17, 12:40 pm",72,61,69,WSW,10G16,10,,CLR,,29.82,29.96,,,,,,,
"Jul 17, 12:35 pm",72,61,69,WSW,10,10,,CLR,,29.82,29.96,,,,,,,
"Jul 17, 12:30 pm",72,61,69,WSW,12,10,,CLR,,29.82,29.96,,,,,,,
"Jul 17, 12:25 pm",72,61,69,W,10G16,10,,CLR,,29.82,29.96,,,,,,,
"Jul 17, 12:20 pm",72,61,69,W,12,10,,CLR,,29.82,29.96,,,,,,,
"Jul 17, 12:15 pm",72,59,65,W,10,10,,CLR,,29.82,29.96,,,,,,,
"Jul 17, 12:10 pm",72,61,69,WSW,12G17,10,,CLR,,29.82,29.96,,,,,,,
"Jul 17, 12:05 pm",72,61,69,WSW,10,10,,CLR,,29.82,29.96,,,,,,,
"Jul 17, 12:00 pm",72,59,65,W,13,10,,CLR,,29.82,29.96,,,,,,,
"Jul 17, 11:55 am",72,59,65,WSW,10,10,,CLR,,29.82,29.96,,,,,,,
"Jul 17, 11:53 am",72,59,64,WSW,13,10,,FEW014 FEW028 SCT150,1014.3,29.82,29.96,,,,,,,
"Jul 17, 11:50 am",72,59,65,WSW,12,10,,FEW014 FEW028,,29.82,29.96,,,,,,,
"Jul 17, 11:45 am",72,59,65,WSW,13,9,,CLR,,29.82,29.96,,,,,,,
"Jul 17, 11:40 am",72,59,65,W,10,9,,CLR,,29.82,29.96,,,,,,,
"Jul 17, 11:35 am",72,59,65,W,10G16,10,,CLR,,29.82,29.96,,,,,,,
"Jul 17, 11:30 am",70,59,69,W,9,10,,CLR,,29.82,29.96,,,,,,,
"Jul 17, 11:25 am",72,59,65,WSW,10,10,,CLR,,29.82,29.96,,,,,,,
"Jul 17, 11:20 am",72,59,65,W,10,10,,CLR,,29.82,29.96,,,,,,,
"Jul 17, 11:15 am",70,59,69,W,9,10,,CLR,,29.82,29.96,,,,,,,
"Jul 17, 11:10 am",72,59,65,W,8,10,,CLR,,29.83,29.97,,,,,,,
"Jul 17, 11:05 am",72,59,65,W,9,10,,CLR,,29.83,29.97,,,,,,,
"Jul 17, 11:00 am",72,59,65,W,10,10,,CLR,,29.82,29.96,,,,,,,
"Jul 17, 10:55 am",70,59,69,W,9,10,,CLR,,29.83,29.97,,,,,,,
"Jul 17, 10:53 am",70,59,68,WSW,9,10,,FEW012 FEW025 SCT140,1014.5,29.82,29.96,,,,70,63,,
"Jul 17, 10:50 am",70,59,69,W,9,10,,FEW012 FEW025,,29.82,29.96,,,,,,,
"Jul 17, 10:45 am",70,59,69,SW,8,10,,CLR,,29.83,29.97,,,,,,,
"Jul 17, 10:40 am",70,59,69,SW,7,10,,CLR,,29.83,29.97,,,,,,,
"Jul 17, 10:35 am",70,59,69,SW,3,10,,CLR,,29.83,29.97,,,,,,,
"Jul 17, 10:30 am",70,59,69,SW,6,10,,CLR,,29.83,29.97,,,,,,,
"Jul 17, 10:25 am",70,59,69,WSW,9,10,,CLR,,29.82,29.96,,,,,,,
"Jul 17, 10:20 am",70,59,69,W,10,10,,CLR,,29.82,29.96,,,,,,,
"Jul 17, 10:15 am",70,59,69,W,8,10,,CLR,,29.82,29.96,,,,,,,
"Jul 17, 10:10 am",70,59,69,W,9,10,,CLR,,29.82,29.96,,,,,,,
"Jul 17, 10:05 am",70,59,69,W,10,10,,CLR,,29.82,29.96,,,,,,,
"Jul 17, 10:00 am",70,59,69,W,9,10,,CLR,,29.82,29.96,,,,,,,
"Jul 17, 9:55 am",70,61,73,W,7,10,,CLR,,29.82,29.96,,,,,,,
"Jul 17, 9:53 am",69,59,70,W,8,9,,FEW011 FEW018 SCT140,1014.3,29.82,29.96,,,,,,,
"Jul 17, 9:50 am",70,59,69,W,7,9,,FEW011 FEW018,,29.82,29.96,,,,,,,
"Jul 17, 9:45 am",70,59,69,W,8,10,,CLR,,29.82,29.96,,,,,,,
"Jul 17, 9:40 am",70,59,69,W,8,10,,CLR,,29.82,29.96,,,,,,,
"Jul 17, 9:35 am",70,59,69,WSW,8,10,,CLR,,29.82,29.96,,,,,,,
"Jul 17, 9:30 am",68,59,73,WSW,9,10,,CLR,,29.82,29.96,,,,,,,
"Jul 17, 9:25 am",68,59,73,WSW,8,10,,CLR,,29.82,29.96,,,,,,,
"Jul 17, 9:20 am",70,59,69,W,9,10,,CLR,,29.82,29.96,,,,,,,
"Jul 17, 9:15 am",68,59,73,WSW,7,10,,CLR,,29.82,29.96,,,,,,,
"Jul 17, 9:10 am",68,59,73,WSW,8,10,,CLR,,29.82,29.96,,,,,,,
"Jul 17, 9:05 am",68,59,73,W,6,10,,CLR,,29.82,29.96,,,,,,,
"Jul 17, 9:00 am",68,59,73,W,7,10,,CLR,,29.82,29.96,,,,,,,
"Jul 17, 8:55 am",66,59,78,WSW,7,10,,CLR,,29.82,29.96,,,,,,,
"Jul 17, 8:53 am",68,59,73,WSW,7,9,,FEW009 SCT015 SCT140,1014.5,29.82,29.96,,,,,,,
"Jul 17, 8:50 am",66,61,83,WNW,7G20,10,,FEW009 SCT015,,29.82,29.96,,,,,,,
"Jul 17, 8:45 am",66,59,78,WNW,7G20,10,,CLR,,29.83,29.97,,,,,,,
"Jul 17, 8:40 am",66,59,78,WNW,7G20,10,,CLR,,29.83,29.97,,,,,,,
"Jul 17, 8:35 am",66,59,78,WNW,7G20,10,,FEW013,,29.83,29.97,,,,,,,
"Jul 17, 8:30 am",66,59,78,WNW,7G20,10,,FEW013,,29.83,29.97,,,,,,,
"Jul 17, 8:25 am",66,59,78,WNW,7G20,10,,FEW013,,29.82,29.96,,,,,,,
"Jul 17, 8:20 am",66,59,78,WNW,7G20,10,,FEW013,,29.82,29.96,,,,,,,
"Jul 17, 8:15 am",66,59,78,WNW,7G20,10,,FEW013,,29.82,29.96,,,,,,,
"Jul 17, 8:10 am",66,59,78,WNW,7G20,10,,SCT013,,29.82,29.96,,,,,,,
"Jul 17, 8:05 am",66,61,83,WNW,7G20,10,,FEW013,,29.82,29.96,,,,,,,
"Jul 17, 8:00 am",66,59,78,WNW,7G20,10,,FEW012,,29.82,29.96,,,,,,,
"Jul 17, 7:55 am",66,59,78,,,10,,FEW012,,29.82,29.96,,,,,,,
"Jul 17, 7:53 am",66,59,78,WNW,6,9,,FEW007 SCT012 BKN120,1014.4,29.82,29.96,,,,,,,
"Jul 17, 7:50 am",64,59,83,WNW,7,9,,FEW007 SCT012 BKN120,,29.82,29.96,,,,,,,
"Jul 17, 7:45 am",64,59,83,W,5G20,9,,FEW005 SCT011 BKN090,,29.82,29.96,,,,,,,
"Jul 17, 7:40 am",64,59,83,W,5G20,9,,FEW005 SCT011 BKN090,,29.82,29.96,,,,,,,
"Jul 17, 7:35 am",64,59,83,W,5G20,9,,FEW005 SCT011 BKN090,,29.82,29.96,,,,,,,
"Jul 17, 7:30 am",64,59,83,W,5G20,9,,FEW005 SCT011 BKN090,,29.82,29.96,,,,,,,
"Jul 17, 7:25 am",64,59,83,W,5G20,9,,FEW005 SCT011 BKN090,,29.82,29.96,,,,,,,
"Jul 17, 7:20 am",64,59,83,W,5G20,9,,FEW005 SCT011 BKN090,,29.82,29.96,,,,,,,
"Jul 17, 7:15 am",64,59,83,W,5G20,9,,FEW005 SCT011 BKN090,,29.82,29.96,,,,,,,
"Jul 17, 7:10 am",64,59,83,W,5G20,9,,FEW005 SCT011 BKN090,,29.81,29.95,,,,,,,
"Jul 17, 7:05 am",64,59,83,,,9,,FEW005 SCT011 BKN090,,29.81,29.95,,,,,,,
"Jul 17, 7:00 am",64,59,83,W,7,9,,FEW005 SCT011 BKN090,,29.81,29.95,,,,,,,
"Jul 17, 6:55 am",64,59,83,W,6,9,,FEW005 SCT011 BKN090,,29.81,29.95,,,,,,,
"Jul 17, 6:53 am",64,59,84,W,6,9,,FEW005 SCT011 BKN090,1014,29.81,29.95,,,,,,,
"Jul 17, 6:50 am",64,59,83,WNW,6,9,,FEW005 SCT011 BKN090,,29.81,29.95,,,,,,,
"Jul 17, 6:45 am",64,59,83,W,5,10,,SCT011,,29.8,29.94,,,,,,,
"Jul 17, 6:40 am",64,59,83,W,8,10,,SCT011,,29.8,29.94,,,,,,,
"Jul 17, 6:35 am",64,59,83,W,7,10,,SCT011,,29.8,29.94,,,,,,,
"Jul 17, 6:30 am",64,61,88,W,8,10,,SCT011,,29.8,29.94,,,,,,,
"Jul 17, 6:25 am",64,61,88,WNW,6,10,,SCT011,,29.8,29.94,,,,,,,
"Jul 17, 6:20 am",64,61,88,WNW,7,10,,SCT011,,29.8,29.94,,,,,,,
"Jul 17, 6:15 am",64,59,83,WNW,7,10,,SCT011,,29.8,29.94,,,,,,,
"Jul 17, 6:10 am",64,59,83,W,7,10,,SCT011,,29.8,29.94,,,,,,,
"Jul 17, 6:05 am",64,59,83,W,7,10,,FEW011,,29.8,29.94,,,,,,,
"Jul 17, 6:00 am",64,59,83,WNW,7,10,,FEW011,,29.8,29.94,,,,,,,
"Jul 17, 5:55 am",64,59,83,WNW,6,10,,FEW011,,29.79,29.93,,,,,,,
"Jul 17, 5:53 am",64,59,84,WNW,5,10,,FEW009 FEW012 SCT090,1013.4,29.79,29.93,,,,,,,
"Jul 17, 5:50 am",63,59,88,W,6,10,,FEW009 SCT012,,29.79,29.93,,,,,,,
"Jul 17, 5:45 am",63,59,88,W,8,10,,FEW009 SCT012,,29.79,29.93,,,,,,,
"Jul 17, 5:40 am",63,59,88,W,7,10,,FEW009 SCT012,,29.79,29.93,,,,,,,
"Jul 17, 5:35 am",63,59,88,W,8,10,,FEW009 SCT012,,29.79,29.93,,,,,,,
"Jul 17, 5:30 am",64,59,83,W,7,10,,FEW009 SCT012,,29.79,29.93,,,,,,,
"Jul 17, 5:25 am",63,59,88,W,7,10,,FEW009 SCT012,,29.79,29.93,,,,,,,
"Jul 17, 5:20 am",63,59,88,W,8,10,,FEW009 SCT012,,29.79,29.93,,,,,,,
"Jul 17, 5:15 am",63,59,87,W,8,10,,FEW009 SCT012 BKN150,,29.79,29.93,,,,,,,
"Jul 17, 5:10 am",63,59,88,W,8,10,,SCT010 BKN012,,29.79,29.93,,,,,,,
"Jul 17, 5:05 am",63,59,88,W,7,10,,SCT010 BKN012,,29.79,29.93,,,,,,,
"Jul 17, 5:00 am",63,59,88,WNW,7,10,,SCT010 BKN012,,29.79,29.93,,,,,,,
"Jul 17, 4:55 am",63,59,88,W,7,10,,SCT010 BKN012,,29.79,29.92,,,,,,,
"Jul 17, 4:53 am",63,59,87,W,7,10,,BKN011 BKN150,1013.1,29.79,29.92,,,,65,63,,
"Jul 17, 4:50 am",63,59,88,W,7,10,,BKN011,,29.79,29.92,,,,,,,
"Jul 17, 4:45 am",63,59,87,WNW,6,10,,BKN011 BKN150,,29.79,29.92,,,,,,,
"Jul 17, 4:40 am",64,59,83,W,8,10,,FEW012,,29.79,29.92,,,,,,,
"Jul 17, 4:35 am",64,59,83,W,8,10,,FEW012,,29.79,29.92,,,,,,,
"Jul 17, 4:30 am",64,59,83,WNW,8,10,,FEW012,,29.79,29.92,,,,,,,
"Jul 17, 4:25 am",64,59,83,W,6,10,,FEW012,,29.79,29.92,,,,,,,
"Jul 17, 4:20 am",64,59,83,W,9,10,,FEW012,,29.79,29.92,,,,,,,
"Jul 17, 4:15 am",64,59,83,W,9,10,,FEW012,,29.79,29.92,,,,,,,
"Jul 17, 4:10 am",64,59,83,W,8,10,,FEW012,,29.79,29.92,,,,,,,
"Jul 17, 4:05 am",64,59,83,W,7,10,,FEW012,,29.79,29.92,,,,,,,
"Jul 17, 4:00 am",64,59,83,WNW,9,10,,FEW012,,29.79,29.92,,,,,,,
"Jul 17, 3:55 am",64,59,83,W,8,10,,FEW012,,29.79,29.92,,,,,,,
"Jul 17, 3:53 am",64,59,84,W,8,10,,FEW011 BKN150,1012.9,29.79,29.92,,,,,,,
"Jul 17, 3:50 am",64,59,83,W,8,10,,SCT011,,29.79,29.92,,,,,,,
"Jul 17, 3:45 am",64,59,83,W,9,10,,SCT011,,29.79,29.92,,,,,,,
"Jul 17, 3:40 am",64,59,83,W,8,10,,SCT011,,29.79,29.92,,,,,,,
"Jul 17, 3:35 am",64,59,83,W,7,10,,SCT011,,29.79,29.92,,,,,,,
"Jul 17, 3:30 am",64,59,83,W,7,10,,SCT011,,29.79,29.92,,,,,,,
"Jul 17, 3:25 am",64,59,83,W,8,10,,FEW011,,29.79,29.92,,,,,,,
"Jul 17, 3:20 am",64,59,83,WNW,7,10,,FEW011,,29.79,29.92,,,,,,,
"Jul 17, 3:15 am",64,59,83,W,8,10,,FEW011,,29.79,29.92,,,,,,,
"Jul 17, 3:10 am",64,59,83,W,7,10,,FEW011,,29.79,29.92,,,,,,,
"Jul 17, 3:05 am",64,59,83,W,8,10,,FEW012,,29.79,29.92,,,,,,,
"Jul 17, 3:00 am",64,59,83,W,7,10,,FEW012,,29.79,29.93,,,,,,,
"Jul 17, 2:55 am",64,59,83,W,7,10,,FEW012,,29.79,29.93,,,,,,,
"Jul 17, 2:53 am",64,59,84,W,7,10,,SCT012 BKN150,1013.1,29.79,29.93,,,,,,,
"Jul 17, 2:50 am",64,59,83,WNW,8,10,,SCT012,,29.79,29.92,,,,,,,
"Jul 17, 2:45 am",64,59,83,W,8,10,,SCT012,,29.79,29.93,,,,,,,
"Jul 17, 2:40 am",64,59,83,WNW,8,10,,SCT012,,29.79,29.92,,,,,,,
"Jul 17, 2:35 am",64,59,83,WNW,9,10,,SCT012,,29.79,29.93,,,,,,,
"Jul 17, 2:30 am",64,59,83,WNW,7,10,,SCT012,,29.79,29.93,,,,,,,
"Jul 17, 2:25 am",64,59,83,W,8,10,,SCT012,,29.79,29.92,,,,,,,
"Jul 17, 2:20 am",64,59,83,WNW,7,10,,SCT012,,29.79,29.93,,,,,,,
"Jul 17, 2:15 am",64,59,83,W,7,10,,SCT012,,29.79,29.93,,,,,,,
"Jul 17, 2:10 am",64,59,83,W,7,10,,SCT012,,29.79,29.92,,,,,,,
"Jul 17, 2:05 am",64,59,83,W,7,10,,SCT012,,29.79,29.92,,,,,,,
"Jul 17, 2:00 am",64,59,83,W,7,10,,SCT012,,29.79,29.92,,,,,,,
"Jul 17, 1:55 am",64,59,83,W,8,10,,SCT012,,29.79,29.92,,,,,,,
"Jul 17, 1:53 am",64,59,84,W,8,10,,FEW012 BKN150,1013,29.79,29.92,,,,,,,
"Jul 17, 1:50 am",64,59,83,WNW,8,10,,FEW012,,29.79,29.92,,,,,,,
"Jul 17, 1:45 am",64,59,83,W,9,10,,FEW012,,29.79,29.92,,,,,,,
"Jul 17, 1:40 am",64,59,83,WNW,7,10,,FEW012,,29.79,29.92,,,,,,,
"Jul 17, 1:35 am",64,59,83,WNW,8,10,,FEW012,,29.79,29.93,,,,,,,
"Jul 17, 1:30 am",64,59,83,WNW,8,10,,SCT013,,29.79,29.92,,,,,,,
"Jul 17, 1:25 am",64,59,83,WNW,7,10,,FEW013,,29.79,29.92,,,,,,,
"Jul 17, 1:20 am",64,59,83,W,9,10,,FEW013,,29.79,29.93,,,,,,,
"Jul 17, 1:15 am",64,59,83,W,9,10,,FEW013,,29.79,29.93,,,,,,,
"Jul 17, 1:10 am",64,59,83,W,7,10,,FEW013,,29.79,29.93,,,,,,,
"Jul 17, 1:05 am",64,59,83,W,9,10,,FEW014,,29.79,29.93,,,,,,,
"Jul 17, 1:00 am",64,59,83,W,8,10,,FEW014,,29.79,29.93,,,,,,,
"Jul 17, 12:55 am",64,59,83,W,9,10,,FEW014,,29.79,29.93,,,,,,,
"Jul 17, 12:53 am",64,59,84,W,8,10,,FEW012 FEW150,1013.3,29.79,29.93,,,,,,74,64
"Jul 17, 12:50 am",64,59,83,W,9,10,,FEW012,,29.79,29.93,,,,,,,
"Jul 17, 12:45 am",64,59,83,W,9,10,,FEW012,,29.79,29.93,,,,,,,
"Jul 17, 12:40 am",64,59,83,W,8,10,,FEW012,,29.79,29.93,,,,,,,
"Jul 17, 12:35 am",64,59,83,W,7,10,,FEW012,,29.79,29.93,,,,,,,
"Jul 17, 12:30 am",64,59,83,W,7,10,,FEW012,,29.79,29.93,,,,,,,
"Jul 17, 12:25 am",64,59,83,W,6,10,,FEW012,,29.79,29.93,,,,,,,
"Jul 17, 12:20 am",64,59,83,W,7,10,,FEW012,,29.79,29.93,,,,,,,
"Jul 17, 12:15 am",64,59,83,W,6,10,,FEW012,,29.79,29.93,,,,,,,
"Jul 17, 12:10 am",64,59,83,W,8,10,,FEW012,,29.79,29.93,,,,,,,
"Jul 17, 12:05 am",64,59,83,W,8,10,,FEW012,,29.79,29.93,,,,,,,
"Jul 17, 12:00 am",64,59,83,W,8,10,,FEW012,,29.79,29.93,,,,,,,
"Jul 16, 11:55 pm",64,59,83,WNW,8,10,,FEW014,,29.79,29.93,,,,,,,
"Jul 16, 11:53 pm",65,59,81,WNW,8,10,,FEW012 FEW150,1013.5,29.79,29.93,,,,,,,
"Jul 16, 11:50 pm",64,59,83,W,7,10,,FEW012,,29.79,29.93,,,,,,,
"Jul 16, 11:45 pm",64,59,83,W,9,10,,FEW012,,29.8,29.94,,,,,,,
"Jul 16, 11:40 pm",64,59,83,W,7,10,,CLR,,29.8,29.94,,,,,,,
"Jul 16, 11:35 pm",64,59,83,W,8,10,,CLR,,29.8,29.94,,,,,,,
"Jul 16, 11:30 pm",64,59,83,W,10,10,,CLR,,29.8,29.94,,,,,,,
"Jul 16, 11:25 pm",64,59,83,W,9,10,,CLR,,29.8,29.94,,,,,,,
"Jul 16, 11:20 pm",64,59,83,WNW,8,10,,CLR,,29.8,29.94,,,,,,,
"Jul 16, 11:15 pm",64,59,83,W,8,10,,CLR,,29.8,29.94,,,,,,,
"Jul 16, 11:10 pm",64,59,83,W,10,10,,CLR,,29.8,29.94,,,,,,,
"Jul 16, 11:05 pm",64,59,83,W,9,10,,CLR,,29.8,29.94,,,,,,,
"Jul 16, 11:00 pm",64,59,83,WSW,9,10,,CLR,,29.8,29.94,,,,,,,
"Jul 16, 10:55 pm",64,59,83,WSW,9,10,,CLR,,29.8,29.94,,,,,,,
"Jul 16, 10:53 pm",65,59,81,WSW,9,10,,FEW012 FEW150,1013.8,29.8,29.94,,,,71,65,,
"Jul 16, 10:50 pm",64,59,83,W,10,10,,FEW012,,29.8,29.94,,,,,,,
"Jul 16, 10:45 pm",64,59,83,W,10,10,,FEW012,,29.8,29.94,,,,,,,
"Jul 16, 10:40 pm",64,59,83,W,9,10,,FEW013,,29.81,29.95,,,,,,,
"Jul 16, 10:35 pm",64,59,83,W,9,10,,FEW013,,29.81,29.95,,,,,,,
"Jul 16, 10:30 pm",64,59,83,W,8,10,,FEW014,,29.81,29.95,,,,,,,
"Jul 16, 10:25 pm",64,59,83,W,9,10,,FEW013,,29.81,29.95,,,,,,,
"Jul 16, 10:20 pm",64,59,83,W,9,10,,CLR,,29.81,29.95,,,,,,,
"Jul 16, 10:15 pm",64,59,83,WSW,9,10,,CLR,,29.81,29.95,,,,,,,
"Jul 16, 10:10 pm",64,59,83,W,9,10,,CLR,,29.8,29.94,,,,,,,
"Jul 16, 10:05 pm",64,59,83,WSW,9,10,,CLR,,29.8,29.94,,,,,,,
"Jul 16, 10:00 pm",64,59,83,W,10,10,,CLR,,29.8,29.94,,,,,,,
"Jul 16, 9:55 pm",64,59,83,W,10,10,,CLR,,29.8,29.94,,,,,,,
"Jul 16, 9:53 pm",65,59,81,WSW,10,10,,FEW014,1013.8,29.8,29.94,,,,,,,
"Jul 16, 9:50 pm",64,59,83,WSW,10,10,,FEW014,,29.8,29.94,,,,,,,
"Jul 16, 9:45 pm",64,59,83,WSW,10,10,,CLR,,29.8,29.94,,,,,,,
"Jul 16, 9:40 pm",64,59,83,WSW,9,10,,CLR,,29.8,29.94,,,,,,,
"Jul 16, 9:35 pm",64,59,83,WSW,10,10,,CLR,,29.8,29.94,,,,,,,
"Jul 16, 9:30 pm",64,59,83,W,10,10,,CLR,,29.8,29.94,,,,,,,
"Jul 16, 9:25 pm",64,59,83,WSW,10,10,,CLR,,29.8,29.94,,,,,,,
"Jul 16, 9:20 pm",64,59,83,WSW,12,10,,CLR,,29.8,29.94,,,,,,,
"Jul 16, 9:15 pm",64,59,83,WSW,12,10,,CLR,,29.8,29.94,,,,,,,
"Jul 16, 9:10 pm",64,59,83,W,12,10,,CLR,,29.79,29.93,,,,,,,
"Jul 16, 9:05 pm",64,59,83,W,10,10,,CLR,,29.79,29.93,,,,,,,
"Jul 16, 9:00 pm",64,59,83,W,12,10,,CLR,,29.79,29.93,,,,,,,
"Jul 16, 8:55 pm",64,59,83,W,12,10,,CLR,,29.79,29.93,,,,,,,
"Jul 16, 8:53 pm",65,59,81,W,13,10,,FEW014,1013.2,29.79,29.93,,,,,,,
"Jul 16, 8:50 pm",64,59,83,W,12,10,,FEW014,,29.79,29.93,,,,,,,
"Jul 16, 8:45 pm",64,59,83,W,12,10,,CLR,,29.79,29.93,,,,,,,
"Jul 16, 8:40 pm",64,59,83,W,13,10,,CLR,,29.79,29.93,,,,,,,
"Jul 16, 8:35 pm",64,59,83,W,12,10,,CLR,,29.79,29.93,,,,,,,
"Jul 16, 8:30 pm",66,59,78,W,12,10,,CLR,,29.79,29.93,,,,,,,
"Jul 16, 8:25 pm",66,59,78,W,13,10,,CLR,,29.79,29.93,,,,,,,
"Jul 16, 8:20 pm",64,59,83,W,13,10,,CLR,,29.79,29.93,,,,,,,
"Jul 16, 8:15 pm",66,59,78,W,14,10,,CLR,,29.79,29.92,,,,,,,
"Jul 16, 8:10 pm",66,59,78,W,13,10,,CLR,,29.79,29.92,,,,,,,
"Jul 16, 8:05 pm",66,59,78,W,15,10,,CLR,,29.79,29.92,,,,,,,
"Jul 16, 8:00 pm",66,57,73,WSW,13,10,,CLR,,29.79,29.92,,,,,,,
"Jul 16, 7:55 pm",66,57,73,W,13,10,,CLR,,29.79,29.92,,,,,,,
"Jul 16, 7:53 pm",66,58,75,W,13,10,,FEW014 FEW050,1013.1,29.79,29.92,,,,,,,
"Jul 16, 7:50 pm",66,57,73,WSW,12,10,,FEW014 FEW050,,29.79,29.92,,,,,,,
"Jul 16, 7:45 pm",66,59,78,WSW,13,10,,FEW014 FEW050,,29.79,29.92,,,,,,,
"Jul 16, 7:40 pm",66,59,78,WSW,12,10,,FEW014 FEW050,,29.79,29.92,,,,,,,
"Jul 16, 7:35 pm",66,59,78,WSW,12,10,,FEW014 FEW050,,29.79,29.92,,,,,,,
"Jul 16, 7:30 pm",66,59,78,W,13,10,,FEW014 FEW050,,29.79,29.92,,,,,,,
"Jul 16, 7:25 pm",66,59,78,WSW,12,10,,FEW014 FEW050,,29.79,29.92,,,,,,,
"Jul 16, 7:20 pm",66,59,78,W,10,10,,FEW014 FEW050,,29.79,29.92,,,,,,,
"Jul 16, 7:15 pm",66,59,78,W,12,10,,FEW014 FEW050,,29.79,29.92,,,,,,,
"Jul 16, 7:10 pm",66,59,78,W,12,10,,FEW014 FEW050,,29.78,29.91,,,,,,,
"Jul 16, 7:05 pm",66,59,78,W,13,10,,FEW014 FEW050,,29.78,29.91,,,,,,,
"Jul 16, 7:00 pm",66,59,78,W,12,10,,FEW014 FEW050,,29.78,29.91,,,,,,,
"Jul 16, 6:55 pm",66,59,78,W,12,10,,FEW014,,29.78,29.91,,,,,,,
"Jul 16, 6:53 pm",67,59,76,W,13,10,,FEW014 FEW050,1012.8,29.78,29.91,,,,,,,
"Jul 16, 6:50 pm",66,59,78,W,10G16,10,,FEW014 FEW050,,29.78,29.91,,,,,,,
"Jul 16, 6:45 pm",68,59,73,W,13,10,,FEW014,,29.78,29.91,,,,,,,
"Jul 16, 6:40 pm",68,59,73,W,13,10,,SCT014,,29.78,29.91,,,,,,,
"Jul 16, 6:35 pm",68,59,73,W,13,10,,FEW015,,29.78,29.91,,,,,,,
"Jul 16, 6:30 pm",66,59,78,WSW,13,10,,FEW015,,29.78,29.91,,,,,,,
"Jul 16, 6:25 pm",68,59,73,W,12,10,,FEW015,,29.78,29.91,,,,,,,
"Jul 16, 6:20 pm",68,59,73,W,13,10,,FEW015,,29.78,29.91,,,,,,,
"Jul 16, 6:15 pm",68,59,73,W,13,10,,FEW015,,29.78,29.91,,,,,,,
"Jul 16, 6:10 pm",68,59,73,WSW,14,10,,SCT015,,29.78,29.91,,,,,,,
"Jul 16, 6:05 pm",70,59,69,W,15,10,,FEW015,,29.78,29.91,,,,,,,
"Jul 16, 6:00 pm",70,59,69,W,14,10,,FEW015,,29.78,29.91,,,,,,,
"Jul 16, 5:55 pm",70,59,69,W,14,10,,FEW015,,29.78,29.91,,,,,,,
"Jul 16, 5:53 pm",69,59,70,W,15,10,,FEW015 FEW090,1012.7,29.78,29.91,,,,,,,
"Jul 16, 5:50 pm",70,59,69,W,16,10,,FEW015 FEW090,,29.78,29.91,,,,,,,
"Jul 16, 5:45 pm",70,59,69,W,16,10,,FEW015,,29.78,29.91,,,,,,,
"Jul 16, 5:40 pm",70,59,69,W,13G18,10,,FEW015,,29.78,29.91,,,,,,,
"Jul 16, 5:35 pm",70,59,69,W,14G21,10,,FEW015,,29.78,29.91,,,,,,,
"Jul 16, 5:30 pm",70,59,69,W,14G22,10,,CLR,,29.78,29.91,,,,,,,
"Jul 16, 5:25 pm",70,59,69,W,13G22,10,,CLR,,29.78,29.91,,,,,,,
"Jul 16, 5:20 pm",70,59,69,W,15,10,,CLR,,29.78,29.91,,,,,,,
"Jul 16, 5:15 pm",72,59,65,W,15,10,,CLR,,29.78,29.91,,,,,,,
"Jul 16, 5:10 pm",72,59,65,W,14,10,,CLR,,29.78,29.91,,,,,,,
"Jul 16, 5:05 pm",72,61,69,W,14,10,,CLR,,29.78,29.91,,,,,,,
"Jul 16, 5:00 pm",70,59,69,W,14,10,,CLR,,29.78,29.91,,,,,,,
"Jul 16, 4:55 pm",72,61,69,W,15G21,10,,CLR,,29.78,29.91,,,,,,,
"Jul 16, 4:53 pm",71,60,68,W,14,10,,FEW015 FEW090,1012.9,29.78,29.91,,,,74,71,,
"Jul 16, 4:50 pm",72,61,69,W,15,10,,FEW015 FEW090,,29.78,29.91,,,,,,,
"Jul 16, 4:45 pm",72,59,65,W,15,10,,FEW015 FEW090,,29.78,29.91,,,,,,,
"Jul 16, 4:40 pm",72,59,65,,,10,,FEW015 FEW090,,29.78,29.91,,,,,,,
"Jul 16, 4:35 pm",72,59,65,WSW,14,10,,FEW015 FEW090,,29.78,29.91,,,,,,,
"Jul 16, 4:30 pm",72,59,65,W,14,10,,FEW015 FEW090,,29.78,29.91,,,,,,,
"Jul 16, 4:25 pm",72,57,61,WSW,13,10,,FEW015 FEW090,,29.79,29.92,,,,,,,
"Jul 16, 4:20 pm",72,57,61,WSW,14,10,,FEW015 FEW090,,29.78,29.91,,,,,,,
"Jul 16, 4:15 pm",73,57,57,WSW,14,10,,FEW015 FEW090,,29.79,29.92,,,,,,,
"Jul 16, 4:10 pm",73,57,57,WSW,12,10,,FEW015 FEW090,,29.79,29.92,,,,,,,
"Jul 16, 4:05 pm",72,57,61,WSW,13,10,,CLR,,29.78,29.91,,,,,,,
"Jul 16, 4:00 pm",72,57,61,WSW,13,10,,CLR,,29.78,29.91,,,,,,,
"Jul 16, 3:55 pm",73,57,57,WSW,13,10,,CLR,,29.78,29.91,,,,,,,
"Jul 16, 3:53 pm",74,58,57,WSW,12G21,10,,FEW015 FEW090,1012.8,29.78,29.91,,,,,,,
"Jul 16, 3:50 pm",73,57,57,WSW,13,10,,FEW015 FEW090,,29.78,29.91,,,,,,,
"Jul 16, 3:45 pm",73,57,57,SW,13,10,,CLR,,29.79,29.92,,,,,,,
"Jul 16, 3:40 pm",72,57,61,SW,12,10,,CLR,,29.79,29.92,,,,,,,
"Jul 16, 3:35 pm",73,57,57,WSW,13,10,,CLR,,29.79,29.92,,,,,,,
"Jul 16, 3:30 pm",73,57,57,SW,12,10,,CLR,,29.79,29.92,,,,,,,
"Jul 16, 3:25 pm",73,57,57,SW,12,10,,CLR,,29.79,29.92,,,,,,,
"Jul 16, 3:20 pm",72,57,61,WSW,13,10,,CLR,,29.79,29.92,,,,,,,
"Jul 16, 3:15 pm",73,57,57,SW,12,10,,CLR,,29.79,29.92,,,,,,,
"Jul 16, 3:10 pm",73,57,57,SW,13,10,,CLR,,29.79,29.92,,,,,,,
"Jul 16, 3:05 pm",72,57,61,SW,12,10,,CLR,,29.79,29.92,,,,,,,
"Jul 16, 3:00 pm",73,57,57,WSW,13,10,,CLR,,29.79,29.92,,,,,,,
"Jul 16, 2:55 pm",72,57,61,WSW,13,10,,CLR,,29.79,29.92,,,,,,,
"Jul 16, 2:53 pm",72,58,61,WSW,12,10,,FEW015 FEW090,1013.1,29.79,29.92,,,,,,,
"Jul 16, 2:50 pm",72,57,61,WSW,14,10,,FEW015 FEW090,,29.79,29.93,,,,,,,
"Jul 16, 2:45 pm",72,57,61,SW,13,10,,CLR,,29.79,29.93,,,,,,,
"Jul 16, 2:40 pm",72,57,61,WSW,13,10,,CLR,,29.79,29.93,,,,,,,
"Jul 16, 2:35 pm",73,57,57,W,13G20,10,,CLR,,29.79,29.93,,,,,,,
"Jul 16, 2:30 pm",73,57,57,WSW,12,10,,CLR,,29.79,29.93,,,,,,,
"Jul 16, 2:25 pm",73,57,57,W,13,10,,CLR,,29.79,29.93,,,,,,,
"Jul 16, 2:20 pm",73,57,57,WSW,12,10,,CLR,,29.79,29.93,,,,,,,
"Jul 16, 2:15 pm",73,57,57,W,13,10,,CLR,,29.79,29.93,,,,,,,
"Jul 16, 2:10 pm",73,57,57,WSW,12,10,,CLR,,29.79,29.93,,,,,,,
"Jul 16, 2:05 pm",73,57,57,WSW,12,10,,CLR,,29.8,29.94,,,,,,,
"Jul 16, 2:00 pm",73,57,57,WSW,13,10,,CLR,,29.8,29.94,,,,,,,
"Jul 16, 1:55 pm",73,57,57,W,10,10,,CLR,,29.8,29.94,,,,,,,
"Jul 16, 1:53 pm",72,57,59,SW,12,10,,FEW015 FEW030,1013.6,29.8,29.94,,,,,,,
"Jul 16, 1:50 pm",72,57,61,SW,10,10,,FEW015 FEW030,,29.8,29.94,,,,,,,
"Jul 16, 1:45 pm",73,57,57,WSW,13,10,,FEW015 FEW030,,29.8,29.94,,,,,,,
"Jul 16, 1:40 pm",72,57,61,WSW,13,10,,CLR,,29.8,29.94,,,,,,,
"Jul 16, 1:35 pm",72,57,61,WSW,10,10,,CLR,,29.81,29.95,,,,,,,
"Jul 16, 1:30 pm",72,57,61,WSW,13,10,,CLR,,29.81,29.95,,,,,,,
"Jul 16, 1:25 pm",73,57,57,WSW,12,10,,CLR,,29.81,29.95,,,,,,,
"Jul 16, 1:20 pm",73,57,57,WSW,9,10,,CLR,,29.81,29.95,,,,,,,
"Jul 16, 1:15 pm",72,57,61,W,12,10,,CLR,,29.81,29.95,,,,,,,
"Jul 16, 1:10 pm",72,57,61,WSW,13,10,,CLR,,29.82,29.96,,,,,,,
"Jul 16, 1:05 pm",72,57,61,WNW,10,10,,CLR,,29.82,29.96,,,,,,,
"Jul 16, 1:00 pm",73,57,57,W,12,10,,CLR,,29.82,29.96,,,,,,,
"Jul 16, 12:55 pm",72,57,61,WSW,13,10,,CLR,,29.82,29.96,,,,,,,
"Jul 16, 12:53 pm",72,57,59,SW,8G18,10,,FEW019 FEW028,1014.3,29.82,29.96,,,,,,,
"Jul 16, 12:50 pm",73,57,57,SW,10,10,,FEW019 FEW028,,29.82,29.96,,,,,,,
"Jul 16, 12:45 pm",72,57,61,WSW,10,10,,CLR,,29.82,29.96,,,,,,,
"Jul 16, 12:40 pm",72,57,61,W,13,10,,CLR,,29.83,29.97,,,,,,,
"Jul 16, 12:35 pm",72,57,61,W,12,10,,CLR,,29.83,29.97,,,,,,,
"Jul 16, 12:30 pm",72,57,61,W,13,10,,CLR,,29.83,29.97,,,,,,,
"Jul 16, 12:25 pm",72,57,61,W,12,10,,CLR,,29.83,29.97,,,,,,,
"Jul 16, 12:20 pm",72,57,61,W,10,10,,CLR,,29.83,29.97,,,,,,,
"Jul 16, 12:15 pm",72,57,61,WSW,12,10,,CLR,,29.84,29.98,,,,,,,
"Jul 16, 12:10 pm",73,57,57,W,13,10,,CLR,,29.84,29.98,,,,,,,
"Jul 16, 12:05 pm",72,57,61,W,14,10,,CLR,,29.84,29.98,,,,,,,
"Jul 16, 12:00 pm",72,57,61,WSW,12,10,,CLR,,29.84,29.98,,,,,,,
"Jul 16, 11:55 am",72,57,61,WSW,12,10,,CLR,,29.84,29.98,,,,,,,
"Jul 16, 11:53 am",71,57,61,WSW,10,10,,FEW018 SCT027,1015,29.84,29.98,,,,,,,
"Jul 16, 11:50 am",72,57,61,WSW,12,10,,FEW018 SCT027,,29.84,29.98,,,,,,,
"Jul 16, 11:45 am",72,57,61,WSW,12,10,,CLR,,29.84,29.98,,,,,,,
"Jul 16, 11:40 am",72,57,61,WSW,13,10,,CLR,,29.84,29.98,,,,,,,
"Jul 16, 11:35 am",72,57,61,WSW,13,10,,CLR,,29.84,29.98,,,,,,,
"Jul 16, 11:30 am",72,57,61,WSW,13,10,,CLR,,29.84,29.98,,,,,,,
"Jul 16, 11:25 am",72,57,61,WSW,13,10,,CLR,,29.84,29.98,,,,,,,
"Jul 16, 11:20 am",72,57,61,WSW,12,10,,CLR,,29.84,29.98,,,,,,,
"Jul 16, 11:15 am",72,57,61,W,14,10,,FEW028,,29.84,29.98,,,,,,,
"Jul 16, 11:10 am",72,57,61,WSW,13,10,,FEW028,,29.84,29.98,,,,,,,
"Jul 16, 11:05 am",72,57,61,WSW,9,10,,FEW028,,29.84,29.98,,,,,,,
"Jul 16, 11:00 am",72,57,61,WSW,10G16,10,,FEW028,,29.84,29.98,,,,,,,
"Jul 16, 10:55 am",72,57,61,WSW,10,10,,FEW028,,29.84,29.98,,,,,,,
"Jul 16, 10:53 am",71,57,61,W,8,9,,FEW017 SCT025,1015.1,29.84,29.98,,,,72,65,,
"Jul 16, 10:50 am",72,57,61,WSW,10,9,,FEW017 SCT025,,29.84,29.98,,,,,,,
"Jul 16, 10:45 am",72,57,61,WSW,9,9,,FEW017 SCT025,,29.84,29.98,,,,,,,
"Jul 16, 10:40 am",72,57,61,W,12,9,,FEW017 SCT025,,29.84,29.98,,,,,,,
"Jul 16, 10:35 am",72,57,61,W,10,9,,FEW017 SCT025,,29.84,29.98,,,,,,,
"Jul 16, 10:33 am",70,57,64,W,13,9,,FEW017 SCT025,,29.84,29.98,,,,,,,
"Jul 16, 10:30 am",72,57,61,WSW,5G20,9,,BKN025,,29.84,29.98,,,,,,,
"Jul 16, 10:25 am",72,57,61,WSW,5G20,9,,BKN025,,29.84,29.98,,,,,,,
"Jul 16, 10:20 am",70,57,64,WSW,5G20,9,,BKN025,,29.84,29.98,,,,,,,
"Jul 16, 10:15 am",72,57,61,WSW,5G20,9,,BKN025,,29.84,29.98,,,,,,,
"Jul 16, 10:10 am",70,57,64,N,0,10,,BKN025,,29.84,29.98,,,,,,,
"Jul 16, 10:05 am",70,57,64,N,0,10,,BKN024,,29.84,29.98,,,,,,,
"Jul 16, 10:00 am",70,57,64,SE,3,10,,BKN023,,29.84,29.98,,,,,,,
"Jul 16, 9:55 am",70,57,64,SSE,5,10,,BKN024,,29.84,29.98,,,,,,,
"Jul 16, 9:53 am",70,57,64,S,6,9,,FEW018 BKN023,1015,29.84,29.98,,,,,,,
"Jul 16, 9:50 am",70,57,64,S,7,9,,FEW018 BKN023,,29.84,29.98,,,,,,,
"Jul 16, 9:45 am",70,57,64,S,3,10,,OVC023,,29.84,29.98,,,,,,,
"Jul 16, 9:40 am",70,57,64,SW,3,10,,OVC023,,29.84,29.98,,,,,,,
"Jul 16, 9:35 am",70,57,64,S,3,10,,OVC023,,29.84,29.98,,,,,,,
"Jul 16, 9:30 am",70,57,64,SE,3,10,,OVC023,,29.84,29.98,,,,,,,
"Jul 16, 9:25 am",70,57,64,ESE,5,10,,OVC022,,29.84,29.98,,,,,,,
"Jul 16, 9:20 am",68,57,68,S,5,10,,OVC022,,29.84,29.98,,,,,,,
"Jul 16, 9:15 am",68,57,68,SSW,3,10,,OVC022,,29.84,29.98,,,,,,,
"Jul 16, 9:10 am",68,57,68,SSE,6,10,,OVC022,,29.84,29.98,,,,,,,
"Jul 16, 9:05 am",68,57,68,SSE,6,10,,OVC021,,29.84,29.98,,,,,,,
"Jul 16, 9:00 am",68,57,68,ESE,5,10,,OVC021,,29.83,29.97,,,,,,,
"Jul 16, 8:55 am",68,57,68,SE,7,10,,OVC021,,29.84,29.98,,,,,,,
"Jul 16, 8:53 am",68,58,70,SE,3,8,,FEW015 OVC021,1014.9,29.84,29.98,,,,,,,
"Jul 16, 8:50 am",68,57,68,N,0,8,,FEW015 OVC021,,29.83,29.97,,,,,,,
"Jul 16, 8:45 am",68,57,68,N,0,10,,OVC021,,29.84,29.98,,,,,,,
"Jul 16, 8:40 am",66,57,73,S,7,10,,OVC020,,29.84,29.98,,,,,,,
"Jul 16, 8:35 am",66,57,73,E,3,10,,OVC020,,29.84,29.98,,,,,,,
"Jul 16, 8:30 am",66,57,73,SSE,3,10,,OVC020,,29.84,29.98,,,,,,,
"Jul 16, 8:25 am",66,57,73,SE,6,10,,OVC020,,29.84,29.98,,,,,,,
"Jul 16, 8:20 am",66,57,73,S,3,10,,OVC020,,29.84,29.98,,,,,,,
"Jul 16, 8:15 am",66,57,73,S,3,10,,OVC020,,29.84,29.98,,,,,,,
"Jul 16, 8:10 am",66,57,73,SSW,5,10,,OVC020,,29.84,29.98,,,,,,,
"Jul 16, 8:05 am",66,57,73,SSW,5,10,,OVC020,,29.84,29.98,,,,,,,
"Jul 16, 8:00 am",66,57,73,SSE,5,10,,OVC020,,29.83,29.97,,,,,,,
"Jul 16, 7:55 am",66,57,73,S,3,10,,OVC020,,29.84,29.98,,,,,,,
"Jul 16, 7:53 am",67,58,73,SW,5,8,,FEW014 OVC020,1014.9,29.84,29.98,,,,,,,
"Jul 16, 7:50 am",66,57,73,N,0,8,,FEW014 OVC020,,29.84,29.98,,,,,,,
"Jul 16, 7:45 am",66,57,73,ESE,5G20,10,,OVC020,,29.83,29.97,,,,,,,
"Jul 16, 7:40 am",66,57,73,ESE,5G20,10,,OVC020,,29.83,29.97,,,,,,,
"Jul 16, 7:35 am",66,57,73,ESE,5G20,10,,OVC019,,29.83,29.97,,,,,,,
"Jul 16, 7:30 am",66,57,73,ESE,5G20,10,,OVC020,,29.83,29.97,,,,,,,
"Jul 16, 7:25 am",66,57,73,ESE,5G20,10,,OVC020,,29.83,29.97,,,,,,,
"Jul 16, 7:20 am",66,57,73,ESE,5G20,10,,OVC020,,29.82,29.96,,,,,,,
"Jul 16, 7:15 am",66,57,73,ESE,5G20,10,,OVC020,,29.82,29.96,,,,,,,
"Jul 16, 7:10 am",66,57,73,,,10,,OVC020,,29.82,29.96,,,,,,,
"Jul 16, 7:05 am",66,57,73,E,3,10,,OVC020,,29.82,29.96,,,,,,,
"Jul 16, 7:00 am",66,57,73,N,0,10,,OVC020,,29.82,29.96,,,,,,,
"Jul 16, 6:55 am",66,57,73,E,5,10,,OVC020,,29.82,29.96,,,,,,,
"Jul 16, 6:53 am",66,57,73,,3,8,,SCT014 BKN020 OVC030,1014.4,29.82,29.96,,,,,,,
"Jul 16, 6:50 am",66,57,73,ESE,3G20,8,,SCT014 BKN020 OVC030,,29.82,29.96,,,,,,,
"Jul 16, 6:45 am",66,57,73,ESE,3G20,9,,SCT018 BKN021 BKN030,,29.82,29.96,,,,,,,
"Jul 16, 6:40 am",66,57,73,ESE,3G20,9,,SCT018 BKN021 BKN030,,29.82,29.96,,,,,,,
"Jul 16, 6:35 am",66,57,73,ESE,3G20,9,,SCT018 BKN021 BKN030,,29.82,29.96,,,,,,,
"Jul 16, 6:30 am",66,57,73,ESE,3G20,9,,SCT018 BKN021 BKN030,,29.82,29.96,,,,,,,
"Jul 16, 6:25 am",66,57,73,ESE,3G20,9,,SCT018 BKN021 BKN030,,29.81,29.95,,,,,,,
"Jul 16, 6:20 am",66,57,73,ESE,3G20,9,,SCT018 BKN021 BKN030,,29.81,29.95,,,,,,,
"Jul 16, 6:17 am",66,57,73,ESE,3,9,,SCT018 BKN021 BKN030,,29.81,29.95,,,,,,,
"Jul 16, 6:15 am",66,57,73,ESE,3G20,9,,SCT018 BKN021 BKN030,,29.81,29.95,,,,,,,
"Jul 16, 6:10 am",64,57,77,,,10,,SCT021,,29.81,29.95,,,,,,,
"Jul 16, 6:05 am",64,57,77,ESE,5,10,,FEW021,,29.81,29.95,,,,,,,
"Jul 16, 6:00 am",64,57,77,ESE,5,10,,CLR,,29.81,29.95,,,,,,,
"Jul 16, 5:55 am",64,57,77,ESE,5,10,,CLR,,29.8,29.94,,,,,,,
"Jul 16, 5:53 am",65,57,76,ESE,5,10,,SCT018 BKN030,1013.8,29.8,29.94,,,,,,,
"Jul 16, 5:50 am",64,57,77,ESE,6,10,,SCT018 BKN030,,29.8,29.94,,,,,,,
"Jul 16, 5:45 am",64,57,77,ESE,5,10,,SCT018 BKN030,,29.8,29.94,,,,,,,
"Jul 16, 5:42 am",65,57,76,,6,10,,SCT018 BKN030,,29.8,29.94,,,,,,,
"Jul 16, 5:40 am",64,57,77,ESE,6,10,,BKN019,,29.8,29.94,,,,,,,
"Jul 16, 5:35 am",64,57,77,ESE,6,10,,BKN019,,29.8,29.94,,,,,,,
"Jul 16, 5:30 am",64,57,77,ESE,6,10,,BKN019,,29.8,29.94,,,,,,,
"Jul 16, 5:25 am",64,57,77,SE,5,10,,BKN019,,29.8,29.94,,,,,,,
"Jul 16, 5:20 am",64,57,77,SE,6,10,,BKN019,,29.8,29.94,,,,,,,
"Jul 16, 5:15 am",64,57,77,SE,6,10,,BKN019,,29.8,29.94,,,,,,,
"Jul 16, 5:10 am",66,57,73,ESE,6,10,,BKN019,,29.79,29.93,,,,,,,
"Jul 16, 5:05 am",66,57,73,ESE,6,10,,BKN019,,29.8,29.94,,,,,,,
"Jul 16, 5:00 am",64,57,77,S,5,10,,BKN019,,29.8,29.94,,,,,,,
"Jul 16, 4:55 am",64,57,77,N,0,10,,OVC021,,29.8,29.94,,,,,,,
"Jul 16, 4:53 am",65,58,78,N,0,10,,BKN018,1013.6,29.8,29.94,,,,66,64,,
"Jul 16, 4:50 am",64,57,77,SSW,3,10,,BKN018,,29.8,29.94,,,,,,,
"Jul 16, 4:45 am",64,57,77,SW,3,10,,OVC018,,29.8,29.94,,,,,,,
"Jul 16, 4:40 am",64,57,77,W,3,10,,OVC018,,29.8,29.94,,,,,,,
"Jul 16, 4:35 am",64,57,77,WNW,5,10,,OVC018,,29.8,29.94,,,,,,,
"Jul 16, 4:30 am",64,57,77,W,3,10,,OVC018,,29.8,29.94,,,,,,,
"Jul 16, 4:25 am",66,57,73,WSW,5,10,,OVC018,,29.8,29.94,,,,,,,
"Jul 16, 4:20 am",66,57,73,ESE,5,10,,OVC018,,29.8,29.94,,,,,,,
"Jul 16, 4:15 am",66,57,73,E,3,10,,OVC018,,29.8,29.94,,,,,,,
"Jul 16, 4:10 am",66,57,73,E,5,10,,OVC018,,29.8,29.94,,,,,,,
"Jul 16, 4:05 am",66,57,73,ESE,6,10,,OVC018,,29.8,29.94,,,,,,,
"Jul 16, 4:00 am",66,57,73,SSE,6,10,,OVC018,,29.8,29.94,,,,,,,
"Jul 16, 3:55 am",66,57,73,SSE,3,10,,OVC021,,29.8,29.94,,,,,,,
"Jul 16, 3:53 am",66,57,73,SE,5,10,,OVC018,1013.7,29.8,29.94,,,,,,,
"Jul 16, 3:50 am",66,57,73,SE,6,10,,OVC018,,29.8,29.94,,,,,,,
"Jul 16, 3:45 am",66,57,73,SSE,6,10,,OVC021,,29.8,29.94,,,,,,,
"Jul 16, 3:40 am",66,57,73,SE,3,10,,OVC021,,29.8,29.94,,,,,,,
"Jul 16, 3:35 am",66,57,73,SE,6,10,,OVC021,,29.8,29.94,,,,,,,
"Jul 16, 3:30 am",66,57,73,ESE,6,10,,OVC020,,29.8,29.94,,,,,,,
"Jul 16, 3:25 am",66,57,73,E,7,10,,OVC020,,29.8,29.94,,,,,,,
"Jul 16, 3:20 am",66,57,73,E,7,10,,OVC020,,29.8,29.94,,,,,,,
"Jul 16, 3:15 am",66,57,73,E,7,10,,OVC020,,29.8,29.94,,,,,,,
"Jul 16, 3:10 am",66,57,73,ESE,7,10,,OVC020,,29.8,29.94,,,,,,,
"Jul 16, 3:05 am",66,57,73,SE,6,10,,OVC020,,29.8,29.94,,,,,,,
"Jul 16, 3:00 am",66,57,73,SE,6,10,,OVC020,,29.8,29.94,,,,,,,
"Jul 16, 2:55 am",66,57,73,N,0,10,,OVC019,,29.8,29.94,,,,,,,
"Jul 16, 2:53 am",66,58,75,SE,6,10,,OVC016,1013.5,29.8,29.94,,,,,,,
"Jul 16, 2:50 am",66,57,73,ESE,7,10,,OVC016,,29.8,29.94,,,,,,,
"Jul 16, 2:45 am",66,57,73,SE,7,10,,OVC017,,29.8,29.94,,,,,,,
"Jul 16, 2:40 am",66,57,73,SE,5,10,,OVC017,,29.8,29.94,,,,,,,
"Jul 16, 2:35 am",66,57,73,ESE,5,10,,OVC017,,29.8,29.94,,,,,,,
"Jul 16, 2:30 am",66,57,73,E,6,10,,OVC017,,29.8,29.94,,,,,,,
"Jul 16, 2:25 am",66,57,73,E,6,10,,OVC017,,29.8,29.94,,,,,,,
"Jul 16, 2:20 am",66,57,73,E,5,10,,OVC020,,29.8,29.94,,,,,,,
"Jul 16, 2:15 am",66,57,73,E,7,10,,OVC021,,29.8,29.94,,,,,,,
"Jul 16, 2:10 am",66,57,73,ESE,5,10,,OVC021,,29.8,29.94,,,,,,,
"Jul 16, 2:05 am",66,57,73,SE,7,10,,OVC020,,29.8,29.94,,,,,,,
"Jul 16, 2:00 am",66,57,73,SE,7,10,,OVC020,,29.8,29.94,,,,,,,
"Jul 16, 1:55 am",66,57,73,ESE,6,10,,OVC020,,29.8,29.94,,,,,,,
"Jul 16, 1:53 am",66,58,75,SE,7,10,,OVC016,1013.7,29.8,29.94,,,,,,,
"Jul 16, 1:50 am",66,57,73,E,7,10,,OVC016,,29.8,29.94,,,,,,,
"Jul 16, 1:45 am",64,57,77,ESE,6,10,,OVC016,,29.8,29.94,,,,,,,
"Jul 16, 1:40 am",64,57,77,ESE,6,10,,OVC016,,29.8,29.94,,,,,,,
"Jul 16, 1:35 am",64,57,77,E,6,10,,OVC018,,29.8,29.94,,,,,,,
"Jul 16, 1:30 am",64,57,77,E,3,10,,OVC018,,29.8,29.94,,,,,,,
"Jul 16, 1:25 am",64,57,77,N,0,10,,OVC018,,29.8,29.94,,,,,,,
"Jul 16, 1:20 am",64,57,77,ESE,3,10,,OVC017,,29.8,29.94,,,,,,,
"Jul 16, 1:15 am",64,57,77,E,3,10,,OVC016,,29.8,29.94,,,,,,,
"Jul 16, 1:10 am",64,57,77,N,0,10,,OVC016,,29.8,29.94,,,,,,,
"Jul 16, 1:05 am",64,57,77,N,0,10,,OVC016,,29.8,29.94,,,,,,,
"Jul 16, 1:00 am",64,57,77,N,0,10,,OVC017,,29.8,29.94,,,,,,,
"Jul 16, 12:55 am",64,57,77,ESE,3,10,,OVC017,,29.81,29.95,,,,,,,
"Jul 16, 12:53 am",65,58,78,N,0,10,,OVC015,1013.9,29.81,29.95,,,,,,74,63
"Jul 16, 12:50 am",64,57,77,SSE,3,10,,OVC015,,29.81,29.95,,,,,,,
"Jul 16, 12:45 am",64,57,77,SE,3,10,,OVC015,,29.81,29.95,,,,,,,
"Jul 16, 12:40 am",64,57,77,SE,3,10,,OVC015,,29.81,29.95,,,,,,,
"Jul 16, 12:35 am",64,57,77,SSE,6,10,,OVC015,,29.81,29.95,,,,,,,
"Jul 16, 12:30 am",64,57,77,ESE,3,10,,OVC015,,29.81,29.95,,,,,,,
"Jul 16, 12:25 am",64,57,77,N,0,10,,OVC015,,29.81,29.95,,,,,,,
"Jul 16, 12:20 am",64,59,83,SSE,3,10,,OVC015,,29.81,29.95,,,,,,,
"Jul 16, 12:15 am",64,59,83,N,0,10,,OVC015,,29.81,29.95,,,,,,,
"Jul 16, 12:10 am",64,57,77,N,0,10,,OVC015,,29.81,29.95,,,,,,,
"Jul 16, 12:05 am",64,59,83,SSW,5,10,,OVC015,,29.81,29.95,,,,,,,
"Jul 16, 12:00 am",64,59,83,SW,3,10,,OVC015,,29.81,29.95,,,,,,,
"Jul 15, 11:55 pm",64,59,83,SSW,6,10,,OVC016,,29.81,29.95,,,,,,,
"Jul 15, 11:53 pm",64,59,84,SW,5,10,,OVC015,1013.8,29.81,29.95,,,,,,,
"Jul 15, 11:50 pm",64,59,83,SW,6,10,,OVC015,,29.81,29.95,,,,,,,
"Jul 15, 11:45 pm",64,59,83,SSW,5,10,,OVC015,,29.81,29.95,,,,,,,
"Jul 15, 11:40 pm",64,59,83,WSW,5,10,,OVC015,,29.81,29.95,,,,,,,
"Jul 15, 11:35 pm",64,57,77,WSW,6,10,,OVC015,,29.81,29.95,,,,,,,
"Jul 15, 11:30 pm",64,59,83,SW,6,10,,OVC015,,29.81,29.95,,,,,,,
"Jul 15, 11:25 pm",64,59,83,SW,7,10,,OVC015,,29.81,29.95,,,,,,,
"Jul 15, 11:20 pm",64,59,83,SW,6,10,,OVC015,,29.81,29.95,,,,,,,
"Jul 15, 11:15 pm",64,59,83,SW,7,10,,OVC015,,29.81,29.95,,,,,,,
"Jul 15, 11:10 pm",64,59,83,SW,7,10,,OVC015,,29.8,29.94,,,,,,,
"Jul 15, 11:07 pm",64,59,84,SW,6,10,,OVC015,,29.8,29.94,,,,,,,
"Jul 15, 11:05 pm",64,59,83,SW,6,10,,OVC014,,29.8,29.94,,,,,,,
"Jul 15, 11:00 pm",64,59,83,WSW,7,10,,OVC014,,29.8,29.94,,,,,,,
"Jul 15, 10:55 pm",64,59,83,SW,5,10,,OVC014,,29.8,29.94,,,,,,,
"Jul 15, 10:53 pm",64,59,84,SW,7,10,,OVC014,1013.8,29.8,29.94,,,,69,64,,
"Jul 15, 10:50 pm",64,59,83,WSW,7,10,,OVC014,,29.8,29.94,,,,,,,
"Jul 15, 10:45 pm",64,59,83,SW,7,10,,OVC011,,29.8,29.94,,,,,,,
"Jul 15, 10:40 pm",64,59,83,SW,7,10,,OVC011,,29.8,29.94,,,,,,,
"Jul 15, 10:35 pm",64,59,83,W,7,10,,OVC011,,29.8,29.94,,,,,,,
"Jul 15, 10:30 pm",64,59,83,WSW,8,10,,OVC012,,29.8,29.94,,,,,,,
"Jul 15, 10:25 pm",64,59,83,WSW,7,10,,OVC012,,29.8,29.94,,,,,,,
"Jul 15, 10:20 pm",64,59,83,WSW,7,10,,OVC012,,29.8,29.94,,,,,,,
"Jul 15, 10:15 pm",64,59,83,WSW,6,10,,OVC012,,29.8,29.94,,,,,,,
"Jul 15, 10:10 pm",64,59,83,SW,8,10,,OVC012,,29.8,29.94,,,,,,,
"Jul 15, 10:05 pm",64,59,83,WSW,6,10,,OVC012,,29.8,29.94,,,,,,,
"Jul 15, 10:00 pm",64,59,83,WSW,7,10,,OVC011,,29.8,29.94,,,,,,,
"Jul 15, 9:55 pm",64,59,83,WSW,6,10,,OVC011,,29.8,29.94,,,,,,,
"Jul 15, 9:53 pm",64,59,84,W,7,10,,OVC011,1013.6,29.8,29.94,,,,,,,
"Jul 15, 9:50 pm",64,59,83,W,9,10,,OVC011,,29.8,29.94,,,,,,,
"Jul 15, 9:45 pm",64,59,83,WSW,6,10,,OVC011,,29.8,29.94,,,,,,,
"Jul 15, 9:40 pm",64,59,83,SW,7,10,,OVC011,,29.8,29.94,,,,,,,
"Jul 15, 9:35 pm",64,59,83,SW,8,10,,OVC011,,29.8,29.94,,,,,,,
"Jul 15, 9:30 pm",64,59,83,W,9,10,,OVC011,,29.8,29.94,,,,,,,
"Jul 15, 9:25 pm",64,59,83,SW,7,10,,OVC011,,29.8,29.94,,,,,,,
"Jul 15, 9:20 pm",64,59,83,W,8,10,,OVC011,,29.8,29.94,,,,,,,
"Jul 15, 9:15 pm",64,59,83,WSW,8,10,,OVC011,,29.8,29.94,,,,,,,
"Jul 15, 9:10 pm",64,59,83,W,7,10,,OVC011,,29.79,29.93,,,,,,,
"Jul 15, 9:05 pm",64,59,83,W,8,10,,OVC011,,29.79,29.93,,,,,,,
"Jul 15, 9:00 pm",64,59,83,W,8,10,,OVC011,,29.79,29.93,,,,,,,
"Jul 15, 8:55 pm",64,59,83,W,8,10,,OVC011,,29.79,29.93,,,,,,,
"Jul 15, 8:53 pm",64,59,84,W,8,10,,OVC010,1013.2,29.79,29.93,,,,,,,
"Jul 15, 8:50 pm",64,59,83,W,9,10,,OVC010,,29.79,29.93,,,,,,,
"Jul 15, 8:45 pm",64,59,83,W,9,10,,OVC011,,29.79,29.93,,,,,,,
"Jul 15, 8:40 pm",64,59,83,W,9,10,,OVC010,,29.79,29.93,,,,,,,
"Jul 15, 8:35 pm",64,59,83,W,10,10,,OVC010,,29.79,29.93,,,,,,,
"Jul 15, 8:30 pm",64,59,83,W,9,10,,OVC011,,29.79,29.93,,,,,,,
"Jul 15, 8:25 pm",64,59,83,W,10,10,,BKN011,,29.79,29.92,,,,,,,
"Jul 15, 8:20 pm",64,59,83,WSW,10,10,,BKN011,,29.79,29.92,,,,,,,
"Jul 15, 8:15 pm",64,59,83,W,12,10,,BKN011,,29.79,29.92,,,,,,,
"Jul 15, 8:10 pm",64,59,83,W,12,10,,BKN011,,29.79,29.92,,,,,,,
"Jul 15, 8:05 pm",64,59,83,W,12,10,,BKN011,,29.79,29.92,,,,,,,
"Jul 15, 8:00 pm",64,59,83,W,12,10,,BKN011,,29.79,29.92,,,,,,,
"Jul 15, 7:55 pm",64,59,83,W,10,10,,BKN011,,29.79,29.92,,,,,,,
"Jul 15, 7:53 pm",65,59,81,W,12,10,,BKN011,1013,29.79,29.92,,,,,,,
"Jul 15, 7:50 pm",64,59,83,W,10,10,,BKN011,,29.79,29.92,,,,,,,
"Jul 15, 7:45 pm",64,59,83,W,10,10,,BKN012,,29.79,29.92,,,,,,,
"Jul 15, 7:42 pm",65,59,81,WSW,12,10,,BKN012,,29.79,29.92,,,,,,,
"Jul 15, 7:40 pm",64,59,83,WSW,12,10,,BKN012,,29.79,29.92,,,,,,,
"Jul 15, 7:35 pm",64,59,83,W,12,10,,SCT012,,29.79,29.92,,,,,,,
"Jul 15, 7:30 pm",64,59,83,WSW,10,10,,SCT012,,29.79,29.92,,,,,,,
"Jul 15, 7:25 pm",64,59,83,WSW,13,10,,SCT012,,29.79,29.92,,,,,,,
"Jul 15, 7:20 pm",64,59,83,WSW,10,10,,SCT012,,29.78,29.91,,,,,,,
"Jul 15, 7:15 pm",64,59,83,W,12,10,,SCT012,,29.78,29.91,,,,,,,
"Jul 15, 7:10 pm",64,59,83,WSW,13,10,,FEW012,,29.78,29.91,,,,,,,
"Jul 15, 7:05 pm",66,59,78,SW,12,10,,FEW012,,29.78,29.91,,,,,,,
"Jul 15, 7:00 pm",66,59,78,WSW,10,10,,FEW012,,29.78,29.91,,,,,,,
"Jul 15, 6:55 pm",66,59,78,WSW,12,10,,FEW012,,29.78,29.91,,,,,,,
"Jul 15, 6:53 pm",66,59,78,W,12,10,,FEW011,1012.6,29.78,29.91,,,,,,,
"Jul 15, 6:50 pm",66,59,78,W,12,10,,FEW011,,29.78,29.91,,,,,,,
"Jul 15, 6:45 pm",66,59,78,WSW,10,10,,FEW011,,29.78,29.91,,,,,,,
"Jul 15, 6:40 pm",66,59,78,WSW,12,10,,CLR,,29.78,29.91,,,,,,,
"Jul 15, 6:35 pm",66,59,78,WSW,12,10,,CLR,,29.78,29.91,,,,,,,
"Jul 15, 6:30 pm",66,59,78,WSW,12,10,,CLR,,29.78,29.91,,,,,,,
"Jul 15, 6:25 pm",66,59,78,W,12,10,,CLR,,29.78,29.91,,,,,,,
"Jul 15, 6:20 pm",66,59,78,W,12,10,,FEW015,,29.78,29.91,,,,,,,
"Jul 15, 6:15 pm",66,59,78,W,12,10,,FEW015,,29.78,29.91,,,,,,,
"Jul 15, 6:10 pm",68,59,73,WSW,12,10,,FEW015,,29.78,29.91,,,,,,,
"Jul 15, 6:05 pm",66,59,78,WSW,12,10,,FEW015,,29.78,29.91,,,,,,,
"Jul 15, 6:00 pm",68,59,73,WSW,10,10,,CLR,,29.78,29.91,,,,,,,
"Jul 15, 5:55 pm",68,59,73,WSW,9,10,,CLR,,29.78,29.91,,,,,,,
"Jul 15, 5:53 pm",68,59,73,WSW,10,10,,FEW015,1012.6,29.78,29.91,,,,,,,
"Jul 15, 5:50 pm",68,59,73,WSW,12,10,,FEW015,,29.78,29.91,,,,,,,
"Jul 15, 5:45 pm",68,59,73,WSW,10,10,,CLR,,29.78,29.91,,,,,,,
"Jul 15, 5:40 pm",70,59,69,W,12,10,,CLR,,29.78,29.91,,,,,,,
"Jul 15, 5:35 pm",68,59,73,W,10,10,,CLR,,29.78,29.91,,,,,,,
"Jul 15, 5:30 pm",68,59,73,WSW,12,10,,CLR,,29.78,29.91,,,,,,,
"Jul 15, 5:25 pm",70,59,69,WSW,12,10,,CLR,,29.78,29.91,,,,,,,
"Jul 15, 5:20 pm",70,59,69,WSW,9,10,,CLR,,29.78,29.91,,,,,,,
"Jul 15, 5:15 pm",70,59,69,WSW,12,10,,CLR,,29.79,29.92,,,,,,,
"Jul 15, 5:10 pm",70,59,69,W,12,10,,CLR,,29.79,29.92,,,,,,,
"Jul 15, 5:05 pm",70,59,69,W,9,10,,CLR,,29.79,29.92,,,,,,,
"Jul 15, 5:00 pm",70,59,69,WSW,10,10,,CLR,,29.79,29.92,,,,,,,
"Jul 15, 4:55 pm",70,59,69,SW,12,10,,CLR,,29.79,29.92,,,,,,,
"Jul 15, 4:53 pm",69,59,70,WSW,10,10,,FEW015,1013,29.79,29.92,,,,74,69,,
"Jul 15, 4:50 pm",70,59,69,SW,10,10,,FEW015,,29.79,29.92,,,,,,,
"Jul 15, 4:45 pm",70,59,69,WSW,10,10,,CLR,,29.79,29.92,,,,,,,
"Jul 15, 4:40 pm",70,59,69,WSW,13,10,,CLR,,29.79,29.92,,,,,,,
"Jul 15, 4:35 pm",70,59,69,WSW,9,10,,CLR,,29.79,29.92,,,,,,,
"Jul 15, 4:30 pm",70,59,69,WSW,13,10,,CLR,,29.79,29.92,,,,,,,
"Jul 15, 4:25 pm",70,59,69,WSW,12,10,,CLR,,29.79,29.93,,,,,,,
"Jul 15, 4:20 pm",70,59,69,W,12,10,,CLR,,29.79,29.93,,,,,,,
"Jul 15, 4:15 pm",70,59,69,WSW,10,10,,CLR,,29.79,29.93,,,,,,,
"Jul 15, 4:10 pm",70,59,69,W,12,10,,CLR,,29.79,29.93,,,,,,,
"Jul 15, 4:05 pm",70,59,69,W,12,10,,CLR,,29.79,29.93,,,,,,,
"Jul 15, 4:00 pm",70,59,69,W,12,10,,CLR,,29.79,29.93,,,,,,,
"Jul 15, 3:55 pm",70,59,69,WSW,13,10,,CLR,,29.79,29.93,,,,,,,
"Jul 15, 3:53 pm",70,59,68,W,13,10,,FEW015,1013.5,29.8,29.94,,,,,,,
"Jul 15, 3:50 pm",70,59,69,WSW,9,10,,FEW015,,29.8,29.94,,,,,,,
"Jul 15, 3:45 pm",70,59,69,WSW,12,10,,CLR,,29.8,29.94,,,,,,,
"Jul 15, 3:40 pm",70,59,69,W,12,10,,CLR,,29.8,29.94,,,,,,,
"Jul 15, 3:35 pm",70,59,69,WSW,12,10,,CLR,,29.8,29.94,,,,,,,
"Jul 15, 3:30 pm",70,59,69,WSW,12,10,,CLR,,29.8,29.94,,,,,,,
"Jul 15, 3:25 pm",70,59,69,W,10,10,,CLR,,29.8,29.94,,,,,,,
"Jul 15, 3:20 pm",70,59,69,W,12,10,,CLR,,29.8,29.94,,,,,,,
"Jul 15, 3:15 pm",70,59,69,W,12,10,,CLR,,29.8,29.94,,,,,,,
"Jul 15, 3:10 pm",70,59,69,W,13,10,,FEW017,,29.81,29.95,,,,,,,
"Jul 15, 3:05 pm",70,59,69,W,10G17,10,,FEW017,,29.81,29.95,,,,,,,
"Jul 15, 3:00 pm",72,59,65,WSW,10,10,,FEW017,,29.81,29.95,,,,,,,
"Jul 15, 2:55 pm",72,59,65,WSW,9,10,,FEW017,,29.81,29.95,,,,,,,
"Jul 15, 2:53 pm",71,59,66,W,9,10,,FEW017,1014.1,29.81,29.95,,,,,,,
"Jul 15, 2:50 pm",72,59,65,W,10,10,,FEW017,,29.81,29.95,,,,,,,
"Jul 15, 2:45 pm",70,59,69,W,12,10,,FEW017,,29.82,29.96,,,,,,,
"Jul 15, 2:40 pm",70,59,69,WSW,10,10,,FEW018,,29.82,29.96,,,,,,,
"Jul 15, 2:35 pm",70,59,69,W,12,10,,FEW017,,29.82,29.96,,,,,,,
"Jul 15, 2:30 pm",70,59,69,WSW,10,10,,FEW016,,29.82,29.96,,,,,,,
"Jul 15, 2:25 pm",70,59,69,WSW,9,10,,FEW016,,29.82,29.96,,,,,,,
"Jul 15, 2:20 pm",72,59,65,WSW,9,10,,FEW015,,29.83,29.97,,,,,,,
"Jul 15, 2:15 pm",72,59,65,WSW,12G17,10,,FEW015,,29.83,29.97,,,,,,,
"Jul 15, 2:10 pm",72,61,69,WSW,10,10,,FEW015,,29.83,29.97,,,,,,,
"Jul 15, 2:05 pm",70,59,69,W,12,10,,FEW015,,29.83,29.97,,,,,,,
"Jul 15, 2:00 pm",72,59,65,WSW,14,10,,FEW015,,29.83,29.97,,,,,,,
"Jul 15, 1:55 pm",72,61,69,WSW,12,10,,CLR,,29.83,29.97,,,,,,,
"Jul 15, 1:53 pm",71,59,66,WSW,10G20,10,,FEW001 FEW017 SCT025,1014.9,29.83,29.97,,,,,,,
"Jul 15, 1:50 pm",72,61,69,WSW,13,10,,FEW001 FEW017 SCT025,,29.84,29.98,,,,,,,
"Jul 15, 1:45 pm",72,61,69,SW,10G16,10,,FEW001 FEW017 SCT025,,29.84,29.98,,,,,,,
"Jul 15, 1:40 pm",72,61,69,W,13,10,,FEW017,,29.84,29.98,,,,,,,
"Jul 15, 1:35 pm",70,59,69,WSW,12,10,,FEW018,,29.84,29.98,,,,,,,
"Jul 15, 1:30 pm",70,61,73,WSW,12,10,,FEW017,,29.84,29.98,,,,,,,
"Jul 15, 1:25 pm",72,61,69,WSW,9,10,,FEW018,,29.84,29.98,,,,,,,
"Jul 15, 1:20 pm",72,61,69,WSW,13,10,,SCT018,,29.84,29.98,,,,,,,
"Jul 15, 1:15 pm",72,61,69,WSW,12,10,,FEW018,,29.84,29.98,,,,,,,
"Jul 15, 1:10 pm",72,61,69,WSW,10,10,,FEW018,,29.84,29.98,,,,,,,
"Jul 15, 1:05 pm",72,61,69,WSW,10,10,,FEW018,,29.84,29.98,,,,,,,
"Jul 15, 1:00 pm",72,61,69,W,14,10,,FEW001 FEW019,,29.84,29.98,,,,,,,
"Jul 15, 12:55 pm",72,61,69,W,14,10,,FEW001,,29.84,29.98,,,,,,,
"Jul 15, 12:53 pm",71,60,68,W,15,10,,FEW001 SCT025,1015.2,29.84,29.98,,,,,,,
"Jul 15, 12:50 pm",72,61,69,W,15,10,,FEW001 SCT022,,29.84,29.98,,,,,,,
"Jul 15, 12:45 pm",72,59,65,SW,12,10,,FEW001 SCT022,,29.85,29.99,,,,,,,
"Jul 15, 12:40 pm",72,57,61,SW,13,10,,FEW001 SCT022,,29.85,29.99,,,,,,,
"Jul 15, 12:35 pm",72,59,65,SW,12,10,,FEW001 SCT022,,29.85,29.99,,,,,,,
"Jul 15, 12:32 pm",72,59,64,WSW,14,10,,FEW001 SCT022,,29.85,29.99,,,,,,,
"Jul 15, 12:30 pm",72,59,65,WSW,14,10,,FEW001,,29.85,29.99,,,,,,,
"Jul 15, 12:25 pm",72,57,61,WSW,14,10,,FEW023,,29.85,29.99,,,,,,,
"Jul 15, 12:20 pm",72,57,61,WSW,13,10,,FEW023,,29.85,29.99,,,,,,,
"Jul 15, 12:15 pm",73,59,61,WSW,13,10,,FEW023,,29.85,29.99,,,,,,,
"Jul 15, 12:10 pm",72,59,65,SW,12G17,10,,FEW024,,29.85,29.99,,,,,,,
"Jul 15, 12:05 pm",73,57,57,SW,13,10,,SCT024,,29.85,29.99,,,,,,,
"Jul 15, 12:00 pm",73,59,61,SW,12,10,,FEW023,,29.84,29.98,,,,,,,
"Jul 15, 11:55 am",73,59,61,SSW,9,10,,FEW024,,29.84,29.98,,,,,,,
"Jul 15, 11:53 am",74,59,60,SSW,10,9,,SCT021 SCT025,1015.1,29.84,29.98,,,,,,,
"Jul 15, 11:50 am",73,59,61,SSW,8,9,,SCT021 SCT025,,29.84,29.98,,,,,,,
"Jul 15, 11:45 am",73,59,61,SW,7,10,,SCT021,,29.84,29.98,,,,,,,
"Jul 15, 11:40 am",72,59,65,SSW,6,10,,SCT021,,29.84,29.98,,,,,,,
"Jul 15, 11:35 am",73,59,61,SSW,10,10,,SCT021,,29.84,29.98,,,,,,,
"Jul 15, 11:30 am",72,59,65,WSW,14G24,10,,SCT021,,29.84,29.98,,,,,,,
"Jul 15, 11:25 am",72,59,65,SSW,12,10,,SCT021,,29.84,29.98,,,,,,,
"Jul 15, 11:20 am",72,59,65,SW,14,10,,SCT021,,29.84,29.98,,,,,,,
"Jul 15, 11:15 am",72,59,65,WSW,14,10,,SCT021,,29.84,29.98,,,,,,,
"Jul 15, 11:10 am",73,59,61,SW,10,10,,SCT021,,29.84,29.98,,,,,,,
"Jul 15, 11:05 am",72,59,65,WSW,13,10,,SCT021,,29.84,29.98,,,,,,,
"Jul 15, 11:00 am",72,59,65,SW,10G20,10,,SCT021,,29.84,29.98,,,,,,,
"Jul 15, 10:55 am",72,59,65,SW,10,10,,SCT021,,29.84,29.98,,,,,,,
"Jul 15, 10:53 am",71,59,66,SW,7,9,,SCT025,1015,29.84,29.98,,,,71,64,,
"Jul 15, 10:50 am",70,59,69,SW,10,9,,SCT025,,29.84,29.98,,,,,,,
"Jul 15, 10:45 am",70,59,69,WSW,10,9,,SCT022,,29.84,29.98,,,,,,,
"Jul 15, 10:40 am",70,59,69,WSW,12,9,,SCT022,,29.84,29.98,,,,,,,
"Jul 15, 10:39 am",70,59,68,WSW,10,9,,SCT022,,29.84,29.98,,,,,,,
"Jul 15, 10:35 am",70,59,69,SW,12,9,,OVC022,,29.84,29.98,,,,,,,
"Jul 15, 10:30 am",70,59,69,SW,13G18,9,,OVC022,,29.84,29.98,,,,,,,
"Jul 15, 10:25 am",70,59,69,SSW,6,9,,OVC022,,29.84,29.98,,,,,,,
"Jul 15, 10:20 am",70,59,69,WSW,6,9,,OVC022,,29.84,29.98,,,,,,,
"Jul 15, 10:17 am",70,59,68,N,0,9,,BKN021,,29.84,29.98,,,,,,,
"Jul 15, 10:15 am",70,59,69,SE,5,10,,SCT021,,29.83,29.97,,,,,,,
"Jul 15, 10:10 am",70,57,64,SSE,6,10,,SCT021,,29.83,29.97,,,,,,,
"Jul 15, 10:05 am",70,57,64,SW,5,10,,SCT021,,29.83,29.97,,,,,,,
"Jul 15, 10:00 am",70,59,69,S,6,10,,SCT021,,29.83,29.97,,,,,,,
"Jul 15, 9:55 am",70,59,69,ESE,6,10,,SCT021,,29.83,29.97,,,,,,,
"Jul 15, 9:53 am",69,59,70,,6,8,,SCT021,1014.7,29.83,29.97,,,,,,,
"Jul 15, 9:50 am",70,59,69,SE,6,8,,SCT021,,29.83,29.97,,,,,,,
"Jul 15, 9:45 am",70,57,64,SE,3,8,,SCT020,,29.83,29.97,,,,,,,
"Jul 15, 9:40 am",70,59,69,SE,5,8,,SCT020,,29.83,29.97,,,,,,,
"Jul 15, 9:38 am",70,58,66,ESE,7,8,,SCT020,,29.83,29.97,,,,,,,
"Jul 15, 9:35 am",70,59,69,E,7,8,,SCT020,,29.83,29.97,,,,,,,
"Jul 15, 9:30 am",70,57,64,N,0,10,,BKN020,,29.83,29.97,,,,,,,
"Jul 15, 9:25 am",70,57,64,ESE,7,10,,BKN020,,29.83,29.97,,,,,,,
"Jul 15, 9:20 am",70,57,64,S,6,10,,OVC020,,29.83,29.97,,,,,,,
"Jul 15, 9:15 am",70,57,64,SE,5,10,,OVC020,,29.83,29.97,,,,,,,
"Jul 15, 9:10 am",68,57,68,S,5,10,,BKN020,,29.83,29.97,,,,,,,
"Jul 15, 9:05 am",66,57,73,SSE,3,10,,OVC019,,29.83,29.97,,,,,,,
"Jul 15, 9:00 am",66,57,73,N,0,10,,BKN019,,29.83,29.97,,,,,,,
"Jul 15, 8:55 am",66,57,73,SE,6,10,,OVC019,,29.83,29.97,,,,,,,
"Jul 15, 8:53 am",67,58,73,ESE,6,8,,SCT010 BKN019,1014.8,29.83,29.97,,,,,,,
"Jul 15, 8:50 am",66,57,73,ESE,5,10,,OVC019,,29.83,29.97,,,,,,,
"Jul 15, 8:45 am",66,57,73,E,3,10,,OVC019,,29.83,29.97,,,,,,,
"Jul 15, 8:40 am",66,57,73,SSE,5,10,,OVC019,,29.83,29.97,,,,,,,
"Jul 15, 8:35 am",66,57,73,ENE,5,10,,OVC019,,29.83,29.97,,,,,,,
"Jul 15, 8:30 am",66,57,73,E,5,10,,OVC019,,29.83,29.97,,,,,,,
"Jul 15, 8:25 am",66,57,73,E,5,10,,OVC018,,29.83,29.97,,,,,,,
"Jul 15, 8:20 am",66,57,73,E,5,10,,OVC018,,29.83,29.97,,,,,,,
"Jul 15, 8:15 am",66,57,73,NE,5,10,,OVC018,,29.83,29.97,,,,,,,
"Jul 15, 8:10 am",66,57,73,E,5,10,,OVC018,,29.83,29.97,,,,,,,
"Jul 15, 8:05 am",66,57,73,E,8,10,,OVC018,,29.83,29.97,,,,,,,
"Jul 15, 8:00 am",66,57,73,SE,3,10,,OVC017,,29.82,29.96,,,,,,,
"Jul 15, 7:55 am",66,57,73,E,3,10,,OVC017,,29.82,29.96,,,,,,,
"Jul 15, 7:53 am",66,58,75,N,0,8,,SCT010 OVC017,1014.4,29.82,29.96,,,,,,,
"Jul 15, 7:50 am",64,57,77,E,7G20,10,,OVC017,,29.82,29.96,,,,,,,
"Jul 15, 7:45 am",64,57,77,E,7G20,10,,OVC016,,29.82,29.96,,,,,,,
"Jul 15, 7:40 am",64,57,77,E,7G20,10,,OVC016,,29.82,29.96,,,,,,,
"Jul 15, 7:35 am",64,57,77,E,7G20,10,,OVC016,,29.82,29.96,,,,,,,
"Jul 15, 7:30 am",64,57,77,E,7G20,10,,OVC016,,29.82,29.96,,,,,,,
"Jul 15, 7:25 am",64,57,77,E,7G20,10,,OVC016,,29.82,29.96,,,,,,,
"Jul 15, 7:20 am",64,57,77,E,7G20,10,,OVC016,,29.81,29.95,,,,,,,
"Jul 15, 7:15 am",64,57,77,E,7G20,10,,OVC016,,29.81,29.95,,,,,,,
"Jul 15, 7:10 am",64,57,77,,,10,,OVC016,,29.81,29.95,,,,,,,
"Jul 15, 7:05 am",64,57,77,ENE,5,10,,OVC016,,29.81,29.95,,,,,,,
"Jul 15, 7:00 am",64,57,77,E,5,10,,OVC016,,29.81,29.95,,,,,,,
"Jul 15, 6:55 am",64,57,77,E,3,10,,OVC016,,29.81,29.95,,,,,,,
"Jul 15, 6:53 am",64,58,81,E,5,7,,SCT010 OVC015,1013.9,29.81,29.95,,,,,,,
"Jul 15, 6:50 am",64,57,77,ENE,5,7,,SCT010 OVC015,,29.81,29.95,,,,,,,
"Jul 15, 6:45 am",64,57,77,N,0,7,,SCT010 OVC015,,29.81,29.95,,,,,,,
"Jul 15, 6:40 am",64,57,77,E,6,7,,SCT010 OVC015,,29.81,29.95,,,,,,,
"Jul 15, 6:35 am",64,57,77,ESE,6,7,,SCT010 OVC012,,29.8,29.94,,,,,,,
"Jul 15, 6:30 am",64,57,77,E,5,7,,SCT010 OVC012,,29.8,29.94,,,,,,,
"Jul 15, 6:25 am",64,57,77,E,6,7,,SCT010 OVC012,,29.8,29.94,,,,,,,
"Jul 15, 6:20 am",64,57,77,E,6,7,,SCT010 OVC012,,29.8,29.94,,,,,,,
"Jul 15, 6:15 am",64,57,77,E,6,7,,SCT010 OVC012,,29.8,29.94,,,,,,,
"Jul 15, 6:10 am",64,59,83,E,5,7,,SCT010 OVC012,,29.8,29.94,,,,,,,
"Jul 15, 6:05 am",64,57,77,E,5,7,,SCT010 OVC012,,29.79,29.93,,,,,,,
"Jul 15, 6:00 am",64,59,83,E,7,7,,SCT010 OVC012,,29.79,29.93,,,,,,,
"Jul 15, 5:55 am",64,59,83,ESE,8,7,,SCT010 OVC012,,29.79,29.93,,,,,,,
"Jul 15, 5:53 am",64,59,84,E,7,7,,SCT010 OVC012,1013.4,29.79,29.93,,,,,,,
"Jul 15, 5:50 am",64,59,83,E,3,9,,OVC012,,29.79,29.93,,,,,,,
"Jul 15, 5:45 am",64,59,83,E,5,9,,OVC012,,29.79,29.93,,,,,,,
"Jul 15, 5:40 am",64,59,83,E,6,9,,OVC012,,29.79,29.93,,,,,,,
"Jul 15, 5:35 am",64,59,83,E,5,9,,OVC012,,29.79,29.93,,,,,,,
"Jul 15, 5:30 am",64,59,83,ENE,6,9,,OVC012,,29.79,29.93,,,,,,,
"Jul 15, 5:25 am",64,59,83,ENE,3,8,,OVC012,,29.79,29.93,,,,,,,
"Jul 15, 5:20 am",64,59,83,ENE,5,8,,OVC012,,29.79,29.93,,,,,,,
"Jul 15, 5:15 am",64,59,83,E,7,8,,OVC012,,29.79,29.93,,,,,,,
"Jul 15, 5:10 am",64,59,83,ESE,7,8,,OVC012,,29.79,29.93,,,,,,,
"Jul 15, 5:05 am",64,59,83,E,7,8,,OVC012,,29.79,29.93,,,,,,,
"Jul 15, 5:00 am",64,59,83,E,5,8,,OVC012,,29.79,29.93,,,,,,,
"Jul 15, 4:55 am",64,59,83,E,3,9,,OVC013,,29.79,29.93,,,,,,,
"Jul 15, 4:53 am",64,59,84,E,3,8,,OVC011,1013.2,29.79,29.93,,,,64,63,,
"Jul 15, 4:50 am",64,59,83,E,3,8,,OVC011,,29.79,29.93,,,,,,,
"Jul 15, 4:45 am",64,59,83,E,5,7,,OVC011,,29.79,29.93,,,,,,,
"Jul 15, 4:40 am",64,59,83,E,6,10,,OVC013,,29.79,29.93,,,,,,,
"Jul 15, 4:35 am",64,59,83,NE,5,10,,OVC012,,29.79,29.93,,,,,,,
"Jul 15, 4:30 am",64,59,83,N,0,10,,OVC012,,29.79,29.93,,,,,,,
"Jul 15, 4:25 am",64,59,83,ESE,6,9,,OVC012,,29.79,29.93,,,,,,,
"Jul 15, 4:20 am",64,59,83,ESE,6,9,,OVC012,,29.79,29.93,,,,,,,
"Jul 15, 4:15 am",64,59,83,ESE,7,9,,OVC012,,29.79,29.93,,,,,,,
"Jul 15, 4:10 am",64,59,83,E,7,8,,OVC012,,29.79,29.93,,,,,,,
"Jul 15, 4:05 am",64,59,83,E,3,8,,OVC012,,29.79,29.93,,,,,,,
"Jul 15, 4:00 am",64,59,83,SE,5,8,,OVC012,,29.79,29.93,,,,,,,
"Jul 15, 3:55 am",64,59,83,N,0,8,,OVC012,,29.79,29.93,,,,,,,
"Jul 15, 3:53 am",64,59,84,,3,7,,OVC011,1013.3,29.79,29.93,,,,,,,
"Jul 15, 3:50 am",64,59,83,N,0,8,,OVC011,,29.79,29.93,,,,,,,
"Jul 15, 3:45 am",64,59,83,E,3,9,,OVC010,,29.79,29.93,,,,,,,
"Jul 15, 3:40 am",64,59,83,ESE,7,9,,OVC010,,29.79,29.93,,,,,,,
"Jul 15, 3:35 am",64,59,83,ESE,5,9,,OVC010,,29.79,29.93,,,,,,,
"Jul 15, 3:30 am",64,59,83,SE,6,9,,OVC010,,29.79,29.93,,,,,,,
"Jul 15, 3:25 am",64,59,83,ESE,5,9,,OVC010,,29.79,29.93,,,,,,,
"Jul 15, 3:20 am",64,59,83,SE,5,9,,OVC010,,29.8,29.94,,,,,,,
"Jul 15, 3:15 am",64,59,83,NNW,3,9,,OVC010,,29.79,29.93,,,,,,,
"Jul 15, 3:10 am",64,59,83,N,0,9,,OVC010,,29.8,29.94,,,,,,,
"Jul 15, 3:05 am",64,59,83,N,0,9,,OVC010,,29.8,29.94,,,,,,,
"Jul 15, 3:00 am",64,59,83,N,0,9,,OVC010,,29.8,29.94,,,,,,,
"Jul 15, 2:55 am",64,59,83,N,0,9,,OVC010,,29.8,29.94,,,,,,,
"Jul 15, 2:53 am",64,59,84,N,0,9,,OVC010,1013.5,29.8,29.94,,,,,,,
"Jul 15, 2:50 am",64,59,83,N,0,9,,OVC010,,29.8,29.94,,,,,,,
"Jul 15, 2:45 am",64,59,83,N,0,9,,OVC010,,29.8,29.94,,,,,,,
"Jul 15, 2:40 am",64,59,83,N,0,9,,OVC010,,29.8,29.94,,,,,,,
"Jul 15, 2:35 am",64,59,83,ESE,3,9,,OVC010,,29.8,29.94,,,,,,,
"Jul 15, 2:30 am",64,59,83,SSE,7,9,,OVC010,,29.8,29.94,,,,,,,
"Jul 15, 2:25 am",64,59,83,ESE,5,9,,OVC010,,29.8,29.94,,,,,,,
"Jul 15, 2:20 am",64,59,83,ESE,5,9,,OVC010,,29.8,29.94,,,,,,,
"Jul 15, 2:15 am",64,59,83,E,3,8,,OVC012,,29.8,29.94,,,,,,,
"Jul 15, 2:10 am",64,59,83,E,5,8,,OVC012,,29.8,29.94,,,,,,,
"Jul 15, 2:05 am",64,59,83,N,0,9,,OVC012,,29.8,29.94,,,,,,,
"Jul 15, 2:00 am",64,59,83,N,0,9,,OVC012,,29.8,29.94,,,,,,,
"Jul 15, 1:55 am",64,59,83,N,0,9,,OVC012,,29.8,29.94,,,,,,,
"Jul 15, 1:53 am",64,59,84,N,0,10,,OVC010,1013.7,29.8,29.94,,,,,,,
"Jul 15, 1:50 am",63,59,88,N,0,10,,OVC010,,29.8,29.94,,,,,,,
"Jul 15, 1:45 am",63,59,88,N,0,10,,OVC010,,29.8,29.94,,,,,,,
"Jul 15, 1:40 am",63,59,88,N,0,10,,OVC010,,29.8,29.94,,,,,,,
"Jul 15, 1:35 am",63,59,88,N,0,10,,OVC010,,29.8,29.94,,,,,,,
"Jul 15, 1:30 am",63,59,88,N,0,10,,OVC010,,29.8,29.94,,,,,,,
"Jul 15, 1:25 am",63,59,88,N,0,10,,OVC010,,29.8,29.94,,,,,,,
"Jul 15, 1:20 am",63,59,88,SW,3,10,,OVC010,,29.81,29.95,,,,,,,
"Jul 15, 1:15 am",63,59,88,N,0,10,,OVC010,,29.8,29.94,,,,,,,
"Jul 15, 1:10 am",63,59,88,N,0,10,,OVC010,,29.8,29.94,,,,,,,
"Jul 15, 1:05 am",63,59,88,SW,3,10,,OVC010,,29.8,29.94,,,,,,,
"Jul 15, 1:00 am",63,59,88,SW,5,10,,OVC010,,29.8,29.94,,,,,,,
"Jul 15, 12:55 am",63,59,88,SW,5,10,,OVC010,,29.8,29.94,,,,,,,
"Jul 15, 12:53 am",63,59,87,SSW,3,10,,BKN010,1013.7,29.8,29.94,,,,,,70,60
"Jul 15, 12:50 am",63,59,88,SW,5,10,,BKN010,,29.8,29.94,,,,,,,
"Jul 15, 12:45 am",63,59,88,SSW,6,10,,BKN010,,29.8,29.94,,,,,,,
"Jul 15, 12:40 am",63,59,88,SSW,3,10,,BKN010,,29.8,29.94,,,,,,,
"Jul 15, 12:35 am",63,59,88,SSW,3,10,,BKN010,,29.8,29.94,,,,,,,
"Jul 15, 12:30 am",63,59,88,N,0,10,,BKN010,,29.8,29.94,,,,,,,
"Jul 15, 12:25 am",63,59,88,SW,5,10,,BKN010,,29.8,29.94,,,,,,,
"Jul 15, 12:20 am",63,59,88,SW,3,10,,BKN010,,29.8,29.94,,,,,,,
"Jul 15, 12:15 am",63,59,88,SW,6,10,,BKN010,,29.8,29.94,,,,,,,
"Jul 15, 12:10 am",63,59,88,WSW,5,10,,BKN010,,29.8,29.94,,,,,,,
"Jul 15, 12:05 am",63,59,88,SW,3,10,,BKN010,,29.8,29.94,,,,,,,
"Jul 15, 12:00 am",63,59,88,SW,6,10,,BKN010,,29.8,29.94,,,,,,,
"Jul 14, 11:55 pm",63,59,88,WNW,3,10,,OVC010,,29.8,29.94,,,,,,,
"Jul 14, 11:53 pm",63,59,87,N,0,10,,BKN010,1013.7,29.8,29.94,,,,,,,
"Jul 14, 11:50 pm",63,57,83,N,0,10,,BKN010,,29.8,29.94,,,,,,,
"Jul 14, 11:45 pm",63,57,83,SW,3,10,,BKN010,,29.8,29.94,,,,,,,
"Jul 14, 11:40 pm",63,57,83,WSW,5,10,,BKN010,,29.81,29.95,,,,,,,
"Jul 14, 11:35 pm",63,57,83,W,5,10,,BKN010,,29.81,29.95,,,,,,,
"Jul 14, 11:30 pm",63,57,83,WSW,5,10,,BKN010,,29.81,29.95,,,,,,,
"Jul 14, 11:25 pm",63,57,83,SW,7,10,,BKN010,,29.81,29.95,,,,,,,
"Jul 14, 11:20 pm",63,57,83,SW,5,10,,BKN010,,29.81,29.95,,,,,,,
"Jul 14, 11:15 pm",63,57,83,SW,7,10,,BKN010,,29.81,29.95,,,,,,,
"Jul 14, 11:10 pm",63,57,83,WSW,7,10,,BKN010,,29.81,29.95,,,,,,,
"Jul 14, 11:05 pm",63,57,83,SW,5,10,,BKN010,,29.81,29.95,,,,,,,
"Jul 14, 11:00 pm",63,57,83,SW,7,10,,BKN010,,29.8,29.94,,,,,,,
"Jul 14, 10:55 pm",63,57,83,SW,6,10,,BKN010,,29.8,29.94,,,,,,,
"Jul 14, 10:53 pm",63,58,84,WSW,6,10,,BKN010,1013.7,29.8,29.94,,,,67,62,,
"Jul 14, 10:50 pm",63,57,83,WSW,7,10,,OVC010,,29.8,29.94,,,,,,,
"Jul 14, 10:45 pm",63,57,83,WSW,8,10,,OVC010,,29.81,29.95,,,,,,,
"Jul 14, 10:40 pm",63,57,83,SW,6,10,,OVC010,,29.81,29.95,,,,,,,
"Jul 14, 10:35 pm",63,57,83,WSW,6,10,,OVC010,,29.8,29.94,,,,,,,
"Jul 14, 10:30 pm",63,59,88,WSW,6,10,,OVC010,,29.8,29.94,,,,,,,
"Jul 14, 10:25 pm",63,59,88,WSW,7,10,,OVC011,,29.8,29.94,,,,,,,
"Jul 14, 10:20 pm",63,59,88,W,6,10,,OVC011,,29.8,29.94,,,,,,,
"Jul 14, 10:15 pm",63,59,88,WSW,7,10,,OVC011,,29.8,29.94,,,,,,,
"Jul 14, 10:10 pm",63,59,88,WSW,9,10,,OVC010,,29.8,29.94,,,,,,,
"Jul 14, 10:05 pm",63,59,88,WSW,8,10,,OVC010,,29.8,29.94,,,,,,,
"Jul 14, 10:00 pm",63,59,88,W,7,10,,OVC010,,29.8,29.94,,,,,,,
"Jul 14, 9:55 pm",63,59,88,W,7,10,,OVC010,,29.8,29.94,,,,,,,
"Jul 14, 9:53 pm",63,59,87,WSW,7,10,,OVC010,1013.5,29.8,29.94,,,,,,,
"Jul 14, 9:50 pm",63,59,88,W,8,10,,OVC010,,29.8,29.94,,,,,,,
"Jul 14, 9:45 pm",63,59,88,WSW,8,10,,OVC011,,29.79,29.93,,,,,,,
"Jul 14, 9:40 pm",63,59,88,WSW,8,10,,OVC011,,29.79,29.93,,,,,,,
"Jul 14, 9:35 pm",63,59,88,W,8,10,,OVC011,,29.79,29.93,,,,,,,
"Jul 14, 9:34 pm",63,59,87,W,7,10,,OVC011,,29.79,29.93,,,,,,,
"Jul 14, 9:30 pm",63,59,88,WSW,8,10,,OVC009,,29.79,29.93,,,,,,,
"Jul 14, 9:25 pm",63,59,88,WSW,7,10,,OVC009,,29.79,29.93,,,,,,,
"Jul 14, 9:20 pm",63,59,88,WSW,8,10,,OVC009,,29.79,29.93,,,,,,,
"Jul 14, 9:15 pm",63,57,83,W,10,10,,OVC009,,29.79,29.93,,,,,,,
"Jul 14, 9:10 pm",63,59,88,W,9,10,,OVC009,,29.79,29.93,,,,,,,
"Jul 14, 9:05 pm",63,59,88,WSW,6,10,,OVC009,,29.79,29.92,,,,,,,
"Jul 14, 9:00 pm",63,59,88,W,9,10,,OVC009,,29.79,29.92,,,,,,,
"Jul 14, 8:55 pm",63,59,88,W,9,10,,OVC009,,29.79,29.92,,,,,,,
"Jul 14, 8:53 pm",63,59,87,WSW,7,10,,OVC009,1013,29.79,29.92,,,,,,,
"Jul 14, 8:50 pm",63,59,88,W,9,10,,OVC009,,29.79,29.92,,,,,,,
"Jul 14, 8:45 pm",63,57,83,W,9,10,,OVC008,,29.79,29.92,,,,,,,
"Jul 14, 8:40 pm",63,57,83,WSW,9,10,,OVC008,,29.78,29.91,,,,,,,
"Jul 14, 8:35 pm",63,57,83,W,7,10,,OVC008,,29.78,29.91,,,,,,,
"Jul 14, 8:30 pm",63,57,83,WSW,9,10,,OVC008,,29.78,29.91,,,,,,,
"Jul 14, 8:25 pm",63,57,83,W,12,10,,OVC008,,29.78,29.91,,,,,,,
"Jul 14, 8:20 pm",63,57,83,W,10,10,,OVC008,,29.78,29.91,,,,,,,
"Jul 14, 8:15 pm",63,57,83,W,10,10,,OVC008,,29.78,29.91,,,,,,,
"Jul 14, 8:10 pm",63,57,83,W,12,10,,OVC008,,29.78,29.91,,,,,,,
"Jul 14, 8:05 pm",63,57,83,WSW,10,10,,OVC008,,29.78,29.91,,,,,,,
"Jul 14, 8:00 pm",63,57,83,WSW,12,10,,OVC008,,29.78,29.91,,,,,,,
"Jul 14, 7:55 pm",63,57,83,WSW,12,10,,OVC008,,29.78,29.91,,,,,,,
"Jul 14, 7:53 pm",63,58,84,WSW,10,10,,OVC008,1012.7,29.78,29.91,,,,,,,
"Jul 14, 7:50 pm",63,57,83,WSW,13,10,,OVC008,,29.78,29.91,,,,,,,
"Jul 14, 7:45 pm",63,57,83,SW,12,10,,OVC009,,29.78,29.91,,,,,,,
"Jul 14, 7:40 pm",63,57,83,W,12,10,,OVC008,,29.78,29.91,,,,,,,
"Jul 14, 7:35 pm",63,57,83,WSW,9,10,,OVC008,,29.78,29.91,,,,,,,
"Jul 14, 7:30 pm",63,57,83,W,10,10,,OVC009,,29.78,29.91,,,,,,,
"Jul 14, 7:25 pm",63,57,83,W,12,10,,OVC008,,29.78,29.91,,,,,,,
"Jul 14, 7:20 pm",63,57,83,WSW,9,10,,OVC008,,29.77,29.9,,,,,,,
"Jul 14, 7:15 pm",63,57,83,W,12,10,,OVC008,,29.77,29.9,,,,,,,
"Jul 14, 7:10 pm",63,57,83,W,12,10,,OVC009,,29.77,29.9,,,,,,,
"Jul 14, 7:05 pm",63,57,83,W,12,10,,OVC008,,29.77,29.9,,,,,,,
"Jul 14, 7:00 pm",63,57,83,WSW,9,10,,OVC008,,29.77,29.9,,,,,,,
"Jul 14, 6:55 pm",63,57,83,WSW,12,10,,OVC009,,29.77,29.9,,,,,,,
"Jul 14, 6:53 pm",63,58,84,WSW,10,10,,OVC009,1012.5,29.77,29.9,,,,,,,
"Jul 14, 6:50 pm",63,57,83,W,13,10,,BKN009,,29.77,29.9,,,,,,,
"Jul 14, 6:45 pm",63,57,83,W,12,10,,BKN009,,29.77,29.9,,,,,,,
"Jul 14, 6:40 pm",63,57,83,W,10,10,,BKN009,,29.77,29.9,,,,,,,
"Jul 14, 6:35 pm",63,57,83,WSW,10,10,,BKN009,,29.77,29.9,,,,,,,
"Jul 14, 6:30 pm",63,57,83,SW,12,10,,BKN009,,29.77,29.9,,,,,,,
"Jul 14, 6:29 pm",63,58,84,WSW,12,10,,BKN009,,29.77,29.9,,,,,,,
"Jul 14, 6:25 pm",63,57,83,WSW,12,10,,BKN010,,29.77,29.9,,,,,,,
"Jul 14, 6:20 pm",64,57,77,SW,12G17,10,,OVC010,,29.77,29.9,,,,,,,
"Jul 14, 6:15 pm",64,57,77,SW,13,10,,BKN011,,29.77,29.9,,,,,,,
"Jul 14, 6:10 pm",64,57,77,WSW,13,10,,BKN011,,29.77,29.9,,,,,,,
"Jul 14, 6:05 pm",64,57,77,WSW,13,10,,BKN011,,29.77,29.9,,,,,,,
"Jul 14, 6:00 pm",64,57,77,WSW,13,10,,BKN011,,29.77,29.9,,,,,,,
"Jul 14, 5:55 pm",64,57,77,W,13,10,,BKN011,,29.77,29.9,,,,,,,
"Jul 14, 5:53 pm",65,58,78,W,13,10,,BKN011,1012.5,29.77,29.9,,,,,,,
"Jul 14, 5:50 pm",66,57,73,WSW,12,10,,SCT012,,29.77,29.9,,,,,,,
"Jul 14, 5:45 pm",64,57,77,WSW,14,10,,SCT012,,29.77,29.9,,,,,,,
"Jul 14, 5:40 pm",66,57,73,WSW,14,10,,FEW012,,29.77,29.9,,,,,,,
"Jul 14, 5:35 pm",66,57,73,WSW,14,10,,CLR,,29.77,29.9,,,,,,,
"Jul 14, 5:30 pm",66,57,73,WSW,14,10,,FEW012,,29.77,29.9,,,,,,,
"Jul 14, 5:25 pm",66,57,73,SW,14,10,,FEW012,,29.78,29.91,,,,,,,
"Jul 14, 5:20 pm",66,57,73,WSW,13,10,,FEW012,,29.78,29.91,,,,,,,
"Jul 14, 5:15 pm",66,57,73,WSW,14,10,,FEW012,,29.78,29.91,,,,,,,
"Jul 14, 5:10 pm",66,57,73,WSW,13,10,,FEW012,,29.78,29.91,,,,,,,
"Jul 14, 5:05 pm",66,57,73,WSW,14,10,,FEW012,,29.78,29.91,,,,,,,
"Jul 14, 5:00 pm",66,57,73,WSW,14,10,,FEW012,,29.78,29.91,,,,,,,
"Jul 14, 4:55 pm",66,57,73,WSW,13,10,,SCT012,,29.78,29.91,,,,,,,
"Jul 14, 4:53 pm",67,58,73,WSW,16,10,,FEW012,1012.8,29.78,29.91,,,,70,67,,
"Jul 14, 4:50 pm",66,57,73,WSW,16,10,,FEW012,,29.78,29.91,,,,,,,
"Jul 14, 4:45 pm",66,57,73,WSW,16,10,,FEW012,,29.79,29.92,,,,,,,
"Jul 14, 4:40 pm",66,57,73,W,14G20,10,,SCT012,,29.79,29.92,,,,,,,
"Jul 14, 4:35 pm",66,57,73,SW,13,10,,SCT013,,29.79,29.92,,,,,,,
"Jul 14, 4:30 pm",68,57,68,WSW,14,10,,SCT013,,29.79,29.92,,,,,,,
"Jul 14, 4:25 pm",68,57,68,WSW,13,10,,FEW013,,29.79,29.92,,,,,,,
"Jul 14, 4:20 pm",68,57,68,W,15,10,,FEW013,,29.79,29.92,,,,,,,
"Jul 14, 4:15 pm",68,57,68,WSW,12,10,,FEW013,,29.79,29.92,,,,,,,
"Jul 14, 4:10 pm",68,57,68,SW,14,10,,FEW013,,29.79,29.92,,,,,,,
"Jul 14, 4:05 pm",70,57,64,W,14,10,,FEW013,,29.79,29.92,,,,,,,
"Jul 14, 4:00 pm",68,57,68,WSW,13,10,,FEW013,,29.79,29.92,,,,,,,
"Jul 14, 3:55 pm",70,59,69,W,14,10,,FEW013,,29.79,29.93,,,,,,,
"Jul 14, 3:53 pm",68,59,73,W,13G21,10,,FEW013,1013.3,29.79,29.93,,,,,,,
"Jul 14, 3:50 pm",68,57,68,SW,14,10,,FEW013,,29.79,29.93,,,,,,,
"Jul 14, 3:45 pm",70,57,64,WSW,13G18,10,,FEW013,,29.79,29.93,,,,,,,
"Jul 14, 3:40 pm",70,57,64,WSW,16,10,,FEW013,,29.79,29.93,,,,,,,
"Jul 14, 3:35 pm",70,57,64,WSW,15,10,,FEW013,,29.79,29.93,,,,,,,
"Jul 14, 3:30 pm",70,57,64,WSW,14G21,10,,CLR,,29.79,29.93,,,,,,,
"Jul 14, 3:25 pm",70,59,69,WSW,14G20,10,,CLR,,29.79,29.93,,,,,,,
"Jul 14, 3:20 pm",70,57,64,WSW,15,10,,CLR,,29.79,29.93,,,,,,,
"Jul 14, 3:15 pm",70,57,64,WSW,14G20,10,,CLR,,29.79,29.93,,,,,,,
"Jul 14, 3:10 pm",70,57,64,WSW,15,10,,CLR,,29.8,29.94,,,,,,,
"Jul 14, 3:05 pm",70,59,69,WSW,14,10,,CLR,,29.8,29.94,,,,,,,
"Jul 14, 3:00 pm",70,59,69,W,16,10,,CLR,,29.8,29.94,,,,,,,
"Jul 14, 2:55 pm",70,59,69,WSW,14,10,,CLR,,29.8,29.94,,,,,,,
"Jul 14, 2:53 pm",69,59,70,WSW,15,10,,FEW010,1013.8,29.8,29.94,,,,,,,
"Jul 14, 2:50 pm",70,59,69,WSW,14,10,,FEW010,,29.8,29.94,,,,,,,
"Jul 14, 2:45 pm",70,59,69,WSW,12,10,,CLR,,29.8,29.94,,,,,,,
"Jul 14, 2:40 pm",70,59,69,W,15,10,,CLR,,29.81,29.95,,,,,,,
"Jul 14, 2:35 pm",70,59,69,WSW,12,10,,CLR,,29.81,29.95,,,,,,,
"Jul 14, 2:30 pm",70,59,69,WSW,13,10,,CLR,,29.81,29.95,,,,,,,
"Jul 14, 2:25 pm",70,59,69,W,15G21,10,,CLR,,29.81,29.95,,,,,,,
"Jul 14, 2:20 pm",70,59,69,W,12,10,,CLR,,29.81,29.95,,,,,,,
"Jul 14, 2:15 pm",70,59,69,W,14,10,,CLR,,29.81,29.95,,,,,,,
"Jul 14, 2:10 pm",70,59,69,W,14,10,,CLR,,29.81,29.95,,,,,,,
"Jul 14, 2:05 pm",70,59,69,WSW,13,10,,CLR,,29.81,29.95,,,,,,,
"Jul 14, 2:00 pm",70,59,69,W,12G18,10,,CLR,,29.81,29.95,,,,,,,
"Jul 14, 1:55 pm",70,59,69,W,13,10,,CLR,,29.82,29.96,,,,,,,
"Jul 14, 1:53 pm",70,59,68,W,12G21,8,,FEW010 SCT018,1014.2,29.82,29.96,,,,,,,
"Jul 14, 1:50 pm",70,59,69,W,12,8,,FEW010 SCT018,,29.82,29.96,,,,,,,
"Jul 14, 1:45 pm",70,59,69,W,13,8,,FEW010 SCT018,,29.82,29.96,,,,,,,
"Jul 14, 1:40 pm",70,59,69,W,12,10,,CLR,,29.82,29.96,,,,,,,
"Jul 14, 1:35 pm",70,59,69,W,13,10,,CLR,,29.82,29.96,,,,,,,
"Jul 14, 1:30 pm",70,59,69,W,12,10,,CLR,,29.82,29.96,,,,,,,
"Jul 14, 1:25 pm",70,59,69,W,12,10,,CLR,,29.82,29.96,,,,,,,
"Jul 14, 1:20 pm",70,59,69,WSW,14,10,,CLR,,29.82,29.96,,,,,,,
"Jul 14, 1:15 pm",70,59,69,WSW,13,10,,CLR,,29.82,29.96,,,,,,,
"Jul 14, 1:10 pm",70,59,69,W,12,10,,CLR,,29.82,29.96,,,,,,,
"Jul 14, 1:05 pm",70,59,69,W,12,10,,CLR,,29.82,29.96,,,,,,,
"Jul 14, 1:00 pm",70,59,69,W,13,10,,CLR,,29.82,29.96,,,,,,,
"Jul 14, 12:55 pm",70,59,69,W,12,10,,CLR,,29.82,29.96,,,,,,,
"Jul 14, 12:53 pm",69,59,70,WSW,12,7,,FEW012 SCT017,1014.5,29.82,29.96,,,,,,,
"Jul 14, 12:50 pm",70,59,69,W,12,10,,FEW012 SCT017,,29.82,29.96,,,,,,,
"Jul 14, 12:45 pm",70,59,69,WSW,12,9,,CLR,,29.82,29.96,,,,,,,
"Jul 14, 12:40 pm",70,59,69,W,10,9,,CLR,,29.82,29.96,,,,,,,
"Jul 14, 12:35 pm",70,59,69,W,12,7,,CLR,,29.82,29.96,,,,,,,
"Jul 14, 12:30 pm",70,61,73,WSW,9,8,,CLR,,29.83,29.97,,,,,,,
"Jul 14, 12:25 pm",70,59,69,W,7,9,,CLR,,29.83,29.97,,,,,,,
"Jul 14, 12:20 pm",70,61,73,WSW,9,9,,CLR,,29.83,29.97,,,,,,,
"Jul 14, 12:15 pm",70,61,73,WSW,8,9,,CLR,,29.83,29.97,,,,,,,
"Jul 14, 12:10 pm",70,61,73,W,9,9,,CLR,,29.83,29.97,,,,,,,
"Jul 14, 12:05 pm",70,59,69,WSW,10,9,,CLR,,29.83,29.97,,,,,,,
"Jul 14, 12:00 pm",70,61,73,W,9,9,,CLR,,29.83,29.97,,,,,,,
"Jul 14, 11:55 am",70,59,69,W,10,10,,FEW013,,29.83,29.97,,,,,,,
"Jul 14, 11:53 am",69,59,70,W,10,6,Haze,FEW014 SCT016,1014.8,29.83,29.97,,,,,,,
"Jul 14, 11:50 am",70,59,69,W,12,6,Haze,FEW014 SCT016,,29.83,29.97,,,,,,,
"Jul 14, 11:45 am",70,59,69,W,12,9,Haze,SCT016,,29.83,29.97,,,,,,,
"Jul 14, 11:40 am",70,61,73,WSW,10,7,Haze,SCT017,,29.83,29.97,,,,,,,
"Jul 14, 11:35 am",70,59,69,WSW,10,6,Haze,SCT016,,29.83,29.97,,,,,,,
"Jul 14, 11:32 am",69,59,70,W,9,5,Haze,SCT016,,29.83,29.97,,,,,,,
"Jul 14, 11:30 am",70,59,69,WSW,9,5,Haze,BKN017,,29.83,29.97,,,,,,,
"Jul 14, 11:25 am",70,61,73,WSW,10,5,Haze,BKN017,,29.84,29.98,,,,,,,
"Jul 14, 11:20 am",68,59,73,WSW,8,3,Haze,BKN017,,29.84,29.98,,,,,,,
"Jul 14, 11:15 am",70,59,69,WSW,7,3,Haze,BKN017,,29.84,29.98,,,,,,,
"Jul 14, 11:10 am",70,61,73,WSW,8,5,Haze,BKN017,,29.84,29.98,,,,,,,
"Jul 14, 11:05 am",70,61,73,WSW,9,5,Haze,BKN017,,29.84,29.98,,,,,,,
"Jul 14, 11:00 am",70,61,73,WSW,7,5,Haze,BKN017,,29.84,29.98,,,,,,,
"Jul 14, 10:55 am",68,59,73,WSW,9,5,Haze,BKN017,,29.84,29.98,,,,,,,
"Jul 14, 10:53 am",69,59,70,WSW,8,5,Haze,BKN017,1015,29.84,29.98,,,,69,61,,
"Jul 14, 10:50 am",70,59,69,WSW,7,5,Haze,BKN017,,29.84,29.98,,,,,,,
"Jul 14, 10:45 am",70,59,69,WSW,7G20,5,Haze,OVC017,,29.84,29.98,,,,,,,
"Jul 14, 10:40 am",68,59,73,WSW,7G20,5,Haze,OVC016,,29.84,29.98,,,,,,,
"Jul 14, 10:35 am",68,59,73,WSW,7G20,5,Haze,OVC016,,29.84,29.98,,,,,,,
"Jul 14, 10:30 am",68,59,73,WSW,7G20,6,Haze,OVC015,,29.84,29.98,,,,,,,
"Jul 14, 10:25 am",68,59,73,WSW,6,6,Haze,OVC015,,29.83,29.97,,,,,,,
"Jul 14, 10:20 am",68,59,73,W,5,6,Haze,OVC015,,29.83,29.97,,,,,,,
"Jul 14, 10:15 am",68,59,73,W,6,6,Haze,OVC015,,29.83,29.97,,,,,,,
"Jul 14, 10:10 am",66,59,78,W,6,5,Haze,OVC015,,29.84,29.98,,,,,,,
"Jul 14, 10:07 am",67,59,76,N,0,5,Haze,OVC015,,29.84,29.98,,,,,,,
"Jul 14, 10:05 am",66,59,78,N,0,5,Haze,OVC015,,29.84,29.98,,,,,,,
"Jul 14, 10:00 am",66,59,78,N,0,5,Haze,OVC014,,29.84,29.98,,,,,,,
"Jul 14, 9:55 am",66,59,78,S,3,5,Haze,OVC014,,29.83,29.97,,,,,,,
"Jul 14, 9:53 am",66,59,78,SSW,3,5,Haze,OVC014,1015,29.84,29.98,,,,,,,
"Jul 14, 9:50 am",66,59,78,N,0,5,Haze,OVC014,,29.84,29.98,,,,,,,
"Jul 14, 9:45 am",66,59,78,SSW,3,5,Haze,OVC013,,29.84,29.98,,,,,,,
"Jul 14, 9:40 am",66,59,78,SSW,3,6,Haze,OVC012,,29.84,29.98,,,,,,,
"Jul 14, 9:35 am",66,59,78,SSE,3,6,Haze,OVC012,,29.84,29.98,,,,,,,
"Jul 14, 9:30 am",66,61,83,N,0,5,Haze,OVC012,,29.84,29.98,,,,,,,
"Jul 14, 9:25 am",64,61,88,N,0,5,Haze,OVC012,,29.84,29.98,,,,,,,
"Jul 14, 9:20 am",64,61,88,N,0,6,Haze,OVC012,,29.84,29.98,,,,,,,
"Jul 14, 9:15 am",64,59,83,N,0,6,Haze,OVC011,,29.85,29.99,,,,,,,
"Jul 14, 9:10 am",64,61,88,E,3,6,Haze,OVC011,,29.85,29.99,,,,,,,
"Jul 14, 9:05 am",64,59,83,N,0,5,Haze,OVC011,,29.85,29.99,,,,,,,
"Jul 14, 9:00 am",64,59,83,N,0,6,Haze,OVC011,,29.85,29.99,,,,,,,
"Jul 14, 8:55 am",64,59,83,NW,3,6,Haze,OVC011,,29.85,29.99,,,,,,,
"Jul 14, 8:53 am",65,59,81,,3,6,Haze,OVC011,1015.5,29.85,29.99,,,,,,,
"Jul 14, 8:50 am",64,59,83,NW,5,6,Haze,OVC011,,29.85,29.99,,,,,,,
"Jul 14, 8:45 am",64,61,88,SE,3G20,6,Mist,OVC011,,29.85,29.99,,,,,,,
"Jul 14, 8:40 am",64,59,83,SE,3G20,6,Mist,OVC011,,29.86,30,,,,,,,
"Jul 14, 8:35 am",64,59,83,SE,3G20,6,Mist,OVC011,,29.86,30,,,,,,,
"Jul 14, 8:30 am",64,59,83,E,3,6,Mist,OVC011,,29.86,30,,,,,,,
"Jul 14, 8:25 am",64,59,83,N,0,6,Mist,OVC011,,29.86,30,,,,,,,
"Jul 14, 8:20 am",64,59,83,N,0,5,Mist,OVC010,,29.86,30,,,,,,,
"Jul 14, 8:18 am",64,59,84,N,0,5,Mist,OVC010,,29.86,30,,,,,,,
"Jul 14, 8:15 am",64,59,83,N,0,5,Mist,OVC010,,29.86,30,,,,,,,
"Jul 14, 8:10 am",63,59,88,N,0,5,Mist,OVC009,,29.86,30,,,,,,,
"Jul 14, 8:05 am",63,59,88,ESE,3,5,Mist,OVC009,,29.86,30,,,,,,,
"Jul 14, 8:00 am",63,59,88,E,5,5,Mist,OVC009,,29.86,30,,,,,,,
"Jul 14, 7:55 am",63,59,88,E,3,5,Mist,OVC009,,29.86,30,,,,,,,
"Jul 14, 7:53 am",63,59,87,,3,5,Mist,OVC009,1015.7,29.86,30,,,,,,,
"Jul 14, 7:50 am",63,59,88,ESE,3,5,Mist,OVC009,,29.86,30,,,,,,,
"Jul 14, 7:45 am",63,59,88,N,3G20,5,Mist,OVC009,,29.86,30,,,,,,,
"Jul 14, 7:40 am",63,59,88,N,3G20,5,Mist,OVC009,,29.86,30,,,,,,,
"Jul 14, 7:35 am",63,59,88,N,3G20,5,Mist,OVC009,,29.86,30,,,,,,,
"Jul 14, 7:30 am",63,59,88,,,5,Mist,OVC009,,29.86,30,,,,,,,
"Jul 14, 7:25 am",63,59,88,N,0,5,Mist,OVC009,,29.86,30,,,,,,,
"Jul 14, 7:20 am",63,57,83,ESE,3,6,Mist,OVC009,,29.86,30,,,,,,,
"Jul 14, 7:15 am",63,57,83,ESE,5,6,Mist,OVC009,,29.86,30,,,,,,,
"Jul 14, 7:10 am",63,57,83,,,7,Mist,OVC009,,29.86,30,,,,,,,
"Jul 14, 7:05 am",63,57,83,,,7,Mist,OVC008,,29.86,30,,,,,,,
"Jul 14, 7:00 am",63,59,88,,,7,Mist,OVC008,,29.85,29.99,,,,,,,
"Jul 14, 6:55 am",63,59,88,,,7,Mist,OVC008,,29.85,29.99,,,,,,,
"Jul 14, 6:53 am",62,59,90,N,0,4,Mist,OVC008,1015.3,29.85,29.99,,,,,,,
"Jul 14, 6:50 am",63,59,88,N,0,8,,OVC008,,29.85,29.99,,,,,,,
"Jul 14, 6:45 am",63,59,88,ENE,3,8,,OVC008,,29.84,29.98,,,,,,,
"Jul 14, 6:40 am",63,57,83,ENE,3,9,,OVC008,,29.84,29.98,,,,,,,
"Jul 14, 6:35 am",63,57,83,E,3,9,,OVC008,,29.84,29.98,,,,,,,
"Jul 14, 6:30 am",63,57,83,ESE,5,9,,OVC008,,29.84,29.98,,,,,,,
"Jul 14, 6:25 am",63,59,88,E,5,9,,OVC008,,29.84,29.98,,,,,,,
"Jul 14, 6:20 am",63,59,88,SE,5,9,,OVC008,,29.84,29.98,,,,,,,
"Jul 14, 6:15 am",63,59,88,SE,6,8,,OVC007,,29.84,29.98,,,,,,,
"Jul 14, 6:10 am",63,59,88,N,0,8,,OVC007,,29.84,29.98,,,,,,,
"Jul 14, 6:05 am",63,59,88,S,3,8,,OVC007,,29.84,29.98,,,,,,,
"Jul 14, 6:00 am",63,59,88,SE,3,8,,OVC007,,29.84,29.98,,,,,,,
"Jul 14, 5:55 am",61,59,94,E,5,7,,OVC006,,29.84,29.98,,,,,,,
"Jul 14, 5:53 am",61,59,93,ENE,5,4,Mist,FEW004 OVC006,1015.1,29.84,29.98,,,,,,,
"Jul 14, 5:50 am",61,59,94,E,6,4,Mist,FEW004 OVC006,,29.84,29.98,,,,,,,
"Jul 14, 5:45 am",61,59,94,ENE,3,4,Mist,FEW004 OVC006,,29.84,29.98,,,,,,,
"Jul 14, 5:40 am",61,59,94,E,3,4,Mist,FEW004 OVC006,,29.84,29.98,,,,,,,
"Jul 14, 5:35 am",61,59,94,N,0,4,Mist,FEW004 OVC006,,29.83,29.97,,,,,,,
"Jul 14, 5:30 am",61,59,94,N,0,4,Mist,FEW004 OVC006,,29.83,29.97,,,,,,,
"Jul 14, 5:25 am",61,59,94,N,3,5,Mist,FEW004 OVC006,,29.83,29.97,,,,,,,
"Jul 14, 5:20 am",61,59,94,N,0,5,Mist,OVC005,,29.83,29.97,,,,,,,
"Jul 14, 5:15 am",61,59,94,N,0,5,Mist,OVC005,,29.82,29.96,,,,,,,
"Jul 14, 5:10 am",61,59,94,N,0,5,Mist,OVC005,,29.82,29.96,,,,,,,
"Jul 14, 5:05 am",61,59,94,N,0,5,Mist,OVC005,,29.82,29.96,,,,,,,
"Jul 14, 5:00 am",61,59,94,N,0,5,Mist,OVC005,,29.82,29.96,,,,,,,
"Jul 14, 4:55 am",61,59,94,N,0,8,,OVC005,,29.82,29.96,,,,,,,
"Jul 14, 4:53 am",61,59,93,WSW,3,5,Mist,OVC005,1014.4,29.82,29.96,,,,61,60,,
"Jul 14, 4:50 am",61,59,94,N,0,5,Mist,OVC005,,29.82,29.96,,,,,,,
"Jul 14, 4:45 am",61,59,94,WNW,5,5,Mist,OVC005,,29.82,29.96,,,,,,,
"Jul 14, 4:40 am",61,59,94,W,3,5,Mist,OVC005,,29.81,29.95,,,,,,,
"Jul 14, 4:35 am",61,59,94,W,5,5,Mist,OVC005,,29.82,29.96,,,,,,,
"Jul 14, 4:30 am",61,59,94,WSW,3,6,Mist,OVC005,,29.81,29.95,,,,,,,
"Jul 14, 4:25 am",61,59,94,WSW,3,6,Mist,OVC005,,29.81,29.95,,,,,,,
"Jul 14, 4:20 am",61,59,94,W,3,7,,OVC005,,29.81,29.95,,,,,,,
"Jul 14, 4:15 am",61,59,94,WSW,3,7,,OVC005,,29.82,29.96,,,,,,,
"Jul 14, 4:10 am",61,59,94,N,0,7,,OVC005,,29.82,29.96,,,,,,,
"Jul 14, 4:05 am",61,59,94,WSW,3,7,,OVC005,,29.82,29.96,,,,,,,
"Jul 14, 4:00 am",61,59,94,N,0,7,,OVC005,,29.82,29.96,,,,,,,
"Jul 14, 3:55 am",61,59,94,WSW,3,7,,OVC005,,29.82,29.96,,,,,,,
"Jul 14, 3:53 am",61,59,93,W,3,7,,OVC005,1014.2,29.82,29.96,,,,,,,
"Jul 14, 3:50 am",61,59,94,N,0,7,,OVC005,,29.82,29.96,,,,,,,
"Jul 14, 3:45 am",61,59,94,N,0,8,,OVC005,,29.82,29.96,,,,,,,
"Jul 14, 3:40 am",61,57,88,N,0,8,,OVC005,,29.82,29.96,,,,,,,
"Jul 14, 3:35 am",61,57,88,N,0,8,,OVC005,,29.82,29.96,,,,,,,
"Jul 14, 3:30 am",61,57,88,N,0,8,,OVC005,,29.82,29.96,,,,,,,
"Jul 14, 3:25 am",61,57,88,W,3,8,,OVC005,,29.82,29.96,,,,,,,
"Jul 14, 3:20 am",61,57,88,W,5,8,,OVC005,,29.82,29.96,,,,,,,
"Jul 14, 3:15 am",61,57,88,N,0,8,,OVC005,,29.82,29.96,,,,,,,
"Jul 14, 3:10 am",61,57,88,N,0,8,,OVC005,,29.83,29.97,,,,,,,
"Jul 14, 3:05 am",61,57,88,N,0,8,,OVC005,,29.83,29.97,,,,,,,
"Jul 14, 3:00 am",61,57,88,N,0,8,,OVC005,,29.83,29.97,,,,,,,
"Jul 14, 2:55 am",61,57,88,N,0,10,,OVC005,,29.83,29.97,,,,,,,
"Jul 14, 2:53 am",60,58,93,N,0,8,,OVC005,1014.6,29.83,29.97,,,,,,,
"Jul 14, 2:50 am",61,57,88,N,0,8,,OVC005,,29.83,29.97,,,,,,,
"Jul 14, 2:45 am",61,57,88,WSW,5,8,,OVC005,,29.83,29.97,,,,,,,
"Jul 14, 2:40 am",61,57,88,SSW,3,8,,OVC005,,29.83,29.97,,,,,,,
"Jul 14, 2:35 am",61,57,88,SW,5,8,,OVC005,,29.83,29.97,,,,,,,
"Jul 14, 2:30 am",61,57,88,SSW,5,8,,OVC005,,29.83,29.97,,,,,,,
"Jul 14, 2:25 am",61,57,88,WSW,3,8,,OVC005,,29.83,29.97,,,,,,,
"Jul 14, 2:20 am",61,57,88,WSW,5,7,,OVC005,,29.83,29.97,,,,,,,
"Jul 14, 2:15 am",61,57,88,WSW,5,7,,OVC005,,29.83,29.97,,,,,,,
"Jul 14, 2:10 am",61,57,88,SW,6,10,,OVC004,,29.83,29.97,,,,,,,
"Jul 14, 2:05 am",61,57,88,W,5,10,,OVC005,,29.83,29.97,,,,,,,
"Jul 14, 2:00 am",61,57,88,WSW,7,10,,OVC005,,29.83,29.97,,,,,,,
"Jul 14, 1:59 am",60,58,93,WSW,7,10,,OVC005,,29.83,29.97,,,,,,,
"Jul 14, 1:55 am",61,57,88,WSW,7,10,,OVC005,,29.83,29.97,,,,,,,
"Jul 14, 1:53 am",60,58,93,WSW,6,4,Mist,FEW002 OVC004,1014.7,29.83,29.97,,,,,,,
"Jul 14, 1:50 am",61,57,88,SW,6,4,Mist,FEW002 OVC004,,29.83,29.97,,,,,,,
"Jul 14, 1:45 am",61,57,88,SW,6,4,Mist,FEW002 OVC004,,29.83,29.97,,,,,,,
"Jul 14, 1:40 am",61,57,88,WSW,6,4,Mist,FEW002 OVC004,,29.83,29.97,,,,,,,
"Jul 14, 1:35 am",61,57,88,WSW,8,4,Mist,FEW002 OVC004,,29.83,29.97,,,,,,,
"Jul 14, 1:30 am",61,57,88,WSW,8,5,Mist,FEW002 OVC004,,29.83,29.97,,,,,,,
"Jul 14, 1:25 am",61,57,88,WSW,7,5,Mist,FEW002 OVC004,,29.83,29.97,,,,,,,
"Jul 14, 1:20 am",61,57,88,WSW,5,5,Mist,FEW002 OVC004,,29.83,29.97,,,,,,,
"Jul 14, 1:15 am",61,57,88,WSW,6,10,,OVC004,,29.83,29.97,,,,,,,
"Jul 14, 1:10 am",61,57,88,WSW,5,10,,OVC004,,29.83,29.97,,,,,,,
"Jul 14, 1:05 am",61,57,88,WSW,6,10,,OVC004,,29.83,29.97,,,,,,,
"Jul 14, 1:00 am",61,57,88,W,8,10,,OVC004,,29.82,29.96,,,,,,,
"Jul 14, 12:55 am",61,57,88,W,8,10,,OVC004,,29.82,29.96,,,,,,,
"Jul 14, 12:53 am",60,58,93,W,7,5,Mist,FEW002 OVC004,1014.4,29.82,29.96,,,,,,71,60
"Jul 14, 12:50 am",61,57,88,WSW,7,5,Mist,FEW002 OVC004,,29.83,29.97,,,,,,,
"Jul 14, 12:45 am",61,57,88,WSW,9,5,Mist,FEW002 OVC004,,29.83,29.97,,,,,,,
"Jul 14, 12:40 am",61,57,88,SW,6,5,Mist,FEW002 OVC004,,29.83,29.97,,,,,,,
"Jul 14, 12:35 am",61,57,88,WSW,8,5,Mist,FEW002 OVC004,,29.83,29.97,,,,,,,
"Jul 14, 12:30 am",61,57,88,SW,8,5,Mist,FEW002 OVC004,,29.83,29.97,,,,,,,
"Jul 14, 12:25 am",61,57,88,WSW,7,5,Mist,FEW002 OVC004,,29.83,29.97,,,,,,,
"Jul 14, 12:20 am",61,57,88,SW,7,5,Mist,FEW002 OVC004,,29.83,29.97,,,,,,,
"Jul 14, 12:15 am",61,57,88,W,8,5,Mist,FEW002 OVC004,,29.83,29.97,,,,,,,
"Jul 14, 12:10 am",61,57,88,WSW,8,5,Mist,FEW002 OVC004,,29.83,29.97,,,,,,,
"Jul 14, 12:05 am",61,57,88,W,9,5,Mist,FEW002 OVC004,,29.83,29.97,,,,,,,
"Jul 14, 12:00 am",61,57,88,W,9,5,Mist,FEW002 OVC004,,29.83,29.97,,,,,,,
"Jul 13, 11:55 pm",61,57,88,WSW,8,5,Mist,FEW002 OVC004,,29.84,29.98,,,,,,,
"Jul 13, 11:53 pm",61,58,90,WSW,9,4,Mist,FEW002 OVC003,1014.8,29.84,29.98,,,,,,,
"Jul 13, 11:50 pm",61,57,88,SW,8,4,Mist,FEW002 OVC003,,29.83,29.97,,,,,,,
"Jul 13, 11:45 pm",61,59,94,WSW,9,3,Mist,FEW002 OVC003,,29.84,29.98,,,,,,,
"Jul 13, 11:40 pm",61,57,88,W,9,3,Mist,FEW002 OVC003,,29.83,29.97,,,,,,,
"Jul 13, 11:35 pm",61,57,88,W,9,3,Mist,FEW002 OVC003,,29.83,29.97,,,,,,,
"Jul 13, 11:30 pm",61,57,88,SW,8,4,Mist,FEW002 OVC004,,29.83,29.97,,,,,,,
"Jul 13, 11:25 pm",61,57,88,WSW,10,4,Mist,FEW002 OVC004,,29.84,29.98,,,,,,,
"Jul 13, 11:20 pm",61,57,88,WSW,8,4,Mist,FEW002 OVC004,,29.84,29.98,,,,,,,
"Jul 13, 11:15 pm",61,57,88,WSW,8,4,Mist,FEW002 OVC004,,29.84,29.98,,,,,,,
"Jul 13, 11:10 pm",61,59,94,WSW,9,4,Mist,FEW002 OVC004,,29.84,29.98,,,,,,,
"Jul 13, 11:05 pm",61,57,88,WSW,7,4,Mist,FEW002 OVC004,,29.84,29.98,,,,,,,
"Jul 13, 11:00 pm",61,57,88,WSW,12,4,Mist,FEW002 OVC004,,29.84,29.98,,,,,,,
"Jul 13, 10:55 pm",61,59,94,WSW,10,10,,FEW002 OVC004,,29.84,29.98,,,,,,,
"Jul 13, 10:53 pm",61,59,93,WSW,10,4,Mist,FEW002 OVC004,1014.9,29.84,29.98,,,,67,61,,
"Jul 13, 10:50 pm",61,59,94,WSW,9,4,Mist,FEW002 OVC004,,29.84,29.98,,,,,,,
"Jul 13, 10:45 pm",61,59,94,W,9,5,Mist,OVC003,,29.84,29.98,,,,,,,
"Jul 13, 10:40 pm",61,59,94,W,13,5,Mist,OVC003,,29.83,29.97,,,,,,,
"Jul 13, 10:35 pm",61,59,94,W,13,5,Mist,OVC003,,29.83,29.97,,,,,,,
"Jul 13, 10:30 pm",61,59,94,WSW,9,5,Mist,OVC003,,29.83,29.97,,,,,,,
"Jul 13, 10:25 pm",61,59,94,W,10,5,Mist,OVC003,,29.83,29.97,,,,,,,
"Jul 13, 10:20 pm",61,59,94,WSW,7,5,Mist,OVC003,,29.83,29.97,,,,,,,
"Jul 13, 10:15 pm",61,59,94,W,12,4,Mist,OVC003,,29.83,29.97,,,,,,,
"Jul 13, 10:10 pm",61,59,94,WSW,7,4,Mist,OVC003,,29.83,29.97,,,,,,,
"Jul 13, 10:05 pm",61,59,94,W,8,10,,OVC003,,29.83,29.97,,,,,,,
"Jul 13, 10:00 pm",61,59,94,WSW,10,10,,OVC003,,29.83,29.97,,,,,,,
"Jul 13, 9:55 pm",61,59,94,SW,10,10,,OVC003,,29.83,29.97,,,,,,,
"Jul 13, 9:53 pm",61,59,93,WSW,9,6,Mist,OVC003,1014.7,29.83,29.97,,,,,,,
"Jul 13, 9:50 pm",61,59,94,W,8,6,Mist,OVC003,,29.83,29.97,,,,,,,
"Jul 13, 9:45 pm",61,59,94,WSW,9,7,,OVC003,,29.83,29.97,,,,,,,
"Jul 13, 9:40 pm",61,59,94,SW,9,7,,OVC003,,29.83,29.97,,,,,,,
"Jul 13, 9:35 pm",61,59,94,W,12,10,,OVC003,,29.83,29.97,,,,,,,
"Jul 13, 9:30 pm",61,59,94,WSW,8,10,,OVC003,,29.83,29.97,,,,,,,
"Jul 13, 9:25 pm",63,59,88,WSW,8,10,,OVC003,,29.83,29.97,,,,,,,
"Jul 13, 9:20 pm",63,59,88,W,12,10,,OVC004,,29.82,29.96,,,,,,,
"Jul 13, 9:15 pm",63,59,88,W,10,10,,OVC004,,29.82,29.96,,,,,,,
"Jul 13, 9:10 pm",63,59,88,WSW,9,10,,OVC004,,29.82,29.96,,,,,,,
"Jul 13, 9:05 pm",63,59,88,SW,9,10,,OVC004,,29.82,29.96,,,,,,,
"Jul 13, 9:00 pm",63,59,88,W,13,10,,OVC004,,29.82,29.96,,,,,,,
"Jul 13, 8:55 pm",63,61,94,WSW,12,10,,OVC004,,29.81,29.95,,,,,,,
"Jul 13, 8:53 pm",62,60,93,WSW,10,7,,OVC004,1014.1,29.81,29.95,,,,,,,
"Jul 13, 8:50 pm",63,59,88,SW,12G18,7,,OVC005,,29.81,29.95,,,,,,,
"Jul 13, 8:45 pm",63,61,94,WSW,12,10,,OVC005,,29.81,29.95,,,,,,,
"Jul 13, 8:40 pm",63,59,88,SW,12,10,,OVC005,,29.81,29.95,,,,,,,
"Jul 13, 8:35 pm",63,59,88,WSW,12,10,,OVC005,,29.81,29.95,,,,,,,
"Jul 13, 8:30 pm",63,59,88,WSW,9,10,,OVC005,,29.81,29.95,,,,,,,
"Jul 13, 8:25 pm",63,59,88,WSW,8,10,,OVC005,,29.81,29.95,,,,,,,
"Jul 13, 8:20 pm",63,59,88,W,10,10,,OVC005,,29.81,29.95,,,,,,,
"Jul 13, 8:15 pm",63,59,88,WSW,9,10,,OVC005,,29.8,29.94,,,,,,,
"Jul 13, 8:10 pm",63,59,88,W,14,10,,OVC006,,29.8,29.94,,,,,,,
"Jul 13, 8:05 pm",63,59,88,WSW,12,10,,OVC006,,29.81,29.95,,,,,,,
"Jul 13, 8:00 pm",63,61,94,W,13G20,10,,OVC006,,29.8,29.94,,,,,,,
"Jul 13, 7:55 pm",63,61,94,WSW,10,10,,OVC006,,29.8,29.94,,,,,,,
"Jul 13, 7:53 pm",63,60,90,W,12,10,,OVC006,1013.8,29.8,29.94,,,,,,,
"Jul 13, 7:50 pm",63,59,88,WSW,12,10,,OVC006,,29.8,29.94,,,,,,,
"Jul 13, 7:45 pm",63,59,88,W,14,10,,OVC006,,29.8,29.94,,,,,,,
"Jul 13, 7:40 pm",63,61,94,SW,13,10,,OVC006,,29.8,29.94,,,,,,,
"Jul 13, 7:35 pm",63,59,88,WSW,13,10,,OVC006,,29.8,29.94,,,,,,,
"Jul 13, 7:30 pm",64,59,83,WSW,12,10,,OVC006,,29.8,29.94,,,,,,,
"Jul 13, 7:25 pm",64,61,88,WSW,12,10,,OVC006,,29.8,29.94,,,,,,,
"Jul 13, 7:20 pm",64,61,88,WSW,9,10,,OVC008,,29.8,29.94,,,,,,,
"Jul 13, 7:15 pm",64,61,88,WSW,12,10,,OVC008,,29.8,29.94,,,,,,,
"Jul 13, 7:10 pm",64,61,88,W,14,10,,OVC008,,29.8,29.94,,,,,,,
"Jul 13, 7:05 pm",64,61,88,W,13,10,,OVC008,,29.8,29.94,,,,,,,
"Jul 13, 7:00 pm",64,61,88,WSW,14,10,,OVC008,,29.8,29.94,,,,,,,
"Jul 13, 6:55 pm",64,61,88,WSW,12,10,,OVC007,,29.8,29.94,,,,,,,
"Jul 13, 6:53 pm",65,60,84,WSW,12G22,10,,OVC007,1013.7,29.8,29.94,,,,,,,
"Jul 13, 6:50 pm",64,61,88,WSW,13,10,,OVC007,,29.8,29.94,,,,,,,
"Jul 13, 6:45 pm",64,61,88,W,14G20,10,,OVC007,,29.8,29.94,,,,,,,
"Jul 13, 6:40 pm",64,59,83,WSW,12,10,,OVC007,,29.8,29.94,,,,,,,
"Jul 13, 6:35 pm",64,59,83,W,15,10,,OVC007,,29.8,29.94,,,,,,,
"Jul 13, 6:30 pm",64,59,83,WSW,14,10,,OVC007,,29.8,29.94,,,,,,,
"Jul 13, 6:25 pm",64,59,83,WSW,14,10,,OVC007,,29.8,29.94,,,,,,,
"Jul 13, 6:20 pm",64,59,83,WSW,13,10,,OVC007,,29.8,29.94,,,,,,,
"Jul 13, 6:15 pm",64,59,83,W,14,10,,OVC008,,29.8,29.94,,,,,,,
"Jul 13, 6:10 pm",64,59,83,W,13G18,10,,OVC008,,29.8,29.94,,,,,,,
"Jul 13, 6:05 pm",64,59,83,W,13G18,10,,OVC008,,29.8,29.94,,,,,,,
"Jul 13, 6:00 pm",64,59,83,W,15,10,,OVC008,,29.8,29.94,,,,,,,
"Jul 13, 5:55 pm",64,59,83,WSW,15,10,,OVC008,,29.81,29.95,,,,,,,
"Jul 13, 5:53 pm",65,59,81,W,14,10,,OVC008,1013.9,29.81,29.95,,,,,,,
"Jul 13, 5:50 pm",64,59,83,WSW,15,10,,OVC008,,29.8,29.94,,,,,,,
"Jul 13, 5:45 pm",64,59,83,W,16G22,10,,OVC008,,29.81,29.95,,,,,,,
"Jul 13, 5:40 pm",66,59,78,W,16G22,10,,OVC008,,29.81,29.95,,,,,,,
"Jul 13, 5:35 pm",66,59,78,W,15,10,,OVC008,,29.81,29.95,,,,,,,
"Jul 13, 5:30 pm",66,59,78,W,15,10,,OVC009,,29.81,29.95,,,,,,,
"Jul 13, 5:25 pm",66,59,78,WSW,14,10,,OVC009,,29.81,29.95,,,,,,,
"Jul 13, 5:20 pm",66,59,78,W,14,10,,BKN009,,29.81,29.95,,,,,,,
"Jul 13, 5:15 pm",66,59,78,W,14,10,,BKN009,,29.81,29.95,,,,,,,
"Jul 13, 5:10 pm",66,59,78,W,15,10,,BKN009,,29.82,29.96,,,,,,,
"Jul 13, 5:05 pm",66,59,78,WSW,14,10,,BKN009,,29.82,29.96,,,,,,,
"Jul 13, 5:04 pm",66,59,78,WSW,14,10,,BKN009,,29.82,29.96,,,,,,,
"Jul 13, 5:00 pm",66,59,78,WSW,14,10,,BKN009,,29.82,29.96,,,,,,,
"Jul 13, 4:55 pm",66,59,78,WSW,16,10,,OVC010,,29.82,29.96,,,,,,,
"Jul 13, 4:53 pm",67,59,76,WSW,14,10,,BKN010,1014.3,29.82,29.96,,,,71,65,,
"Jul 13, 4:50 pm",66,59,78,WSW,15,10,,BKN010,,29.82,29.96,,,,,,,
"Jul 13, 4:45 pm",66,59,78,WSW,16,10,,OVC010,,29.82,29.96,,,,,,,
"Jul 13, 4:40 pm",66,59,78,WSW,15,10,,BKN010,,29.82,29.96,,,,,,,
"Jul 13, 4:35 pm",70,59,69,W,15G21,10,,BKN011,,29.82,29.96,,,,,,,
"Jul 13, 4:30 pm",68,59,73,W,16,10,,OVC011,,29.82,29.96,,,,,,,
"Jul 13, 4:25 pm",68,59,73,WSW,14,10,,OVC011,,29.83,29.97,,,,,,,
"Jul 13, 4:20 pm",68,59,73,WSW,14,10,,OVC011,,29.83,29.97,,,,,,,
"Jul 13, 4:15 pm",68,59,73,W,16,10,,OVC011,,29.83,29.97,,,,,,,
"Jul 13, 4:10 pm",68,59,73,SW,14,10,,OVC011,,29.83,29.97,,,,,,,
"Jul 13, 4:05 pm",68,59,73,WSW,14,10,,BKN011,,29.83,29.97,,,,,,,
"Jul 13, 4:00 pm",68,59,73,WSW,14,10,,BKN011,,29.83,29.97,,,,,,,
"Jul 13, 3:55 pm",70,59,69,WSW,15,10,,BKN011,,29.83,29.97,,,,,,,
"Jul 13, 3:53 pm",68,59,73,WSW,12,10,,BKN011,1014.8,29.83,29.97,,,,,,,
"Jul 13, 3:50 pm",68,59,73,WSW,13,10,,BKN011,,29.83,29.97,,,,,,,
"Jul 13, 3:45 pm",70,59,69,WSW,12G17,10,,BKN011,,29.84,29.98,,,,,,,
"Jul 13, 3:40 pm",68,59,73,WSW,13G18,10,,BKN011,,29.84,29.98,,,,,,,
"Jul 13, 3:35 pm",68,59,73,WSW,14,10,,BKN011,,29.84,29.98,,,,,,,
"Jul 13, 3:30 pm",68,59,73,WSW,14,10,,BKN011,,29.84,29.98,,,,,,,
"Jul 13, 3:25 pm",70,59,69,WSW,13,10,,BKN012,,29.85,29.99,,,,,,,
"Jul 13, 3:20 pm",70,61,73,WSW,13,10,,BKN012,,29.85,29.99,,,,,,,
"Jul 13, 3:15 pm",70,61,73,W,10,10,,BKN013,,29.85,29.99,,,,,,,
"Jul 13, 3:10 pm",70,59,69,WSW,13G18,10,,BKN013,,29.85,29.99,,,,,,,
"Jul 13, 3:08 pm",70,59,68,WSW,14G21,10,,BKN013,,29.85,29.99,,,,,,,
"Jul 13, 3:05 pm",70,61,73,SW,14,10,,FEW007 SCT013,,29.85,29.99,,,,,,,
"Jul 13, 3:00 pm",70,61,73,W,13G18,10,,SCT013,,29.85,29.99,,,,,,,
"Jul 13, 2:55 pm",70,59,69,W,12G20,10,,SCT013,,29.85,29.99,,,,,,,
"Jul 13, 2:53 pm",69,59,70,WSW,12,10,,FEW007 SCT014,1015.4,29.85,29.99,,,,,,,
"Jul 13, 2:50 pm",70,59,69,W,12,10,,FEW007 SCT014,,29.85,29.99,,,,,,,
"Jul 13, 2:45 pm",70,59,69,WSW,12G17,10,,FEW014,,29.85,29.99,,,,,,,
"Jul 13, 2:40 pm",70,59,69,SW,13,10,,FEW014,,29.85,29.99,,,,,,,
"Jul 13, 2:35 pm",70,59,69,W,13,10,,FEW014,,29.85,29.99,,,,,,,
"Jul 13, 2:30 pm",70,59,69,WSW,14,10,,FEW007 SCT014,,29.85,29.99,,,,,,,
"Jul 13, 2:25 pm",70,61,73,WSW,15G21,10,,FEW007 SCT014,,29.86,30,,,,,,,
"Jul 13, 2:20 pm",70,59,69,WSW,13,10,,FEW007 SCT014,,29.86,30,,,,,,,
"Jul 13, 2:17 pm",70,59,68,WSW,14G22,10,,FEW007 SCT014,,29.86,30,,,,,,,
"Jul 13, 2:15 pm",70,61,73,SW,14G20,10,,FEW007 BKN013,,29.86,30,,,,,,,
"Jul 13, 2:10 pm",70,61,73,W,14,10,,FEW007 BKN013,,29.86,30,,,,,,,
"Jul 13, 2:05 pm",70,59,69,W,14G20,10,,FEW007 BKN013,,29.86,30,,,,,,,
"Jul 13, 2:00 pm",70,61,73,WSW,13G18,10,,FEW007 BKN013,,29.86,30,,,,,,,
"Jul 13, 1:55 pm",70,61,73,W,13,9,,FEW007 BKN013,,29.86,30,,,,,,,
"Jul 13, 1:53 pm",70,60,71,WSW,12G21,9,,FEW007 BKN013,1015.8,29.86,30,,,,,,,
"Jul 13, 1:50 pm",72,61,69,SW,14,9,,FEW007 BKN013,,29.86,30,,,,,,,
"Jul 13, 1:45 pm",70,61,73,W,13G20,9,,FEW007 BKN013,,29.86,30,,,,,,,
"Jul 13, 1:40 pm",70,61,73,W,13G18,10,,FEW006 BKN013 BKN016,,29.87,30.01,,,,,,,
"Jul 13, 1:35 pm",70,61,73,SW,12G17,10,,FEW006 BKN013 BKN016,,29.87,30.01,,,,,,,
"Jul 13, 1:30 pm",70,61,73,WSW,12,10,,FEW006 BKN013 BKN016,,29.87,30.01,,,,,,,
"Jul 13, 1:29 pm",70,60,71,W,10,10,,FEW006 BKN013 BKN016,,29.87,30.01,,,,,,,
"Jul 13, 1:25 pm",70,61,73,WSW,12,10,,FEW006 SCT013 BKN016,,29.87,30.01,,,,,,,
"Jul 13, 1:20 pm",70,61,73,WSW,12,10,,FEW006 SCT013 BKN016,,29.87,30.01,,,,,,,
"Jul 13, 1:15 pm",70,61,73,WSW,12,10,,FEW006 SCT013 BKN016,,29.87,30.01,,,,,,,
"Jul 13, 1:10 pm",70,61,73,W,13,10,,FEW006 SCT013 BKN016,,29.87,30.01,,,,,,,
"Jul 13, 1:05 pm",72,61,69,WSW,10,10,,FEW006 SCT012 BKN016,,29.87,30.01,,,,,,,
"Jul 13, 1:00 pm",70,61,73,WSW,10,10,,FEW006 SCT012 BKN016,,29.87,30.01,,,,,,,
"Jul 13, 12:55 pm",70,61,73,W,12,10,,FEW006 SCT012 BKN016,,29.87,30.01,,,,,,,
"Jul 13, 12:53 pm",70,60,71,W,12,10,,FEW006 SCT012 BKN016,1016,29.87,30.01,,,,,,,
"Jul 13, 12:50 pm",72,61,69,W,14,10,,FEW006 SCT012 BKN016,,29.87,30.01,,,,,,,
"Jul 13, 12:45 pm",72,61,69,WSW,12,10,,FEW006 SCT009 BKN015,,29.87,30.01,,,,,,,
"Jul 13, 12:40 pm",70,61,73,WSW,10,10,,FEW006 SCT009 BKN015,,29.87,30.01,,,,,,,
"Jul 13, 12:35 pm",70,61,73,WSW,12,9,,FEW006 SCT009 BKN015,,29.87,30.01,,,,,,,
"Jul 13, 12:30 pm",70,61,73,WSW,10,9,,FEW006 SCT009 BKN015,,29.87,30.01,,,,,,,
"Jul 13, 12:25 pm",70,61,73,W,10,9,,FEW006 SCT009 BKN015,,29.87,30.01,,,,,,,
"Jul 13, 12:20 pm",70,61,73,WSW,9,9,,FEW006 SCT009 BKN015,,29.87,30.01,,,,,,,
"Jul 13, 12:15 pm",69,60,73,WSW,10,9,,FEW006 SCT009 BKN015,,29.87,30.01,,,,,,,
"Jul 13, 12:10 pm",70,61,73,WSW,9,9,,FEW006 SCT009 BKN015,,29.87,30.01,,,,,,,
"Jul 13, 12:06 pm",69,61,75,WSW,9,8,,FEW006 SCT009 OVC014,,29.88,30.02,,,,,,,
"Jul 13, 12:05 pm",70,61,73,WSW,9,8,,FEW006 SCT009 OVC014,,29.88,30.02,,,,,,,
"Jul 13, 12:00 pm",70,61,73,WSW,10,7,,FEW005 BKN009 OVC013,,29.88,30.02,,,,,,,
"Jul 13, 11:55 am",68,61,78,WSW,8,7,,FEW005 BKN009 OVC013,,29.88,30.02,,,,,,,
"Jul 13, 11:53 am",68,61,78,W,12,7,,FEW005 BKN009 OVC013,1016.4,29.88,30.02,,,,,,,
"Jul 13, 11:50 am",68,61,78,WSW,8,7,,FEW005 BKN009 OVC013,,29.88,30.02,,,,,,,
"Jul 13, 11:45 am",66,61,83,WSW,8,6,Haze,FEW004 OVC007,,29.88,30.02,,,,,,,
"Jul 13, 11:40 am",66,61,83,WSW,7,6,Haze,FEW004 OVC007,,29.88,30.02,,,,,,,
"Jul 13, 11:35 am",64,61,88,WSW,7,6,Mist,FEW004 OVC007,,29.89,30.03,,,,,,,
"Jul 13, 11:30 am",64,61,88,WSW,5,6,Mist,FEW004 OVC007,,29.89,30.03,,,,,,,
"Jul 13, 11:25 am",64,61,88,WSW,6,6,Mist,FEW004 OVC007,,29.89,30.03,,,,,,,
"Jul 13, 11:20 am",64,61,88,SW,6,6,Mist,FEW004 OVC007,,29.89,30.03,,,,,,,
"Jul 13, 11:15 am",66,61,83,SW,7,5,Haze,FEW004 OVC007,,29.89,30.03,,,,,,,
"Jul 13, 11:10 am",64,61,88,SW,7,5,Mist,FEW004 OVC007,,29.89,30.03,,,,,,,
"Jul 13, 11:05 am",64,61,88,SW,6,5,Mist,FEW004 OVC007,,29.89,30.03,,,,,,,
"Jul 13, 11:00 am",64,61,88,SSW,5,5,Haze,FEW004 OVC007,,29.89,30.03,,,,,,,
"Jul 13, 10:55 am",64,61,88,WSW,7,5,Mist,FEW004 OVC007,,29.89,30.03,,,,,,,
"Jul 13, 10:53 am",65,61,87,WSW,6,5,Mist,FEW004 OVC007,1016.6,29.89,30.03,,,T,65,62,,
"Jul 13, 10:50 am",64,61,88,WSW,7,5,Mist,FEW004 OVC007,,29.89,30.03,,,,,,,
"Jul 13, 10:45 am",64,61,88,WSW,6,5,Haze,FEW004 OVC007,,29.89,30.03,,,,,,,
"Jul 13, 10:40 am",64,61,88,SSW,5G20,5,Mist,FEW004 OVC008,,29.89,30.03,,,,,,,
"Jul 13, 10:35 am",64,61,88,SSW,5G20,5,Haze,FEW004 OVC008,,29.89,30.03,,,,,,,
"Jul 13, 10:30 am",64,61,88,SSW,5G20,5,Mist,FEW004 OVC008,,29.89,30.03,,,,,,,
"Jul 13, 10:25 am",64,61,88,SSW,5G20,5,Mist,FEW004 OVC008,,29.89,30.03,,,,,,,
"Jul 13, 10:20 am",64,61,88,SSW,5G20,5,Haze,FEW004 OVC008,,29.89,30.03,,,,,,,
"Jul 13, 10:15 am",64,61,88,SSW,5G20,5,Mist,FEW004 OVC008,,29.89,30.03,,,,,,,
"Jul 13, 10:10 am",64,61,88,SSW,5G20,5,Mist,FEW004 OVC008,,29.89,30.03,,,,,,,
"Jul 13, 10:05 am",64,61,88,SSW,5G20,5,Mist,FEW004 OVC008,,29.89,30.03,,,,,,,
"Jul 13, 10:00 am",64,61,88,,,5,Mist,FEW004 OVC007,,29.88,30.02,,,,,,,
"Jul 13, 9:55 am",64,61,88,SW,5,5,Haze,FEW004 OVC007,,29.88,30.02,,,,,,,
"Jul 13, 9:53 am",64,60,87,SSW,6,5,Mist,FEW004 OVC007,1016.4,29.88,30.02,,,,,,,
"Jul 13, 9:50 am",64,61,88,WSW,5,5,Mist,FEW004 OVC007,,29.88,30.02,,,,,,,
"Jul 13, 9:45 am",64,61,88,WSW,5,5,Mist,FEW003 OVC006,,29.88,30.02,,,,,,,
"Jul 13, 9:40 am",64,61,88,WSW,6,5,Mist,FEW003 OVC006,,29.88,30.02,,,,,,,
"Jul 13, 9:35 am",64,61,88,WSW,5,5,Mist,FEW003 OVC006,,29.88,30.02,,,,,,,
"Jul 13, 9:30 am",64,61,88,WSW,5,5,Mist,FEW003 OVC006,,29.88,30.02,,,,,,,
"Jul 13, 9:25 am",64,61,88,SW,6,5,Mist,FEW003 OVC006,,29.88,30.02,,,,,,,
"Jul 13, 9:20 am",64,61,88,WSW,6,5,Mist,FEW003 OVC006,,29.88,30.02,,,,,,,
"Jul 13, 9:15 am",64,61,88,WSW,5,5,Mist,FEW003 OVC006,,29.88,30.02,,,,,,,
"Jul 13, 9:10 am",64,61,88,SW,6,5,Mist,FEW003 OVC006,,29.88,30.02,,,,,,,
"Jul 13, 9:05 am",63,61,94,W,3,5,Mist,FEW003 OVC006,,29.88,30.02,,,,,,,
"Jul 13, 9:00 am",63,61,94,SW,3,5,Mist,FEW003 OVC006,,29.88,30.02,,,,,,,
"Jul 13, 8:55 am",63,61,94,SW,6,5,Mist,FEW003 OVC006,,29.88,30.02,,,,,,,
"Jul 13, 8:53 am",63,60,90,SW,5,5,Mist,FEW003 OVC006,1016.5,29.88,30.02,T,,,,,,
"Jul 13, 8:50 am",63,61,94,SSW,5,4,Mist,FEW003 OVC006,,29.88,30.02,,,,,,,
"Jul 13, 8:45 am",63,61,94,SW,6,4,Mist,FEW003 OVC006,,29.88,30.02,,,,,,,
"Jul 13, 8:40 am",63,61,94,SW,6,4,Mist,FEW003 OVC006,,29.88,30.02,,,,,,,
"Jul 13, 8:35 am",63,61,94,SW,6,4,Mist,FEW003 OVC006,,29.88,30.02,,,,,,,
"Jul 13, 8:30 am",63,61,94,SW,5,3,"Lt drizzle, Mist",FEW003 OVC006,,29.88,30.02,,,,,,,
"Jul 13, 8:25 am",63,61,94,SW,6,3,"Lt drizzle, Mist",FEW003 OVC006,,29.88,30.02,,,,,,,
"Jul 13, 8:20 am",63,61,94,SW,7,3,"Lt drizzle, Mist",FEW003 OVC006,,29.88,30.02,,,,,,,
"Jul 13, 8:15 am",63,61,94,SW,6,3,"Lt drizzle, Mist",FEW003 OVC006,,29.88,30.02,,,,,,,
"Jul 13, 8:10 am",63,61,94,SW,6,3,"Lt drizzle, Mist",FEW003 OVC006,,29.88,30.02,,,,,,,
"Jul 13, 8:05 am",63,61,94,SW,6,3,"Lt drizzle, Mist",FEW003 OVC006,,29.88,30.02,,,,,,,
"Jul 13, 8:00 am",63,61,94,WSW,6,3,"Lt drizzle, Mist",FEW003 OVC006,,29.88,30.02,,,,,,,
"Jul 13, 7:55 am",63,61,94,SSW,5,3,"Lt drizzle, Mist",FEW003 OVC006,,29.88,30.02,,,,,,,
"Jul 13, 7:53 am",63,60,90,SW,3,3,"Lt drizzle, Mist",FEW003 OVC006,1016.3,29.88,30.02,T,T,,,,,
"Jul 13, 7:50 am",63,61,94,SW,5,3,"Lt drizzle, Mist",FEW003 OVC006,,29.88,30.02,,,,,,,
"Jul 13, 7:45 am",63,61,94,SW,6,3,"Lt drizzle, Mist",OVC005,,29.87,30.01,,,,,,,
"Jul 13, 7:40 am",63,61,94,W,3,3,"Lt drizzle, Mist",OVC005,,29.87,30.01,,,,,,,
"Jul 13, 7:35 am",63,61,94,SW,5,3,"Lt drizzle, Mist",OVC005,,29.87,30.01,,,,,,,
"Jul 13, 7:30 am",63,61,94,WSW,5,4,"Lt drizzle, Mist",OVC005,,29.87,30.01,,,,,,,
"Jul 13, 7:25 am",63,61,94,WSW,5,4,"Lt drizzle, Mist",OVC005,,29.87,30.01,,,,,,,
"Jul 13, 7:20 am",63,61,94,WSW,3,4,"Lt drizzle, Mist",OVC005,,29.87,30.01,,,,,,,
"Jul 13, 7:15 am",63,61,94,WSW,5,4,"Lt drizzle, Mist",OVC005,,29.87,30.01,,,,,,,
"Jul 13, 7:10 am",63,61,94,WSW,5,4,"Lt drizzle, Mist",OVC005,,29.87,30.01,,,,,,,
"Jul 13, 7:05 am",63,61,94,SW,3,4,"Lt drizzle, Mist",OVC005,,29.87,30.01,,,,,,,
"Jul 13, 7:00 am",63,61,94,SSW,3,4,"Lt drizzle, Mist",OVC005,,29.87,30.01,,,,,,,
"Jul 13, 6:55 am",63,61,94,SW,3,4,"Lt drizzle, Mist",OVC005,,29.87,30.01,,,,,,,
"Jul 13, 6:53 am",62,60,93,SW,3,4,"Lt drizzle, Mist",OVC005,1015.9,29.87,30.01,T,,,,,,
"Jul 13, 6:50 am",63,61,94,SW,5,4,"Lt drizzle, Mist",OVC005,,29.87,30.01,,,,,,,
"Jul 13, 6:45 am",63,61,94,SW,6,4,"Lt drizzle, Mist",OVC005,,29.86,30,,,,,,,
"Jul 13, 6:40 am",63,61,94,SW,5,5,"Lt drizzle, Mist",OVC005,,29.86,30,,,,,,,
"Jul 13, 6:35 am",63,61,94,SW,5,5,"Lt drizzle, Mist",OVC005,,29.86,30,,,,,,,
"Jul 13, 6:30 am",63,61,94,SW,5,5,"Lt drizzle, Mist",OVC005,,29.86,30,,,,,,,
"Jul 13, 6:25 am",63,61,94,SW,5,5,"Lt drizzle, Mist",OVC005,,29.86,30,,,,,,,
"Jul 13, 6:20 am",63,61,94,SW,5,5,"Lt drizzle, Mist",OVC005,,29.86,30,,,,,,,
"Jul 13, 6:15 am",63,61,94,WSW,5,5,"Lt drizzle, Mist",OVC005,,29.86,30,,,,,,,
"Jul 13, 6:10 am",63,61,94,WSW,5,5,"Lt drizzle, Mist",OVC005,,29.86,30,,,,,,,
"Jul 13, 6:05 am",63,61,94,SW,5,5,"Lt drizzle, Mist",OVC005,,29.86,30,,,,,,,
"Jul 13, 6:03 am",62,60,93,SW,5,5,"Lt drizzle, Mist",OVC005,,29.86,30,T,,,,,,
"Jul 13, 6:00 am",63,61,94,WSW,6,7,Mist,OVC004,,29.86,30,,,,,,,
"Jul 13, 5:55 am",63,61,94,WSW,6,6,Mist,OVC004,,29.85,29.99,,,,,,,
"Jul 13, 5:53 am",62,60,93,WSW,6,6,Mist,OVC004,1015.4,29.85,29.99,,,,,,,
"Jul 13, 5:50 am",63,61,94,WSW,6,6,Mist,OVC004,,29.85,29.99,,,,,,,
"Jul 13, 5:45 am",63,61,94,WSW,6,6,Mist,OVC005,,29.85,29.99,,,,,,,
"Jul 13, 5:40 am",63,61,94,WSW,6,7,,OVC005,,29.85,29.99,,,,,,,
"Jul 13, 5:35 am",63,61,94,WSW,6,7,,OVC005,,29.85,29.99,,,,,,,
"Jul 13, 5:30 am",63,61,94,WSW,5,6,Mist,OVC005,,29.85,29.99,,,,,,,
"Jul 13, 5:25 am",63,61,94,W,5,6,Mist,OVC005,,29.85,29.99,,,,,,,
"Jul 13, 5:20 am",63,61,94,W,3,6,Mist,OVC005,,29.85,29.99,,,,,,,
"Jul 13, 5:19 am",63,60,90,W,3,6,Mist,OVC005,,29.85,29.99,,,,,,,
"Jul 13, 5:15 am",63,61,94,N,0,6,Mist,OVC005,,29.84,29.98,,,,,,,
"Jul 13, 5:10 am",63,61,94,WSW,3,6,Mist,BKN004 OVC005,,29.84,29.98,,,,,,,
"Jul 13, 5:05 am",63,61,94,N,0,6,Mist,BKN004 OVC005,,29.84,29.98,,,,,,,
"Jul 13, 5:00 am",63,61,94,W,3,7,,BKN004 OVC005,,29.84,29.98,,,,,,,
"Jul 13, 4:55 am",63,61,94,W,3,7,,BKN004 OVC005,,29.84,29.98,,,,,,,
"Jul 13, 4:53 am",63,60,90,W,3,7,,BKN004 OVC005,1015.1,29.84,29.98,,,,65,62,,
"Jul 13, 4:50 am",63,61,94,SW,3,6,Mist,BKN004 OVC005,,29.84,29.98,,,,,,,
"Jul 13, 4:45 am",63,61,94,N,0,6,Mist,BKN004 OVC005,,29.84,29.98,,,,,,,
"Jul 13, 4:40 am",63,61,94,N,0,6,Mist,BKN004 OVC005,,29.84,29.98,,,,,,,
"Jul 13, 4:35 am",63,61,94,N,0,7,,BKN004 OVC005,,29.84,29.98,,,,,,,
"Jul 13, 4:30 am",63,61,94,N,0,7,,BKN004 OVC005,,29.84,29.98,,,,,,,
"Jul 13, 4:25 am",63,61,94,N,0,7,,BKN004 OVC005,,29.84,29.98,,,,,,,
"Jul 13, 4:20 am",63,61,94,WSW,3,7,,BKN004 OVC005,,29.84,29.98,,,,,,,
"Jul 13, 4:15 am",63,61,94,WSW,3,8,,BKN004 OVC005,,29.84,29.98,,,,,,,
"Jul 13, 4:10 am",63,61,94,W,3,8,,OVC004,,29.84,29.98,,,,,,,
"Jul 13, 4:05 am",63,61,94,W,3,8,,OVC004,,29.84,29.98,,,,,,,
"Jul 13, 4:04 am",62,60,93,,3,8,,OVC004,,29.84,29.98,,,,,,,
"Jul 13, 4:00 am",63,61,94,WSW,5,8,,OVC004,,29.84,29.98,,,,,,,
"Jul 13, 3:55 am",63,61,94,WSW,5,8,,OVC004,,29.84,29.98,,,,,,,
"Jul 13, 3:53 am",62,60,93,W,5,7,,OVC004,1014.8,29.84,29.98,,,,,,,
"Jul 13, 3:50 am",63,61,94,W,6,9,,OVC004,,29.83,29.97,,,,,,,
"Jul 13, 3:45 am",63,61,94,W,7,8,,OVC004,,29.83,29.97,,,,,,,
"Jul 13, 3:40 am",63,61,94,W,5,7,,OVC004,,29.84,29.98,,,,,,,
"Jul 13, 3:35 am",63,61,94,W,6,7,,OVC004,,29.84,29.98,,,,,,,
"Jul 13, 3:30 am",63,61,94,WSW,5,6,Mist,OVC004,,29.84,29.98,,,,,,,
"Jul 13, 3:25 am",63,61,94,SW,5,6,Mist,OVC004,,29.84,29.98,,,,,,,
"Jul 13, 3:20 am",63,61,94,SW,5,7,,OVC004,,29.84,29.98,,,,,,,
"Jul 13, 3:15 am",63,61,94,WSW,5,7,,OVC004,,29.84,29.98,,,,,,,
"Jul 13, 3:10 am",63,61,94,WSW,5,7,,OVC004,,29.84,29.98,,,,,,,
"Jul 13, 3:05 am",63,61,94,WSW,5,7,,OVC004,,29.84,29.98,,,,,,,
"Jul 13, 3:00 am",63,61,94,SW,6,7,,OVC005,,29.84,29.98,,,,,,,
"Jul 13, 2:55 am",63,61,94,SW,5,8,,OVC005,,29.84,29.98,,,,,,,
"Jul 13, 2:53 am",63,60,90,WSW,6,8,,OVC006,1014.9,29.84,29.98,,,,,,,
"Jul 13, 2:50 am",63,61,94,WSW,6,8,,OVC006,,29.84,29.98,,,,,,,
"Jul 13, 2:45 am",63,61,94,W,7,8,,OVC006,,29.84,29.98,,,,,,,
"Jul 13, 2:40 am",63,61,94,W,6,8,,OVC006,,29.83,29.97,,,,,,,
"Jul 13, 2:35 am",63,61,94,SW,5,9,,OVC007,,29.83,29.97,,,,,,,
"Jul 13, 2:30 am",63,61,94,WSW,5,9,,OVC007,,29.83,29.97,,,,,,,
"Jul 13, 2:25 am",63,61,94,SW,5,9,,OVC007,,29.83,29.97,,,,,,,
"Jul 13, 2:20 am",63,61,94,SW,5,9,,OVC007,,29.83,29.97,,,,,,,
"Jul 13, 2:15 am",63,61,94,WSW,6,9,,OVC007,,29.83,29.97,,,,,,,
"Jul 13, 2:10 am",63,61,94,WSW,6,10,,OVC007,,29.84,29.98,,,,,,,
"Jul 13, 2:05 am",63,61,94,WSW,5,10,,OVC007,,29.84,29.98,,,,,,,
"Jul 13, 2:00 am",64,61,88,WSW,5,10,,OVC008,,29.84,29.98,,,,,,,
"Jul 13, 1:55 am",64,61,88,SW,5,10,,OVC008,,29.84,29.98,,,,,,,
"Jul 13, 1:53 am",64,60,87,WSW,6,10,,FEW006 OVC008,1014.9,29.84,29.98,,,,,,,
"Jul 13, 1:50 am",64,61,88,SSW,5,9,,FEW006 OVC008,,29.84,29.98,,,,,,,
"Jul 13, 1:45 am",64,61,88,WSW,6,9,,OVC008,,29.84,29.98,,,,,,,
"Jul 13, 1:40 am",64,61,88,SSW,6,10,,OVC008,,29.84,29.98,,,,,,,
"Jul 13, 1:35 am",64,61,88,W,5,10,,OVC008,,29.84,29.98,,,,,,,
"Jul 13, 1:30 am",64,61,88,WSW,6,10,,OVC008,,29.84,29.98,,,,,,,
"Jul 13, 1:25 am",64,61,88,WSW,3,10,,OVC008,,29.84,29.98,,,,,,,
"Jul 13, 1:20 am",64,61,88,SW,5,10,,OVC008,,29.84,29.98,,,,,,,
"Jul 13, 1:15 am",64,61,88,SW,5,10,,OVC008,,29.84,29.98,,,,,,,
"Jul 13, 1:10 am",64,61,88,WSW,6,10,,OVC008,,29.84,29.98,,,,,,,
"Jul 13, 1:05 am",64,61,88,W,6,10,,OVC008,,29.84,29.98,,,,,,,
"Jul 13, 1:00 am",64,61,88,W,8,10,,OVC008,,29.84,29.98,,,,,,,
"Jul 13, 12:55 am",64,61,88,WSW,8,10,,OVC008,,29.84,29.98,,,,,,,
"Jul 13, 12:53 am",64,60,87,SW,8,10,,FEW006 OVC008,1015,29.84,29.98,,,,,,75,64
"Jul 13, 12:50 am",64,61,88,SW,7,10,,FEW006 OVC008,,29.84,29.98,,,,,,,
"Jul 13, 12:45 am",64,61,88,WSW,8,10,,FEW006 OVC008,,29.84,29.98,,,,,,,
"Jul 13, 12:40 am",64,61,88,WSW,7,10,,OVC008,,29.84,29.98,,,,,,,
"Jul 13, 12:35 am",64,61,88,W,9,10,,BKN009 OVC010,,29.84,29.98,,,,,,,
"Jul 13, 12:30 am",64,61,88,WSW,5,10,,BKN009 OVC010,,29.84,29.98,,,,,,,
"Jul 13, 12:25 am",64,61,88,W,8,10,,BKN009 OVC010,,29.85,29.99,,,,,,,
"Jul 13, 12:20 am",64,61,88,WSW,9,10,,BKN009 OVC010,,29.84,29.98,,,,,,,
"Jul 13, 12:15 am",64,61,88,W,8,10,,OVC009,,29.85,29.99,,,,,,,
"Jul 13, 12:10 am",64,61,88,WSW,8,10,,OVC009,,29.85,29.99,,,,,,,
"Jul 13, 12:05 am",64,61,88,W,7,10,,OVC009,,29.85,29.99,,,,,,,
"Jul 13, 12:00 am",64,61,88,WSW,7,10,,OVC009,,29.85,29.99,,,,,,,
"Jul 12, 11:55 pm",64,61,88,WSW,8,10,,OVC009,,29.85,29.99,,,,,,,
"Jul 12, 11:53 pm",64,60,87,WSW,7,10,,OVC009,1015.3,29.85,29.99,,,,,,,
"Jul 12, 11:50 pm",64,61,88,W,9,10,,OVC009,,29.85,29.99,,,,,,,
"Jul 12, 11:45 pm",64,61,88,W,8,10,,OVC009,,29.85,29.99,,,,,,,
"Jul 12, 11:40 pm",64,61,88,SW,9,10,,OVC009,,29.85,29.99,,,,,,,
"Jul 12, 11:35 pm",64,61,88,WSW,8,10,,OVC009,,29.85,29.99,,,,,,,
"Jul 12, 11:30 pm",64,61,88,W,8,10,,OVC009,,29.85,29.99,,,,,,,
"Jul 12, 11:25 pm",64,61,88,W,9,10,,OVC009,,29.85,29.99,,,,,,,
"Jul 12, 11:20 pm",64,61,88,WSW,8,10,,OVC009,,29.85,29.99,,,,,,,
"Jul 12, 11:15 pm",64,61,88,W,8,10,,OVC009,,29.85,29.99,,,,,,,
"Jul 12, 11:10 pm",64,61,88,W,9,10,,OVC009,,29.85,29.99,,,,,,,
"Jul 12, 11:05 pm",64,61,88,W,6,10,,OVC009,,29.85,29.99,,,,,,,
"Jul 12, 11:00 pm",64,61,88,SW,8,10,,OVC009,,29.85,29.99,,,,,,,
"Jul 12, 10:55 pm",64,61,88,WSW,8,10,,OVC009,,29.85,29.99,,,,,,,
"Jul 12, 10:53 pm",65,60,84,WSW,8,10,,OVC009,1015.5,29.85,29.99,,,,71,65,,
"Jul 12, 10:50 pm",64,61,88,SW,9,10,,OVC009,,29.85,29.99,,,,,,,
"Jul 12, 10:45 pm",64,61,88,WSW,9,10,,OVC009,,29.85,29.99,,,,,,,
"Jul 12, 10:40 pm",64,61,88,W,9,10,,OVC009,,29.85,29.99,,,,,,,
"Jul 12, 10:35 pm",64,61,88,W,9,10,,OVC009,,29.85,29.99,,,,,,,
"Jul 12, 10:30 pm",64,61,88,W,9,10,,OVC009,,29.85,29.99,,,,,,,
"Jul 12, 10:25 pm",64,61,88,W,9,10,,OVC009,,29.85,29.99,,,,,,,
"Jul 12, 10:20 pm",64,61,88,W,10,10,,OVC009,,29.85,29.99,,,,,,,
"Jul 12, 10:15 pm",64,61,88,W,12,10,,OVC009,,29.85,29.99,,,,,,,
"Jul 12, 10:10 pm",64,61,88,W,10,10,,OVC009,,29.85,29.99,,,,,,,
"Jul 12, 10:05 pm",64,61,88,W,9,10,,OVC009,,29.85,29.99,,,,,,,
"Jul 12, 10:00 pm",64,61,88,W,12,10,,OVC009,,29.85,29.99,,,,,,,
"Jul 12, 9:55 pm",64,61,88,WSW,10,10,,OVC009,,29.85,29.99,,,,,,,
"Jul 12, 9:53 pm",65,60,84,W,10,10,,OVC009,1015.3,29.85,29.99,,,,,,,
"Jul 12, 9:50 pm",64,61,88,WSW,9,10,,OVC008,,29.85,29.99,,,,,,,
"Jul 12, 9:45 pm",64,61,88,W,8,10,,OVC009,,29.85,29.99,,,,,,,
"Jul 12, 9:40 pm",64,61,88,WSW,12,10,,OVC009,,29.85,29.99,,,,,,,
"Jul 12, 9:35 pm",64,61,88,W,12,10,,OVC009,,29.85,29.99,,,,,,,
"Jul 12, 9:30 pm",64,61,88,WSW,12,10,,OVC009,,29.84,29.98,,,,,,,
"Jul 12, 9:25 pm",64,61,88,W,12,10,,OVC009,,29.84,29.98,,,,,,,
"Jul 12, 9:20 pm",64,61,88,W,12,10,,OVC009,,29.84,29.98,,,,,,,
"Jul 12, 9:15 pm",64,61,88,W,12,10,,OVC009,,29.84,29.98,,,,,,,
"Jul 12, 9:10 pm",64,61,88,W,12,10,,OVC009,,29.84,29.98,,,,,,,
"Jul 12, 9:05 pm",64,61,88,WSW,10,10,,OVC009,,29.84,29.98,,,,,,,
"Jul 12, 9:00 pm",64,61,88,W,10,10,,OVC008,,29.84,29.98,,,,,,,
"Jul 12, 8:55 pm",64,61,88,W,8,10,,OVC008,,29.84,29.98,,,,,,,
"Jul 12, 8:53 pm",65,61,87,W,10,10,,OVC008,1014.8,29.84,29.98,,,,,,,
"Jul 12, 8:50 pm",64,61,88,W,10,10,,OVC008,,29.84,29.98,,,,,,,
"Jul 12, 8:45 pm",64,61,88,W,10,10,,OVC010,,29.83,29.97,,,,,,,
"Jul 12, 8:40 pm",64,61,88,W,12,10,,OVC010,,29.83,29.97,,,,,,,
"Jul 12, 8:35 pm",64,61,88,W,10,10,,OVC010,,29.83,29.97,,,,,,,
"Jul 12, 8:30 pm",64,61,88,WSW,10,10,,OVC010,,29.83,29.97,,,,,,,
"Jul 12, 8:25 pm",64,61,88,WSW,9,10,,OVC010,,29.83,29.97,,,,,,,
"Jul 12, 8:20 pm",64,61,88,WSW,12,10,,OVC010,,29.83,29.97,,,,,,,
"Jul 12, 8:15 pm",64,61,88,W,12,10,,OVC010,,29.83,29.97,,,,,,,
"Jul 12, 8:10 pm",64,61,88,W,9,10,,OVC010,,29.83,29.97,,,,,,,
"Jul 12, 8:05 pm",64,61,88,W,9,10,,OVC010,,29.83,29.97,,,,,,,
"Jul 12, 8:00 pm",64,61,88,W,8,10,,OVC010,,29.83,29.97,,,,,,,
"Jul 12, 7:55 pm",64,61,88,WSW,10,10,,OVC010,,29.83,29.97,,,,,,,
"Jul 12, 7:53 pm",65,60,84,SW,10,10,,BKN010,1014.5,29.83,29.97,,,,,,,
"Jul 12, 7:50 pm",64,61,88,W,10,10,,BKN010,,29.83,29.97,,,,,,,
"Jul 12, 7:45 pm",66,61,83,SW,10,10,,BKN011,,29.83,29.97,,,,,,,
"Jul 12, 7:40 pm",66,61,83,W,10,10,,BKN011,,29.82,29.96,,,,,,,
"Jul 12, 7:35 pm",66,61,83,WSW,10,10,,BKN011,,29.82,29.96,,,,,,,
"Jul 12, 7:30 pm",66,61,83,W,12,10,,BKN011,,29.82,29.96,,,,,,,
"Jul 12, 7:25 pm",66,61,83,W,13,10,,BKN011,,29.82,29.96,,,,,,,
"Jul 12, 7:20 pm",66,61,83,W,12,10,,BKN011,,29.82,29.96,,,,,,,
"Jul 12, 7:15 pm",66,61,83,W,13,10,,BKN011,,29.82,29.96,,,,,,,
"Jul 12, 7:10 pm",66,61,83,W,12,10,,BKN011,,29.82,29.96,,,,,,,
"Jul 12, 7:05 pm",66,61,83,W,12,10,,BKN011,,29.82,29.96,,,,,,,
"Jul 12, 7:00 pm",66,61,83,W,13,10,,BKN011,,29.82,29.96,,,,,,,
"Jul 12, 6:55 pm",66,61,83,W,10,10,,BKN011,,29.82,29.96,,,,,,,
"Jul 12, 6:53 pm",67,61,81,W,13,10,,BKN011,1014.4,29.82,29.96,,,,,,,
"Jul 12, 6:50 pm",66,61,83,W,12,10,,BKN011,,29.82,29.96,,,,,,,
"Jul 12, 6:45 pm",66,61,83,W,10,10,,BKN011,,29.82,29.96,,,,,,,
"Jul 12, 6:40 pm",66,61,83,WSW,12,10,,BKN011,,29.82,29.96,,,,,,,
"Jul 12, 6:35 pm",66,61,83,W,12,10,,BKN011,,29.82,29.96,,,,,,,
"Jul 12, 6:30 pm",66,61,83,WSW,12,10,,BKN011,,29.82,29.96,,,,,,,
"Jul 12, 6:25 pm",66,61,83,W,12,10,,BKN011,,29.82,29.96,,,,,,,
"Jul 12, 6:20 pm",68,61,78,W,13,10,,BKN011,,29.82,29.96,,,,,,,
"Jul 12, 6:15 pm",68,61,78,W,12,10,,BKN011,,29.82,29.96,,,,,,,
"Jul 12, 6:10 pm",68,61,78,WSW,12,10,,BKN011,,29.82,29.96,,,,,,,
"Jul 12, 6:05 pm",68,61,78,W,14,10,,BKN011,,29.82,29.96,,,,,,,
"Jul 12, 6:00 pm",70,61,73,W,13,10,,BKN011,,29.82,29.96,,,,,,,
"Jul 12, 5:55 pm",70,61,73,W,14,10,,BKN011,,29.82,29.96,,,,,,,
"Jul 12, 5:53 pm",69,61,75,W,13,10,,BKN012,1014.4,29.82,29.96,,,,,,,
"Jul 12, 5:50 pm",70,61,73,WSW,12,10,,SCT012,,29.82,29.96,,,,,,,
"Jul 12, 5:45 pm",70,61,73,WSW,13G18,10,,CLR,,29.82,29.96,,,,,,,
"Jul 12, 5:40 pm",70,61,73,W,14,10,,CLR,,29.82,29.96,,,,,,,
"Jul 12, 5:35 pm",70,61,73,W,13,10,,CLR,,29.82,29.96,,,,,,,
"Jul 12, 5:30 pm",70,61,73,W,14,10,,CLR,,29.82,29.96,,,,,,,
"Jul 12, 5:25 pm",70,61,73,W,13,10,,CLR,,29.82,29.96,,,,,,,
"Jul 12, 5:20 pm",70,61,73,W,14G20,10,,CLR,,29.82,29.96,,,,,,,
"Jul 12, 5:15 pm",72,61,69,WSW,14,10,,CLR,,29.82,29.96,,,,,,,
"Jul 12, 5:10 pm",70,61,73,WSW,13,9,,CLR,,29.82,29.96,,,,,,,
"Jul 12, 5:05 pm",72,61,69,WSW,13,9,,CLR,,29.82,29.96,,,,,,,
"Jul 12, 5:00 pm",70,61,73,WSW,15,10,,CLR,,29.82,29.96,,,,,,,
"Jul 12, 4:55 pm",72,61,69,WSW,13,10,,CLR,,29.82,29.96,,,,,,,
"Jul 12, 4:53 pm",71,60,68,WSW,13,10,,SCT012,1014.4,29.82,29.96,,,,75,68,,
"Jul 12, 4:50 pm",72,61,69,WSW,14,10,,SCT012,,29.82,29.96,,,,,,,
"Jul 12, 4:45 pm",72,61,69,WSW,12,10,,SCT012,,29.82,29.96,,,,,,,
"Jul 12, 4:40 pm",72,61,69,W,13,10,,SCT012,,29.83,29.97,,,,,,,
"Jul 12, 4:35 pm",72,61,69,WSW,14,10,,CLR,,29.83,29.97,,,,,,,
"Jul 12, 4:30 pm",72,61,69,WSW,14,10,,CLR,,29.83,29.97,,,,,,,
"Jul 12, 4:25 pm",72,61,69,WSW,13,10,,CLR,,29.83,29.97,,,,,,,
"Jul 12, 4:20 pm",72,61,69,WSW,12,10,,CLR,,29.83,29.97,,,,,,,
"Jul 12, 4:15 pm",72,61,69,WSW,12,10,,CLR,,29.83,29.97,,,,,,,
"Jul 12, 4:10 pm",72,61,69,WSW,12,10,,CLR,,29.83,29.97,,,,,,,
"Jul 12, 4:05 pm",72,61,69,WSW,10,10,,CLR,,29.83,29.97,,,,,,,
"Jul 12, 4:00 pm",72,61,69,WSW,10,10,,CLR,,29.83,29.97,,,,,,,
"Jul 12, 3:55 pm",72,61,69,WSW,10,10,,CLR,,29.83,29.97,,,,,,,
"Jul 12, 3:53 pm",72,60,66,SW,12,10,,FEW013,1014.7,29.83,29.97,,,,,,,
"Jul 12, 3:50 pm",72,61,69,W,12,10,,FEW013,,29.83,29.97,,,,,,,
"Jul 12, 3:45 pm",72,61,69,W,10G16,10,,CLR,,29.83,29.97,,,,,,,
"Jul 12, 3:40 pm",72,61,69,W,10,10,,CLR,,29.84,29.98,,,,,,,
"Jul 12, 3:35 pm",72,61,69,WSW,10,10,,CLR,,29.83,29.97,,,,,,,
"Jul 12, 3:30 pm",72,61,69,W,10,10,,CLR,,29.84,29.98,,,,,,,
"Jul 12, 3:25 pm",72,61,69,WSW,9,10,,CLR,,29.84,29.98,,,,,,,
"Jul 12, 3:20 pm",72,61,69,W,12,10,,CLR,,29.84,29.98,,,,,,,
"Jul 12, 3:15 pm",73,61,65,W,10,10,,CLR,,29.84,29.98,,,,,,,
"Jul 12, 3:10 pm",73,61,65,WSW,10,10,,CLR,,29.84,29.98,,,,,,,
"Jul 12, 3:05 pm",73,61,65,WSW,10,10,,CLR,,29.84,29.98,,,,,,,
"Jul 12, 3:00 pm",73,61,65,SW,12,10,,CLR,,29.84,29.98,,,,,,,
"Jul 12, 2:55 pm",72,59,65,WSW,10,10,,CLR,,29.85,29.99,,,,,,,
"Jul 12, 2:53 pm",73,59,61,WSW,12,10,,FEW014,1015.3,29.85,29.99,,,,,,,
"Jul 12, 2:50 pm",73,61,65,WSW,10,10,,FEW021,,29.85,29.99,,,,,,,
"Jul 12, 2:45 pm",73,59,61,SW,12,10,,FEW021,,29.85,29.99,,,,,,,
"Jul 12, 2:40 pm",73,59,61,W,12,10,,FEW021,,29.85,29.99,,,,,,,
"Jul 12, 2:35 pm",73,59,61,WSW,12,10,,FEW021,,29.86,30,,,,,,,
"Jul 12, 2:30 pm",73,59,61,,,10,,FEW021,,29.86,30,,,,,,,
"Jul 12, 2:25 pm",73,59,61,WSW,12,10,,FEW021,,29.86,30,,,,,,,
"Jul 12, 2:20 pm",73,59,61,WSW,13,10,,FEW021,,29.86,30,,,,,,,
"Jul 12, 2:15 pm",73,59,61,WSW,12,10,,FEW021,,29.86,30,,,,,,,
"Jul 12, 2:10 pm",73,59,61,WSW,12,10,,FEW021,,29.86,30,,,,,,,
"Jul 12, 2:05 pm",73,59,61,WSW,12,10,,FEW021,,29.86,30,,,,,,,
"Jul 12, 2:00 pm",73,59,61,SW,12,10,,FEW021,,29.86,30,,,,,,,
"Jul 12, 1:55 pm",73,59,61,WSW,12,10,,FEW021,,29.86,30,,,,,,,
"Jul 12, 1:53 pm",74,59,60,WSW,10,10,,FEW021,1015.8,29.86,30,,,,,,,
"Jul 12, 1:50 pm",73,59,61,WSW,12,10,,FEW021,,29.86,30,,,,,,,
"Jul 12, 1:45 pm",73,59,61,WSW,12,10,,FEW021,,29.87,30.01,,,,,,,
"Jul 12, 1:40 pm",73,61,65,WSW,12,10,,FEW021,,29.87,30.01,,,,,,,
"Jul 12, 1:35 pm",73,59,61,WSW,9,10,,FEW021,,29.86,30,,,,,,,
"Jul 12, 1:30 pm",73,59,61,WSW,10,10,,FEW021,,29.86,30,,,,,,,
"Jul 12, 1:25 pm",75,59,57,WSW,12G17,10,,FEW021,,29.87,30.01,,,,,,,
"Jul 12, 1:20 pm",73,61,65,SW,12G20,10,,FEW021,,29.87,30.01,,,,,,,
"Jul 12, 1:15 pm",73,61,65,W,10,10,,CLR,,29.87,30.01,,,,,,,
"Jul 12, 1:10 pm",73,61,65,WSW,12,10,,CLR,,29.87,30.01,,,,,,,
"Jul 12, 1:05 pm",75,61,61,WSW,12,10,,CLR,,29.87,30.01,,,,,,,
"Jul 12, 1:00 pm",73,61,65,,,10,,CLR,,29.87,30.01,,,,,,,
"Jul 12, 12:55 pm",73,61,65,WSW,3,10,,FEW024,,29.87,30.01,,,,,,,
"Jul 12, 12:53 pm",73,60,64,N,0,10,,SCT021,1016.1,29.87,30.01,,,,,,,
"Jul 12, 12:50 pm",73,61,65,SE,7,10,,SCT021,,29.87,30.01,,,,,,,
"Jul 12, 12:45 pm",73,61,65,WSW,5,10,,SCT021,,29.87,30.01,,,,,,,
"Jul 12, 12:41 pm",73,60,64,S,5,10,,SCT021,,29.87,30.01,,,,,,,
"Jul 12, 12:40 pm",73,61,65,S,5,10,,SCT021,,29.87,30.01,,,,,,,
"Jul 12, 12:35 pm",75,61,61,N,0,10,,BKN022,,29.87,30.01,,,,,,,
"Jul 12, 12:30 pm",72,61,69,W,3,10,,BKN022,,29.87,30.01,,,,,,,
"Jul 12, 12:25 pm",72,61,69,SSE,3,10,,BKN021,,29.88,30.02,,,,,,,
"Jul 12, 12:20 pm",72,61,69,SE,5,10,,OVC021,,29.88,30.02,,,,,,,
"Jul 12, 12:15 pm",72,61,69,ENE,3,10,,OVC021,,29.88,30.02,,,,,,,
"Jul 12, 12:10 pm",72,61,69,,,10,,OVC020,,29.88,30.02,,,,,,,
"Jul 12, 12:05 pm",72,61,69,N,0,10,,OVC020,,29.88,30.02,,,,,,,
"Jul 12, 12:00 pm",72,61,69,SSW,5,10,,OVC020,,29.88,30.02,,,,,,,
"Jul 12, 11:55 am",72,61,69,SSE,5,10,,OVC019,,29.88,30.02,,,,,,,
"Jul 12, 11:53 am",70,60,71,,6,10,,OVC019,1016.5,29.88,30.02,,,,,,,
"Jul 12, 11:50 am",70,61,73,SSE,5,10,,OVC019,,29.88,30.02,,,,,,,
"Jul 12, 11:45 am",70,61,73,SSE,5,10,,OVC019,,29.88,30.02,,,,,,,
"Jul 12, 11:40 am",70,61,73,E,5,10,,OVC018,,29.88,30.02,,,,,,,
"Jul 12, 11:35 am",70,61,73,,,10,,OVC018,,29.88,30.02,,,,,,,
"Jul 12, 11:30 am",70,61,73,N,0,10,,OVC018,,29.88,30.02,,,,,,,
"Jul 12, 11:25 am",70,61,73,E,5,10,,OVC018,,29.88,30.02,,,,,,,
"Jul 12, 11:20 am",70,61,73,SSE,5,10,,OVC017,,29.88,30.02,,,,,,,
"Jul 12, 11:15 am",70,61,73,ESE,7,10,,OVC017,,29.88,30.02,,,,,,,
"Jul 12, 11:10 am",70,61,73,ESE,5,10,,OVC017,,29.88,30.02,,,,,,,
"Jul 12, 11:05 am",70,61,73,E,5,10,,OVC017,,29.89,30.03,,,,,,,
"Jul 12, 11:00 am",70,61,73,ESE,8,10,,OVC016,,29.89,30.03,,,,,,,
"Jul 12, 10:55 am",68,61,78,SSE,7,10,,OVC016,,29.89,30.03,,,,,,,
"Jul 12, 10:53 am",68,60,76,SE,5,10,,OVC016,1016.6,29.89,30.03,,,,68,65,,
"Jul 12, 10:50 am",68,61,78,ESE,6,10,,OVC016,,29.89,30.03,,,,,,,
"Jul 12, 10:45 am",68,61,78,ESE,8,10,,OVC015,,29.89,30.03,,,,,,,
"Jul 12, 10:40 am",66,61,83,SSE,6,10,,OVC015,,29.89,30.03,,,,,,,
"Jul 12, 10:39 am",67,60,79,,6,10,,OVC015,,29.89,30.03,,,,,,,
"Jul 12, 10:35 am",66,61,83,SSE,5,10,,OVC015,,29.89,30.03,,,,,,,
"Jul 12, 10:30 am",66,61,83,SE,8,10,,OVC014,,29.89,30.03,,,,,,,
"Jul 12, 10:25 am",68,61,78,SE,7,10,,OVC014,,29.88,30.02,,,,,,,
"Jul 12, 10:20 am",66,61,83,ESE,6,10,,OVC014,,29.89,30.03,,,,,,,
"Jul 12, 10:15 am",66,61,83,SE,7,10,,OVC014,,29.89,30.03,,,,,,,
"Jul 12, 10:10 am",66,61,83,E,6,10,,OVC014,,29.88,30.02,,,,,,,
"Jul 12, 10:05 am",66,61,83,SSE,7,10,,OVC014,,29.88,30.02,,,,,,,
"Jul 12, 10:00 am",66,61,83,SE,6,10,,OVC014,,29.88,30.02,,,,,,,
"Jul 12, 9:55 am",66,61,83,SE,6,10,,OVC013,,29.88,30.02,,,,,,,
"Jul 12, 9:53 am",67,60,79,ESE,5,9,,OVC013,1016.5,29.88,30.02,,,,,,,
"Jul 12, 9:50 am",66,61,83,E,6,9,,OVC013,,29.88,30.02,,,,,,,
"Jul 12, 9:45 am",66,61,83,ESE,6,9,,OVC013,,29.88,30.02,,,,,,,
"Jul 12, 9:40 am",66,61,83,ESE,8,9,,OVC013,,29.88,30.02,,,,,,,
"Jul 12, 9:35 am",66,61,83,E,5,9,,OVC013,,29.88,30.02,,,,,,,
"Jul 12, 9:30 am",66,61,83,SE,6,9,,OVC013,,29.88,30.02,,,,,,,
"Jul 12, 9:25 am",66,61,83,SE,5,9,,OVC014,,29.88,30.02,,,,,,,
"Jul 12, 9:20 am",66,61,83,E,7,9,,OVC013,,29.88,30.02,,,,,,,
"Jul 12, 9:15 am",66,61,83,ESE,7,9,,OVC013,,29.88,30.02,,,,,,,
"Jul 12, 9:10 am",66,61,83,ESE,7,9,,OVC013,,29.88,30.02,,,,,,,
"Jul 12, 9:05 am",66,61,83,SE,6,9,,OVC012,,29.88,30.02,,,,,,,
"Jul 12, 9:00 am",66,61,83,SE,8,8,,OVC012,,29.88,30.02,,,,,,,
"Jul 12, 8:55 am",66,61,83,SE,7,9,,OVC012,,29.87,30.01,,,,,,,
"Jul 12, 8:53 am",66,60,81,ESE,6,9,,OVC012,1016.2,29.88,30.02,,,,,,,
"Jul 12, 8:50 am",66,61,83,E,5,8,,OVC012,,29.88,30.02,,,,,,,
"Jul 12, 8:45 am",66,61,83,SE,7,8,,OVC012,,29.87,30.01,,,,,,,
"Jul 12, 8:40 am",66,61,83,SSE,7,8,,OVC012,,29.87,30.01,,,,,,,
"Jul 12, 8:35 am",66,61,83,E,5,8,,OVC011,,29.87,30.01,,,,,,,
"Jul 12, 8:30 am",66,61,83,SE,8,8,,OVC011,,29.87,30.01,,,,,,,
"Jul 12, 8:25 am",66,61,83,SE,8,8,,OVC011,,29.87,30.01,,,,,,,
"Jul 12, 8:20 am",66,61,83,SE,6,8,,OVC011,,29.87,30.01,,,,,,,
"Jul 12, 8:15 am",66,61,83,SE,7,8,,OVC011,,29.87,30.01,,,,,,,
"Jul 12, 8:10 am",64,61,88,ESE,8,8,,OVC011,,29.87,30.01,,,,,,,
"Jul 12, 8:05 am",66,61,83,SE,8,8,,OVC012,,29.87,30.01,,,,,,,
"Jul 12, 8:00 am",64,61,88,,,8,,OVC011,,29.87,30.01,,,,,,,
"Jul 12, 7:55 am",66,61,83,SE,5,8,,OVC011,,29.86,30,,,,,,,
"Jul 12, 7:53 am",66,60,81,ESE,5,8,,OVC011,1015.8,29.86,30,,,,,,,
"Jul 12, 7:50 am",66,61,83,SE,7,8,,OVC011,,29.86,30,,,,,,,
"Jul 12, 7:45 am",66,61,83,ESE,7,8,,OVC011,,29.86,30,,,,,,,
"Jul 12, 7:40 am",64,61,88,E,3,8,,OVC011,,29.86,30,,,,,,,
"Jul 12, 7:35 am",66,61,83,ESE,5,7,,OVC012,,29.86,30,,,,,,,
"Jul 12, 7:30 am",66,61,83,ESE,5,8,,OVC012,,29.86,30,,,,,,,
"Jul 12, 7:25 am",66,61,83,ESE,7,8,,OVC012,,29.86,30,,,,,,,
"Jul 12, 7:20 am",66,61,83,ESE,5,8,,OVC012,,29.85,29.99,,,,,,,
"Jul 12, 7:15 am",66,61,83,SE,6,8,,OVC012,,29.85,29.99,,,,,,,
"Jul 12, 7:10 am",66,61,83,SE,7,8,,OVC012,,29.85,29.99,,,,,,,
"Jul 12, 7:05 am",66,61,83,SE,5,8,,OVC013,,29.85,29.99,,,,,,,
"Jul 12, 7:00 am",66,61,83,SSE,6,8,,OVC013,,29.85,29.99,,,,,,,
"Jul 12, 6:55 am",66,61,83,ESE,3,7,,OVC013,,29.85,29.99,,,,,,,
"Jul 12, 6:53 am",66,60,81,ESE,5,7,,OVC013,1015.3,29.85,29.99,,,,,,,
"Jul 12, 6:50 am",66,61,83,SE,3,7,,OVC013,,29.85,29.99,,,,,,,
"Jul 12, 6:45 am",66,61,83,ESE,3,7,,OVC013,,29.85,29.99,,,,,,,
"Jul 12, 6:40 am",64,61,88,N,0,7,,OVC013,,29.85,29.99,,,,,,,
"Jul 12, 6:35 am",66,61,83,ESE,5,7,,OVC013,,29.84,29.98,,,,,,,
"Jul 12, 6:30 am",66,61,83,ESE,8,7,,OVC013,,29.84,29.98,,,,,,,
"Jul 12, 6:25 am",66,61,83,SE,5,7,,OVC013,,29.84,29.98,,,,,,,
"Jul 12, 6:20 am",66,61,83,S,6,8,,OVC013,,29.84,29.98,,,,,,,
"Jul 12, 6:15 am",66,61,83,SSE,6,8,,OVC013,,29.84,29.98,,,,,,,
"Jul 12, 6:10 am",66,61,83,SSE,8,9,,OVC013,,29.83,29.97,,,,,,,
"Jul 12, 6:05 am",66,61,83,ESE,7,9,,OVC013,,29.83,29.97,,,,,,,
"Jul 12, 6:00 am",66,61,83,SSE,7,9,,OVC013,,29.83,29.97,,,,,,,
"Jul 12, 5:55 am",66,61,83,SE,7,8,,OVC013,,29.83,29.97,,,,,,,
"Jul 12, 5:53 am",66,60,81,SSE,7,7,,OVC012,1014.6,29.83,29.97,,,,,,,
"Jul 12, 5:50 am",66,61,83,SE,8,8,,OVC013,,29.83,29.97,,,,,,,
"Jul 12, 5:45 am",66,61,83,,,8,,OVC013,,29.83,29.97,,,,,,,
"Jul 12, 5:40 am",66,61,83,E,3,8,,OVC013,,29.83,29.97,,,,,,,
"Jul 12, 5:35 am",66,61,83,N,0,8,,OVC013,,29.83,29.97,,,,,,,
"Jul 12, 5:30 am",66,61,83,ESE,3,8,,OVC013,,29.83,29.97,,,,,,,
"Jul 12, 5:25 am",66,61,83,S,3,8,,OVC013,,29.82,29.96,,,,,,,
"Jul 12, 5:20 am",66,61,83,ESE,5,8,,OVC013,,29.82,29.96,,,,,,,
"Jul 12, 5:15 am",66,61,83,SSE,3,8,,OVC012,,29.82,29.96,,,,,,,
"Jul 12, 5:10 am",66,61,83,N,0,8,,OVC012,,29.82,29.96,,,,,,,
"Jul 12, 5:05 am",66,61,83,ESE,5,8,,OVC012,,29.82,29.96,,,,,,,
"Jul 12, 5:00 am",66,61,83,SE,5,8,,OVC012,,29.82,29.96,,,,,,,
"Jul 12, 4:55 am",66,61,83,S,6,7,,OVC012,,29.82,29.96,,,,,,,
"Jul 12, 4:53 am",66,61,84,,3,7,,OVC012,1014.1,29.82,29.96,,,,66,65,,
"Jul 12, 4:50 am",66,61,83,SW,5,7,,OVC012,,29.81,29.95,,,,,,,
"Jul 12, 4:45 am",66,61,83,W,5,7,,OVC012,,29.81,29.95,,,,,,,
"Jul 12, 4:40 am",66,61,83,WSW,3,7,,OVC012,,29.81,29.95,,,,,,,
"Jul 12, 4:35 am",66,61,83,WSW,5,7,,OVC012,,29.81,29.95,,,,,,,
"Jul 12, 4:30 am",66,61,83,N,0,7,,OVC012,,29.81,29.95,,,,,,,
"Jul 12, 4:25 am",66,61,83,WSW,3,7,,OVC012,,29.8,29.94,,,,,,,
"Jul 12, 4:20 am",66,61,83,N,0,7,,OVC012,,29.8,29.94,,,,,,,
"Jul 12, 4:15 am",66,61,83,N,0,7,,OVC012,,29.8,29.94,,,,,,,
"Jul 12, 4:10 am",64,61,88,N,0,7,,OVC012,,29.8,29.94,,,,,,,
"Jul 12, 4:05 am",66,61,83,W,5,7,,OVC012,,29.8,29.94,,,,,,,
"Jul 12, 4:00 am",66,61,83,SW,3,7,,OVC012,,29.8,29.94,,,,,,,
"Jul 12, 3:55 am",66,61,83,N,0,7,,OVC012,,29.8,29.94,,,,,,,
"Jul 12, 3:53 am",66,61,84,N,0,7,,OVC012,1013.5,29.8,29.94,,,,,,,
"Jul 12, 3:50 am",66,61,83,S,3,7,,OVC012,,29.8,29.94,,,,,,,
"Jul 12, 3:45 am",64,61,88,S,3,7,,OVC012,,29.8,29.94,,,,,,,
"Jul 12, 3:40 am",64,61,88,N,0,7,,OVC012,,29.8,29.94,,,,,,,
"Jul 12, 3:35 am",64,61,88,N,0,7,,OVC011,,29.8,29.94,,,,,,,
"Jul 12, 3:30 am",64,61,88,SSE,3,7,,OVC011,,29.8,29.94,,,,,,,
"Jul 12, 3:25 am",66,61,83,N,0,7,,OVC011,,29.8,29.94,,,,,,,
"Jul 12, 3:20 am",64,61,88,W,5,7,,OVC011,,29.8,29.94,,,,,,,
"Jul 12, 3:15 am",64,61,88,N,0,7,,OVC011,,29.8,29.94,,,,,,,
"Jul 12, 3:10 am",64,61,88,SSW,3,7,,OVC011,,29.8,29.94,,,,,,,
"Jul 12, 3:05 am",64,61,88,WSW,5,7,,OVC011,,29.8,29.94,,,,,,,
"Jul 12, 3:00 am",64,61,88,WSW,5,7,,OVC011,,29.8,29.94,,,,,,,
"Jul 12, 2:55 am",64,61,88,WSW,6,7,,OVC011,,29.8,29.94,,,,,,,
"Jul 12, 2:53 am",65,61,87,W,5,7,,OVC011,1013.6,29.8,29.94,,,,,,,
"Jul 12, 2:50 am",64,61,88,W,5,7,,OVC012,,29.8,29.94,,,,,,,
"Jul 12, 2:45 am",64,61,88,W,5,7,,OVC012,,29.8,29.94,,,,,,,
"Jul 12, 2:40 am",64,61,88,W,5,7,,OVC012,,29.8,29.94,,,,,,,
"Jul 12, 2:35 am",64,61,88,WNW,5,7,,OVC012,,29.8,29.94,,,,,,,
"Jul 12, 2:30 am",64,61,88,W,3,7,,OVC012,,29.8,29.94,,,,,,,
"Jul 12, 2:25 am",64,61,88,W,5,7,,OVC012,,29.81,29.95,,,,,,,
"Jul 12, 2:20 am",64,61,88,W,5,7,,OVC012,,29.81,29.95,,,,,,,
"Jul 12, 2:15 am",64,61,88,W,6,7,,OVC012,,29.81,29.95,,,,,,,
"Jul 12, 2:10 am",64,61,88,W,6,7,,OVC012,,29.81,29.95,,,,,,,
"Jul 12, 2:05 am",64,61,88,W,6,7,,OVC012,,29.81,29.95,,,,,,,
"Jul 12, 2:00 am",64,61,88,W,5,7,,OVC011,,29.81,29.95,,,,,,,
"Jul 12, 1:55 am",64,61,88,W,6,7,,OVC011,,29.81,29.95,,,,,,,
"Jul 12, 1:53 am",65,60,84,W,7,7,,OVC011,1013.9,29.81,29.95,,,,,,,
"Jul 12, 1:50 am",64,61,88,W,7,7,,OVC011,,29.81,29.95,,,,,,,
"Jul 12, 1:45 am",66,61,83,WSW,7,7,,OVC011,,29.81,29.95,,,,,,,
"Jul 12, 1:40 am",66,61,83,,,7,,OVC011,,29.81,29.95,,,,,,,
"Jul 12, 1:35 am",64,61,88,,,7,,OVC011,,29.82,29.96,,,,,,,
"Jul 12, 1:30 am",64,61,88,NW,5,7,,OVC011,,29.81,29.95,,,,,,,
"Jul 12, 1:25 am",64,61,88,NNW,5,7,,OVC011,,29.81,29.95,,,,,,,
"Jul 12, 1:20 am",64,61,88,NW,6,7,,OVC011,,29.81,29.95,,,,,,,
"Jul 12, 1:15 am",66,61,83,NW,6,7,,OVC011,,29.82,29.96,,,,,,,
"Jul 12, 1:10 am",64,61,88,NW,7,7,,OVC011,,29.81,29.95,,,,,,,
"Jul 12, 1:05 am",64,61,88,,,8,,OVC011,,29.81,29.95,,,,,,,
"Jul 12, 1:00 am",64,61,88,NW,6,7,,OVC011,,29.81,29.95,,,,,,,
"Jul 12, 12:55 am",64,61,88,WNW,5,8,,OVC011,,29.81,29.95,,,,,,,
"Jul 12, 12:53 am",65,60,84,NW,3,8,,SCT009 OVC011,1014,29.81,29.95,,,,,,75,63
"Jul 12, 12:50 am",64,61,88,WNW,6,8,,SCT009 OVC011,,29.82,29.96,,,,,,,
"Jul 12, 12:45 am",64,61,88,WNW,6,8,,SCT009 OVC011,,29.82,29.96,,,,,,,
"Jul 12, 12:40 am",64,61,88,W,6,8,,OVC011,,29.82,29.96,,,,,,,
"Jul 12, 12:35 am",64,61,88,WNW,6,8,,OVC011,,29.82,29.96,,,,,,,
"Jul 12, 12:30 am",64,61,88,NW,5,8,,OVC011,,29.82,29.96,,,,,,,
"Jul 12, 12:25 am",64,61,88,NW,7,8,,OVC011,,29.82,29.96,,,,,,,
"Jul 12, 12:20 am",64,61,88,NNW,5,9,,OVC012,,29.82,29.96,,,,,,,
"Jul 12, 12:15 am",64,61,88,N,5,9,,OVC012,,29.82,29.96,,,,,,,
"Jul 12, 12:10 am",64,61,88,WNW,6,9,,OVC012,,29.82,29.96,,,,,,,
"Jul 12, 12:05 am",64,61,88,NNW,5,9,,OVC012,,29.82,29.96,,,,,,,
"Jul 12, 12:00 am",64,61,88,NW,5,9,,OVC012,,29.82,29.96,,,,,,,
"Jul 11, 11:55 pm",64,61,88,NW,5,10,,OVC012,,29.82,29.96,,,,,,,
"Jul 11, 11:53 pm",65,60,84,WNW,6,10,,SCT009 OVC012,1014.1,29.82,29.96,,,,,,,
"Jul 11, 11:50 pm",64,61,88,W,6,10,,SCT009 OVC012,,29.82,29.96,,,,,,,
"Jul 11, 11:45 pm",64,61,88,WNW,6,10,,OVC012,,29.82,29.96,,,,,,,
"Jul 11, 11:40 pm",64,61,88,WNW,6,9,,OVC011,,29.82,29.96,,,,,,,
"Jul 11, 11:35 pm",66,61,83,W,3,9,,OVC011,,29.82,29.96,,,,,,,
"Jul 11, 11:30 pm",64,61,88,WNW,6,9,,OVC011,,29.82,29.96,,,,,,,
"Jul 11, 11:25 pm",64,61,88,WNW,5,9,,OVC011,,29.82,29.96,,,,,,,
"Jul 11, 11:20 pm",64,61,88,WSW,5,9,,OVC011,,29.82,29.96,,,,,,,
"Jul 11, 11:15 pm",64,61,88,WSW,5,9,,OVC011,,29.82,29.96,,,,,,,
"Jul 11, 11:10 pm",64,61,88,WSW,3,9,,OVC011,,29.82,29.96,,,,,,,
"Jul 11, 11:05 pm",64,61,88,WSW,3,9,,SCT009 OVC011,,29.82,29.96,,,,,,,
"Jul 11, 11:00 pm",64,61,88,WSW,5,10,,SCT009 OVC011,,29.82,29.96,,,,,,,
"Jul 11, 10:55 pm",64,61,88,WSW,5,10,,OVC011,,29.82,29.96,,,,,,,
"Jul 11, 10:53 pm",64,60,87,W,3,10,,SCT009 OVC011,1014.3,29.82,29.96,,,,71,64,,
"Jul 11, 10:50 pm",64,61,88,WSW,5,10,,SCT009 OVC011,,29.82,29.96,,,,,,,
"Jul 11, 10:45 pm",64,61,88,W,3,10,,OVC011,,29.82,29.96,,,,,,,
"Jul 11, 10:40 pm",64,61,88,WSW,6,10,,OVC012,,29.82,29.96,,,,,,,
"Jul 11, 10:37 pm",64,60,87,W,5,10,,SCT009 OVC012,,29.82,29.96,,,,,,,
"Jul 11, 10:35 pm",64,61,88,WSW,5,10,,SCT009 OVC012,,29.82,29.96,,,,,,,
"Jul 11, 10:30 pm",64,61,88,SW,6,10,,SCT009 BKN015,,29.82,29.96,,,,,,,
"Jul 11, 10:25 pm",64,61,88,SW,7,10,,SCT009 BKN015,,29.82,29.96,,,,,,,
"Jul 11, 10:20 pm",64,61,88,WSW,7,10,,SCT009 BKN015,,29.82,29.96,,,,,,,
"Jul 11, 10:15 pm",64,61,88,SW,6,10,,SCT009 BKN015,,29.82,29.96,,,,,,,
"Jul 11, 10:10 pm",64,61,88,WSW,6,9,,SCT009 BKN015,,29.82,29.96,,,,,,,
"Jul 11, 10:05 pm",64,61,88,SW,8,9,,SCT009 SCT015,,29.82,29.96,,,,,,,
"Jul 11, 10:00 pm",64,59,83,SW,8,10,,SCT009,,29.82,29.96,,,,,,,
"Jul 11, 9:55 pm",64,61,88,WSW,7,10,,CLR,,29.82,29.96,,,,,,,
"Jul 11, 9:53 pm",64,60,87,WSW,6,10,,SCT009,1014.1,29.81,29.95,,,,,,,
"Jul 11, 9:50 pm",64,59,83,WSW,7,10,,SCT009,,29.81,29.95,,,,,,,
"Jul 11, 9:45 pm",64,59,83,WSW,6,10,,SCT009,,29.81,29.95,,,,,,,
"Jul 11, 9:40 pm",64,61,88,WSW,6,10,,SCT009,,29.81,29.95,,,,,,,
"Jul 11, 9:35 pm",64,59,83,WSW,7,10,,CLR,,29.81,29.95,,,,,,,
"Jul 11, 9:30 pm",64,59,83,WSW,8,10,,CLR,,29.81,29.95,,,,,,,
"Jul 11, 9:25 pm",64,59,83,WSW,7,10,,CLR,,29.81,29.95,,,,,,,
"Jul 11, 9:20 pm",64,59,83,W,9,10,,CLR,,29.81,29.95,,,,,,,
"Jul 11, 9:15 pm",64,59,83,W,8,10,,CLR,,29.81,29.95,,,,,,,
"Jul 11, 9:10 pm",64,59,83,W,9,10,,CLR,,29.8,29.94,,,,,,,
"Jul 11, 9:05 pm",64,59,83,W,9,10,,CLR,,29.8,29.94,,,,,,,
"Jul 11, 9:00 pm",64,59,83,W,9,10,,CLR,,29.8,29.94,,,,,,,
"Jul 11, 8:55 pm",64,59,83,W,9,10,,CLR,,29.8,29.94,,,,,,,
"Jul 11, 8:53 pm",64,59,84,W,9,10,,SCT009,1013.6,29.8,29.94,,,,,,,
"Jul 11, 8:50 pm",64,61,88,W,10,10,,SCT009,,29.8,29.94,,,,,,,
"Jul 11, 8:45 pm",64,61,88,W,9,10,,SCT009,,29.8,29.94,,,,,,,
"Jul 11, 8:40 pm",64,61,88,W,9,10,,SCT009,,29.8,29.94,,,,,,,
"Jul 11, 8:35 pm",64,61,88,WSW,9,10,,SCT009,,29.79,29.93,,,,,,,
"Jul 11, 8:30 pm",64,61,88,WSW,9,10,,SCT009,,29.79,29.93,,,,,,,
"Jul 11, 8:25 pm",64,61,88,WSW,8,10,,SCT009,,29.79,29.93,,,,,,,
"Jul 11, 8:20 pm",64,61,88,WSW,7,10,,SCT009,,29.79,29.93,,,,,,,
"Jul 11, 8:15 pm",64,61,88,WSW,8,10,,SCT009,,29.79,29.93,,,,,,,
"Jul 11, 8:10 pm",64,59,83,WSW,9,10,,SCT009,,29.79,29.93,,,,,,,
"Jul 11, 8:05 pm",64,59,83,WSW,9,10,,SCT009,,29.79,29.92,,,,,,,
"Jul 11, 8:00 pm",64,61,88,W,10,10,,SCT009,,29.79,29.92,,,,,,,
"Jul 11, 7:55 pm",64,61,88,W,9,10,,SCT009,,29.79,29.92,,,,,,,
"Jul 11, 7:53 pm",65,60,84,W,9,10,,SCT009,1013.1,29.79,29.92,,,,,,,
"Jul 11, 7:50 pm",64,61,88,W,9,10,,SCT008,,29.79,29.92,,,,,,,
"Jul 11, 7:45 pm",64,61,88,WSW,9,10,,SCT008,,29.79,29.92,,,,,,,
"Jul 11, 7:40 pm",66,61,83,WSW,9,10,,SCT008,,29.79,29.92,,,,,,,
"Jul 11, 7:35 pm",66,61,83,W,8,10,,SCT008,,29.79,29.92,,,,,,,
"Jul 11, 7:30 pm",66,61,83,WSW,7,10,,SCT008,,29.79,29.92,,,,,,,
"Jul 11, 7:25 pm",66,61,83,W,10,10,,SCT008,,29.79,29.92,,,,,,,
"Jul 11, 7:20 pm",66,61,83,WSW,9,10,,SCT008,,29.79,29.92,,,,,,,
"Jul 11, 7:15 pm",66,61,83,W,9,10,,SCT008,,29.79,29.92,,,,,,,
"Jul 11, 7:10 pm",66,61,83,W,10,10,,SCT008,,29.79,29.92,,,,,,,
"Jul 11, 7:05 pm",66,61,83,W,10,10,,SCT008,,29.79,29.92,,,,,,,
"Jul 11, 7:00 pm",66,61,83,W,9,10,,SCT008,,29.79,29.92,,,,,,,
"Jul 11, 6:55 pm",66,61,83,W,12,10,,CLR,,29.79,29.92,,,,,,,
"Jul 11, 6:53 pm",67,60,79,W,8,10,,SCT008,1013,29.79,29.92,,,,,,,
"Jul 11, 6:50 pm",68,61,78,WSW,9,10,,SCT008,,29.79,29.92,,,,,,,
"Jul 11, 6:45 pm",68,61,78,W,10,10,,FEW009,,29.79,29.92,,,,,,,
"Jul 11, 6:40 pm",68,61,78,WSW,9,10,,FEW009,,29.79,29.92,,,,,,,
"Jul 11, 6:35 pm",68,61,78,W,9,10,,FEW009,,29.79,29.92,,,,,,,
"Jul 11, 6:30 pm",68,61,78,WSW,10,10,,FEW009,,29.79,29.92,,,,,,,
"Jul 11, 6:25 pm",68,61,78,W,8,10,,FEW009,,29.79,29.92,,,,,,,
"Jul 11, 6:20 pm",68,61,78,WSW,10,10,,FEW009,,29.79,29.92,,,,,,,
"Jul 11, 6:15 pm",68,61,78,W,8,10,,FEW009,,29.79,29.92,,,,,,,
"Jul 11, 6:10 pm",68,61,78,W,9,10,,FEW009,,29.79,29.92,,,,,,,
"Jul 11, 6:05 pm",70,61,73,W,9,10,,CLR,,29.79,29.92,,,,,,,
"Jul 11, 6:00 pm",70,61,73,W,10,10,,CLR,,29.79,29.92,,,,,,,
"Jul 11, 5:55 pm",70,61,73,W,10,10,,CLR,,29.79,29.92,,,,,,,
"Jul 11, 5:53 pm",69,60,73,WSW,8,10,,FEW009,1013,29.79,29.92,,,,,,,
"Jul 11, 5:50 pm",70,61,73,W,10,10,,FEW009,,29.79,29.92,,,,,,,
"Jul 11, 5:45 pm",70,61,73,W,10,10,,FEW009,,29.79,29.92,,,,,,,
"Jul 11, 5:40 pm",70,61,73,W,12,10,,FEW009,,29.79,29.92,,,,,,,
"Jul 11, 5:35 pm",70,61,73,WSW,12,10,,FEW009,,29.79,29.92,,,,,,,
"Jul 11, 5:30 pm",70,61,73,W,13,10,,FEW009,,29.79,29.92,,,,,,,
"Jul 11, 5:25 pm",70,61,73,W,12,10,,FEW009,,29.79,29.93,,,,,,,
"Jul 11, 5:20 pm",70,61,73,WSW,12,10,,FEW009,,29.79,29.93,,,,,,,
"Jul 11, 5:15 pm",70,61,73,W,10G18,10,,FEW009,,29.79,29.93,,,,,,,
"Jul 11, 5:10 pm",70,61,73,W,10G16,10,,FEW009,,29.79,29.93,,,,,,,
"Jul 11, 5:05 pm",70,61,73,WSW,10,10,,FEW009,,29.79,29.93,,,,,,,
"Jul 11, 5:00 pm",70,61,73,W,10,10,,FEW009,,29.79,29.93,,,,,,,
"Jul 11, 4:55 pm",70,61,73,WSW,10,10,,FEW009,,29.79,29.93,,,,,,,
"Jul 11, 4:53 pm",71,60,68,W,10,10,,FEW009,1013.4,29.79,29.93,,,,75,70,,
"Jul 11, 4:50 pm",72,61,69,WSW,10,10,,FEW009,,29.79,29.93,,,,,,,
"Jul 11, 4:45 pm",70,61,73,WSW,12,10,,FEW009,,29.79,29.93,,,,,,,
"Jul 11, 4:40 pm",72,61,69,W,13,10,,FEW009,,29.79,29.93,,,,,,,
"Jul 11, 4:35 pm",72,61,69,WSW,13,10,,FEW009,,29.79,29.93,,,,,,,
"Jul 11, 4:30 pm",70,61,73,W,9,10,,FEW009,,29.79,29.93,,,,,,,
"Jul 11, 4:25 pm",70,61,73,W,10,10,,FEW009,,29.79,29.93,,,,,,,
"Jul 11, 4:20 pm",70,61,73,WSW,12,10,,FEW009,,29.79,29.93,,,,,,,
"Jul 11, 4:15 pm",70,61,73,W,12,10,,FEW009,,29.79,29.93,,,,,,,
"Jul 11, 4:14 pm",70,60,71,W,12G21,10,,FEW009,,29.79,29.93,,,,,,,
"Jul 11, 4:10 pm",70,61,73,WSW,12,10,,FEW009,,29.79,29.93,,,,,,,
"Jul 11, 4:05 pm",70,61,73,W,12,10,,CLR,,29.79,29.93,,,,,,,
"Jul 11, 4:00 pm",70,61,73,W,13,10,,CLR,,29.79,29.93,,,,,,,
"Jul 11, 3:55 pm",72,61,69,W,12,10,,CLR,,29.8,29.94,,,,,,,
"Jul 11, 3:53 pm",71,60,68,W,13,10,,CLR,1013.6,29.8,29.94,,,,,,,
"Jul 11, 3:50 pm",72,61,69,W,13G20,10,,CLR,,29.8,29.94,,,,,,,
"Jul 11, 3:45 pm",72,61,69,W,12,10,,CLR,,29.8,29.94,,,,,,,
"Jul 11, 3:40 pm",72,61,69,WSW,10,10,,CLR,,29.8,29.94,,,,,,,
"Jul 11, 3:35 pm",72,61,69,WSW,13,10,,CLR,,29.8,29.94,,,,,,,
"Jul 11, 3:30 pm",72,61,69,W,12G21,10,,CLR,,29.8,29.94,,,,,,,
"Jul 11, 3:25 pm",72,61,69,W,12G17,10,,CLR,,29.8,29.94,,,,,,,
"Jul 11, 3:20 pm",72,61,69,W,12,10,,CLR,,29.8,29.94,,,,,,,
"Jul 11, 3:15 pm",72,61,69,WSW,13,10,,CLR,,29.8,29.94,,,,,,,
"Jul 11, 3:10 pm",72,61,69,WSW,12,10,,CLR,,29.8,29.94,,,,,,,
"Jul 11, 3:05 pm",72,61,69,W,12,10,,CLR,,29.8,29.94,,,,,,,
"Jul 11, 3:00 pm",72,61,69,W,13,10,,CLR,,29.8,29.94,,,,,,,
"Jul 11, 2:55 pm",72,61,69,W,12G17,10,,CLR,,29.8,29.94,,,,,,,
"Jul 11, 2:53 pm",71,60,68,W,13,10,,CLR,1013.7,29.8,29.94,,,,,,,
"Jul 11, 2:50 pm",72,61,69,W,13,10,,CLR,,29.8,29.94,,,,,,,
"Jul 11, 2:45 pm",73,61,65,W,13,10,,FEW015,,29.8,29.94,,,,,,,
"Jul 11, 2:40 pm",73,61,65,W,14,10,,FEW015,,29.8,29.94,,,,,,,
"Jul 11, 2:35 pm",73,61,65,W,12,10,,FEW015,,29.8,29.94,,,,,,,
"Jul 11, 2:30 pm",73,61,65,WSW,9,10,,FEW015,,29.8,29.94,,,,,,,
"Jul 11, 2:25 pm",73,61,65,WSW,9,10,,FEW015,,29.8,29.94,,,,,,,
"Jul 11, 2:20 pm",73,61,65,WSW,9,10,,FEW015,,29.8,29.94,,,,,,,
"Jul 11, 2:15 pm",73,61,65,WSW,9,10,,FEW015,,29.81,29.95,,,,,,,
"Jul 11, 2:10 pm",73,61,65,WSW,10,10,,FEW015,,29.81,29.95,,,,,,,
"Jul 11, 2:05 pm",73,61,65,WSW,9,10,,FEW015,,29.81,29.95,,,,,,,
"Jul 11, 2:00 pm",73,61,65,WSW,12,10,,FEW015,,29.81,29.95,,,,,,,
"Jul 11, 1:55 pm",73,61,65,WSW,10,10,,FEW015,,29.81,29.95,,,,,,,
"Jul 11, 1:53 pm",73,60,64,WSW,10,10,,FEW015,1014,29.81,29.95,,,,,,,
"Jul 11, 1:50 pm",73,61,65,WSW,8,10,,FEW015,,29.81,29.95,,,,,,,
"Jul 11, 1:45 pm",73,61,65,WSW,10,10,,FEW015,,29.81,29.95,,,,,,,
"Jul 11, 1:40 pm",72,61,69,WSW,8,10,,CLR,,29.81,29.95,,,,,,,
"Jul 11, 1:35 pm",72,61,69,WSW,8,10,,CLR,,29.81,29.95,,,,,,,
"Jul 11, 1:30 pm",72,61,69,WSW,9,10,,CLR,,29.81,29.95,,,,,,,
"Jul 11, 1:25 pm",72,61,69,WSW,10,10,,CLR,,29.81,29.95,,,,,,,
"Jul 11, 1:20 pm",72,61,69,WSW,9,10,,CLR,,29.82,29.96,,,,,,,
"Jul 11, 1:15 pm",72,61,69,WSW,13,10,,CLR,,29.82,29.96,,,,,,,
"Jul 11, 1:10 pm",72,61,69,W,12,10,,CLR,,29.82,29.96,,,,,,,
"Jul 11, 1:05 pm",72,61,69,WSW,14,10,,CLR,,29.82,29.96,,,,,,,
"Jul 11, 1:00 pm",72,61,69,WSW,13,10,,CLR,,29.82,29.96,,,,,,,
"Jul 11, 12:55 pm",72,61,69,WSW,13,10,,CLR,,29.82,29.96,,,,,,,
"Jul 11, 12:53 pm",72,60,66,WSW,12G22,10,,SCT019,1014.4,29.82,29.96,,,,,,,
"Jul 11, 12:50 pm",72,61,69,WSW,14,10,,SCT019,,29.82,29.96,,,,,,,
"Jul 11, 12:45 pm",73,61,65,WSW,15G21,10,,CLR,,29.82,29.96,,,,,,,
"Jul 11, 12:40 pm",72,61,69,WSW,13,10,,CLR,,29.82,29.96,,,,,,,
"Jul 11, 12:35 pm",72,61,69,WSW,14,10,,CLR,,29.82,29.96,,,,,,,
"Jul 11, 12:30 pm",73,61,65,WSW,14,10,,CLR,,29.82,29.96,,,,,,,
"Jul 11, 12:25 pm",73,61,65,WSW,13,10,,CLR,,29.82,29.96,,,,,,,
"Jul 11, 12:20 pm",73,61,65,WSW,14,10,,CLR,,29.82,29.96,,,,,,,
"Jul 11, 12:15 pm",73,61,65,SW,15,10,,CLR,,29.82,29.96,,,,,,,
"Jul 11, 12:10 pm",73,61,65,SW,12,10,,CLR,,29.82,29.96,,,,,,,
"Jul 11, 12:05 pm",72,61,69,SW,13,9,,CLR,,29.82,29.96,,,,,,,
"Jul 11, 12:00 pm",73,61,65,SSW,12,9,,CLR,,29.82,29.96,,,,,,,
"Jul 11, 11:55 am",73,61,65,SSW,12,10,,CLR,,29.82,29.96,,,,,,,
"Jul 11, 11:53 am",73,61,66,SSW,13,10,,SCT018,1014.2,29.82,29.96,,,,,,,
"Jul 11, 11:50 am",73,61,65,SSW,13,10,,SCT018,,29.82,29.96,,,,,,,
"Jul 11, 11:45 am",73,61,65,SSW,14,10,,SCT018,,29.82,29.96,,,,,,,
"Jul 11, 11:40 am",75,61,61,S,6,10,,CLR,,29.82,29.96,,,,,,,
"Jul 11, 11:35 am",73,61,65,SSE,7,10,,CLR,,29.82,29.96,,,,,,,
"Jul 11, 11:30 am",73,61,65,SSE,7,10,,CLR,,29.81,29.95,,,,,,,
"Jul 11, 11:25 am",73,61,65,SSW,5,10,,CLR,,29.81,29.95,,,,,,,
"Jul 11, 11:20 am",73,61,65,SE,3,10,,CLR,,29.81,29.95,,,,,,,
"Jul 11, 11:15 am",73,61,65,SSE,8,10,,CLR,,29.81,29.95,,,,,,,
"Jul 11, 11:10 am",72,61,69,SE,3,10,,CLR,,29.81,29.95,,,,,,,
"Jul 11, 11:05 am",73,61,65,SE,6,10,,FEW020,,29.81,29.95,,,,,,,
"Jul 11, 11:00 am",73,61,65,SE,6,10,,FEW019,,29.8,29.94,,,,,,,
"Jul 11, 10:55 am",72,61,69,ESE,5,10,,FEW019,,29.81,29.95,,,,,,,
"Jul 11, 10:53 am",72,61,68,E,5,10,,SCT017,1013.9,29.81,29.95,,,,73,64,,
"Jul 11, 10:50 am",73,61,65,ESE,7,10,,SCT017,,29.81,29.95,,,,,,,
"Jul 11, 10:45 am",72,61,69,SSW,5,10,,SCT017,,29.81,29.95,,,,,,,
"Jul 11, 10:40 am",72,61,69,SW,6,9,,SCT017,,29.81,29.95,,,,,,,
"Jul 11, 10:35 am",72,61,69,SSE,5,10,,SCT017,,29.81,29.95,,,,,,,
"Jul 11, 10:30 am",72,61,69,SSE,3,10,,SCT017,,29.81,29.95,,,,,,,
"Jul 11, 10:25 am",70,61,73,S,5,9,,SCT017,,29.81,29.95,,,,,,,
"Jul 11, 10:24 am",70,60,71,,5,9,,SCT017,,29.81,29.95,,,,,,,
"Jul 11, 10:20 am",70,61,73,S,3,9,,BKN016,,29.81,29.95,,,,,,,
"Jul 11, 10:15 am",70,61,73,SE,5,10,,BKN016,,29.8,29.94,,,,,,,
"Jul 11, 10:10 am",70,61,73,SE,5,10,,BKN016,,29.8,29.94,,,,,,,
"Jul 11, 10:05 am",70,61,73,SSE,3,10,,BKN016,,29.8,29.94,,,,,,,
"Jul 11, 10:00 am",70,61,73,ESE,5,10,,OVC015,,29.8,29.94,,,,,,,
"Jul 11, 9:55 am",70,61,73,S,5,10,,OVC015,,29.8,29.94,,,,,,,
"Jul 11, 9:53 am",69,61,75,SW,3,10,,BKN015,1013.8,29.8,29.94,,,,,,,
"Jul 11, 9:50 am",68,61,78,N,0,9,,OVC015,,29.8,29.94,,,,,,,
"Jul 11, 9:47 am",68,61,78,N,0,9,,OVC015,,29.8,29.94,,,,,,,
"Jul 11, 9:45 am",68,61,78,SSE,3,9,,OVC015,,29.8,29.94,,,,,,,
"Jul 11, 9:40 am",68,61,78,S,3,9,,OVC014,,29.8,29.94,,,,,,,
"Jul 11, 9:35 am",68,61,78,SSE,3,9,,OVC014,,29.8,29.94,,,,,,,
"Jul 11, 9:30 am",66,61,83,S,5,10,,OVC013,,29.81,29.95,,,,,,,
"Jul 11, 9:25 am",66,61,83,N,0,9,,OVC013,,29.81,29.95,,,,,,,
"Jul 11, 9:20 am",66,61,83,SSE,3,9,,OVC013,,29.8,29.94,,,,,,,
"Jul 11, 9:15 am",66,61,83,SSE,5,9,,OVC013,,29.81,29.95,,,,,,,
"Jul 11, 9:10 am",66,61,83,SSE,7,9,,OVC013,,29.81,29.95,,,,,,,
"Jul 11, 9:05 am",66,61,83,SSE,3,9,,OVC012,,29.8,29.94,,,,,,,
"Jul 11, 9:00 am",66,61,83,S,7,9,,OVC012,,29.81,29.95,,,,,,,
"Jul 11, 8:55 am",66,61,83,SSE,5,9,,OVC012,,29.81,29.95,,,,,,,
"Jul 11, 8:53 am",67,61,81,SE,6,8,,OVC012,1013.8,29.8,29.94,,,,,,,
"Jul 11, 8:50 am",66,61,83,S,6,8,,OVC012,,29.8,29.94,,,,,,,
"Jul 11, 8:45 am",66,61,83,SSE,6,8,,OVC012,,29.81,29.95,,,,,,,
"Jul 11, 8:44 am",66,61,84,,6,8,,OVC012,,29.81,29.95,,,,,,,
"Jul 11, 8:40 am",66,61,83,SE,3,10,,OVC009,,29.81,29.95,,,,,,,
"Jul 11, 8:35 am",66,61,83,ESE,5,10,,OVC009,,29.8,29.94,,,,,,,
"Jul 11, 8:30 am",66,61,83,E,3,10,,OVC009,,29.8,29.94,,,,,,,
"Jul 11, 8:25 am",66,61,83,ENE,5,10,,OVC009,,29.81,29.95,,,,,,,
"Jul 11, 8:20 am",66,61,83,ESE,5,10,,OVC009,,29.8,29.94,,,,,,,
"Jul 11, 8:15 am",66,61,83,ESE,5,10,,OVC009,,29.81,29.95,,,,,,,
"Jul 11, 8:10 am",66,61,83,ESE,8,10,,OVC009,,29.81,29.95,,,,,,,
"Jul 11, 8:05 am",66,61,83,SE,6,10,,OVC009,,29.81,29.95,,,,,,,
"Jul 11, 8:00 am",66,61,83,ESE,7,9,,OVC009,,29.8,29.94,,,,,,,
"Jul 11, 7:55 am",64,61,88,SSE,5,9,,OVC009,,29.8,29.94,,,,,,,
"Jul 11, 7:53 am",65,61,87,,6,8,,OVC009,1013.8,29.8,29.94,,,,,,,
"Jul 11, 7:50 am",66,61,83,ESE,5,8,,OVC009,,29.8,29.94,,,,,,,
"Jul 11, 7:45 am",64,61,88,SE,8,8,,OVC008,,29.8,29.94,,,,,,,
"Jul 11, 7:40 am",64,61,88,SE,7,8,,OVC008,,29.8,29.94,,,,,,,
"Jul 11, 7:35 am",64,61,88,ESE,7,8,,OVC008,,29.8,29.94,,,,,,,
"Jul 11, 7:30 am",64,61,88,SE,5,8,,OVC008,,29.8,29.94,,,,,,,
"Jul 11, 7:25 am",64,61,88,ESE,8,8,,OVC008,,29.8,29.94,,,,,,,
"Jul 11, 7:20 am",64,61,88,ESE,8,8,,OVC008,,29.8,29.94,,,,,,,
"Jul 11, 7:15 am",64,61,88,E,8,8,,OVC008,,29.8,29.94,,,,,,,
"Jul 11, 7:10 am",64,61,88,ESE,6,8,,OVC008,,29.8,29.94,,,,,,,
"Jul 11, 7:05 am",64,61,88,E,7,8,,OVC008,,29.79,29.93,,,,,,,
"Jul 11, 7:00 am",64,61,88,E,6,8,,OVC008,,29.79,29.93,,,,,,,
"Jul 11, 6:55 am",64,61,88,E,8,8,,OVC008,,29.79,29.93,,,,,,,
"Jul 11, 6:53 am",65,61,87,E,8,8,,OVC008,1013.2,29.79,29.93,,,,,,,
"Jul 11, 6:50 am",64,61,88,ENE,7,8,,OVC008,,29.79,29.93,,,,,,,
"Jul 11, 6:45 am",64,61,88,E,7,8,,OVC008,,29.79,29.93,,,,,,,
"Jul 11, 6:40 am",64,61,88,E,8,8,,FEW007 OVC009,,29.79,29.92,,,,,,,
"Jul 11, 6:35 am",64,61,88,ESE,10,8,,FEW007 OVC009,,29.79,29.92,,,,,,,
"Jul 11, 6:30 am",64,61,88,ESE,10,8,,FEW007 OVC009,,29.79,29.92,,,,,,,
"Jul 11, 6:25 am",64,61,88,ESE,9,8,,FEW007 OVC009,,29.79,29.92,,,,,,,
"Jul 11, 6:20 am",64,61,88,E,6,8,,FEW007 OVC009,,29.79,29.92,,,,,,,
"Jul 11, 6:15 am",64,61,88,E,7,8,,FEW007 OVC009,,29.79,29.92,,,,,,,
"Jul 11, 6:10 am",64,61,88,E,7,8,,FEW007 OVC009,,29.79,29.92,,,,,,,
"Jul 11, 6:05 am",64,61,88,ESE,7,8,,FEW007 OVC009,,29.79,29.92,,,,,,,
"Jul 11, 6:00 am",64,61,88,E,7,8,,FEW007 OVC009,,29.79,29.92,,,,,,,
"Jul 11, 5:55 am",64,61,88,E,8,8,,FEW007 OVC009,,29.79,29.92,,,,,,,
"Jul 11, 5:53 am",65,61,87,E,8,8,,FEW007 OVC009,1013,29.79,29.92,,,,,,,
"Jul 11, 5:50 am",64,61,88,E,7,8,,FEW007 OVC009,,29.79,29.92,,,,,,,
"Jul 11, 5:45 am",64,61,88,E,9,8,,FEW007 OVC009,,29.79,29.92,,,,,,,
"Jul 11, 5:40 am",64,61,88,E,7,8,,FEW007 OVC009,,29.79,29.92,,,,,,,
"Jul 11, 5:36 am",65,61,87,E,6,8,,FEW007 OVC009,,29.79,29.92,,,,,,,
"Jul 11, 5:35 am",64,61,88,E,7,8,,SCT008 OVC010,,29.79,29.92,,,,,,,
"Jul 11, 5:30 am",64,61,88,E,5,8,,SCT008 OVC010,,29.79,29.92,,,,,,,
"Jul 11, 5:25 am",64,61,88,E,5,8,,FEW008 OVC011,,29.79,29.92,,,,,,,
"Jul 11, 5:20 am",64,61,88,E,6,8,,FEW008 OVC011,,29.79,29.92,,,,,,,
"Jul 11, 5:15 am",64,61,88,E,3,8,,FEW008 OVC011,,29.79,29.92,,,,,,,
"Jul 11, 5:10 am",64,61,88,E,6,8,,FEW008 OVC011,,29.79,29.92,,,,,,,
"Jul 11, 5:05 am",64,61,88,E,6,8,,FEW008 OVC011,,29.79,29.92,,,,,,,
"Jul 11, 5:00 am",64,61,88,ESE,7,8,,FEW008 OVC011,,29.79,29.92,,,,,,,
"Jul 11, 4:55 am",64,61,88,E,6,8,,OVC011,,29.79,29.92,,,,,,,
"Jul 11, 4:53 am",64,60,87,ESE,7,9,,FEW008 OVC011,1012.9,29.79,29.92,,,,65,63,,
"Jul 11, 4:50 am",64,61,88,E,8,9,,FEW008 OVC012,,29.79,29.92,,,,,,,
"Jul 11, 4:45 am",64,61,88,E,7,9,,FEW008 OVC012,,29.79,29.92,,,,,,,
"Jul 11, 4:40 am",64,59,83,E,5,9,,FEW008 OVC012,,29.79,29.92,,,,,,,
"Jul 11, 4:35 am",64,61,88,E,5,9,,FEW008 OVC012,,29.78,29.91,,,,,,,
"Jul 11, 4:30 am",64,61,88,E,3,9,,FEW008 OVC012,,29.78,29.91,,,,,,,
"Jul 11, 4:25 am",64,61,88,ENE,5,9,,FEW008 OVC012,,29.79,29.92,,,,,,,
"Jul 11, 4:20 am",64,61,88,ENE,5,9,,FEW008 OVC012,,29.79,29.92,,,,,,,
"Jul 11, 4:15 am",64,61,88,ENE,5,9,,FEW008 OVC012,,29.79,29.92,,,,,,,
"Jul 11, 4:10 am",64,61,88,E,6,10,,BKN012,,29.79,29.92,,,,,,,
"Jul 11, 4:05 am",64,61,88,E,6,10,,BKN012,,29.79,29.92,,,,,,,
"Jul 11, 4:00 am",64,61,88,ENE,3,10,,BKN012,,29.79,29.92,,,,,,,
"Jul 11, 3:55 am",64,61,88,NE,5,10,,OVC012,,29.79,29.92,,,,,,,
"Jul 11, 3:53 am",64,60,87,N,0,10,,FEW008 BKN012,1012.8,29.79,29.92,,,,,,,
"Jul 11, 3:50 am",63,61,94,N,0,10,,FEW008 BKN012,,29.79,29.92,,,,,,,
"Jul 11, 3:45 am",63,61,94,N,0,10,,FEW008 BKN012,,29.79,29.92,,,,,,,
"Jul 11, 3:40 am",63,59,88,N,0,10,,FEW008 BKN012,,29.79,29.92,,,,,,,
"Jul 11, 3:35 am",63,59,88,N,0,10,,SCT014,,29.79,29.92,,,,,,,
"Jul 11, 3:30 am",63,59,88,N,0,10,,FEW014,,29.78,29.91,,,,,,,
"Jul 11, 3:25 am",63,59,88,N,0,10,,CLR,,29.78,29.91,,,,,,,
"Jul 11, 3:20 am",63,59,88,N,0,10,,CLR,,29.78,29.91,,,,,,,
"Jul 11, 3:15 am",63,59,88,N,0,10,,CLR,,29.78,29.91,,,,,,,
"Jul 11, 3:10 am",63,59,88,N,0,10,,CLR,,29.78,29.91,,,,,,,
"Jul 11, 3:05 am",63,59,88,N,0,10,,CLR,,29.78,29.91,,,,,,,
"Jul 11, 3:00 am",63,59,88,NW,3,10,,CLR,,29.78,29.91,,,,,,,
"Jul 11, 2:55 am",63,59,88,NNW,5,10,,CLR,,29.79,29.92,,,,,,,
"Jul 11, 2:53 am",63,59,87,NNW,3,10,,FEW008,1012.8,29.79,29.92,,,,,,,
"Jul 11, 2:50 am",63,59,88,NNW,5,10,,FEW008,,29.79,29.92,,,,,,,
"Jul 11, 2:45 am",63,59,88,W,5,10,,FEW008,,29.79,29.92,,,,,,,
"Jul 11, 2:40 am",63,59,88,W,3,10,,FEW008,,29.79,29.92,,,,,,,
"Jul 11, 2:35 am",63,59,88,WSW,3,10,,FEW008,,29.78,29.91,,,,,,,
"Jul 11, 2:30 am",63,59,88,WSW,3,10,,FEW008,,29.78,29.91,,,,,,,
"Jul 11, 2:25 am",63,59,88,WSW,3,10,,FEW008,,29.79,29.92,,,,,,,
"Jul 11, 2:20 am",63,59,88,WSW,3,10,,FEW008,,29.78,29.91,,,,,,,
"Jul 11, 2:15 am",63,59,88,W,5,10,,CLR,,29.78,29.91,,,,,,,
"Jul 11, 2:10 am",63,59,88,W,3,10,,CLR,,29.78,29.91,,,,,,,
"Jul 11, 2:05 am",63,59,88,W,3,10,,CLR,,29.78,29.91,,,,,,,
"Jul 11, 2:00 am",63,59,88,W,5,10,,CLR,,29.78,29.91,,,,,,,
"Jul 11, 1:55 am",63,59,88,WSW,3,10,,CLR,,29.78,29.91,,,,,,,
"Jul 11, 1:53 am",63,59,87,WSW,3,10,,FEW008,1012.6,29.78,29.91,,,,,,,
"Jul 11, 1:50 am",63,59,88,W,6,10,,FEW008,,29.78,29.91,,,,,,,
"Jul 11, 1:45 am",64,59,83,W,6,10,,FEW008,,29.78,29.91,,,,,,,
"Jul 11, 1:40 am",64,59,83,WSW,6,10,,FEW008,,29.78,29.91,,,,,,,
"Jul 11, 1:35 am",63,57,83,W,6,10,,FEW008,,29.78,29.91,,,,,,,
"Jul 11, 1:30 am",63,57,83,W,5,10,,FEW008,,29.78,29.91,,,,,,,
"Jul 11, 1:25 am",64,57,77,WSW,6,10,,FEW008,,29.78,29.91,,,,,,,
"Jul 11, 1:20 am",64,57,77,W,7,10,,FEW008,,29.78,29.91,,,,,,,
"Jul 11, 1:15 am",64,57,77,WSW,6,10,,FEW008,,29.78,29.91,,,,,,,
"Jul 11, 1:10 am",64,57,77,WSW,6,10,,FEW008,,29.77,29.9,,,,,,,
"Jul 11, 1:05 am",64,57,77,SW,6,10,,FEW008,,29.77,29.9,,,,,,,
"Jul 11, 1:00 am",64,57,77,SW,7,10,,FEW008,,29.77,29.9,,,,,,,
"Jul 11, 12:55 am",64,57,77,SW,7,10,,FEW008,,29.77,29.9,,,,,,,
"Jul 11, 12:53 am",64,57,78,SW,6,10,,FEW008,1012.4,29.77,29.9,,,,,,75,62
"Jul 11, 12:50 am",64,57,77,SW,6,10,,FEW008,,29.77,29.9,,,,,,,
"Jul 11, 12:45 am",64,57,77,SW,6,10,,FEW008,,29.77,29.9,,,,,,,
"Jul 11, 12:40 am",64,59,83,SW,7,10,,FEW008,,29.77,29.9,,,,,,,
"Jul 11, 12:35 am",64,59,83,SW,6,10,,FEW008,,29.77,29.9,,,,,,,
"Jul 11, 12:30 am",64,59,83,SW,6,10,,FEW008,,29.77,29.9,,,,,,,
"Jul 11, 12:25 am",64,61,88,WSW,6,10,,FEW008,,29.76,29.89,,,,,,,
"Jul 11, 12:20 am",64,61,88,WSW,7,10,,FEW008,,29.77,29.9,,,,,,,
"Jul 11, 12:15 am",64,61,88,WSW,3,10,,FEW008,,29.76,29.89,,,,,,,
"Jul 11, 12:10 am",64,61,88,WSW,5,10,,FEW008,,29.76,29.89,,,,,,,
"Jul 11, 12:05 am",64,61,88,WSW,5,10,,FEW008,,29.76,29.89,,,,,,,
"Jul 11, 12:00 am",64,61,88,SSW,6,10,,FEW008,,29.76,29.89,,,,,,,
"Jul 10, 11:55 pm",64,61,88,SW,3,9,,CLR,,29.76,29.89,,,,,,,
"Jul 10, 11:53 pm",64,60,87,SW,3,10,,FEW008,1012,29.76,29.89,,,,,,,
"Jul 10, 11:50 pm",64,61,88,SW,5,10,,FEW008,,29.76,29.89,,,,,,,
"Jul 10, 11:45 pm",64,61,88,SW,6,10,,FEW008,,29.76,29.89,,,,,,,
"Jul 10, 11:40 pm",64,61,88,SW,7,10,,FEW008,,29.76,29.89,,,,,,,
"Jul 10, 11:35 pm",64,61,88,SW,7,10,,CLR,,29.76,29.89,,,,,,,
"Jul 10, 11:30 pm",64,61,88,WSW,7,10,,CLR,,29.76,29.89,,,,,,,
"Jul 10, 11:25 pm",64,61,88,WSW,7,10,,CLR,,29.76,29.89,,,,,,,
"Jul 10, 11:20 pm",64,61,88,WSW,7,10,,CLR,,29.76,29.89,,,,,,,
"Jul 10, 11:15 pm",64,61,88,WSW,7,8,,CLR,,29.76,29.89,,,,,,,
"Jul 10, 11:10 pm",64,61,88,SW,7,8,,CLR,,29.76,29.89,,,,,,,
"Jul 10, 11:05 pm",64,61,88,SW,7,10,,CLR,,29.76,29.89,,,,,,,
"Jul 10, 11:00 pm",64,61,88,SW,7,10,,CLR,,29.76,29.89,,,,,,,
"Jul 10, 10:55 pm",64,61,88,SW,6,10,,CLR,,29.76,29.89,,,,,,,
"Jul 10, 10:53 pm",64,60,87,WSW,8,10,,FEW008,1011.8,29.76,29.89,,,,71,64,,
"Jul 10, 10:50 pm",64,61,88,SW,8,10,,FEW008,,29.76,29.89,,,,,,,
"Jul 10, 10:45 pm",64,61,88,WSW,8,10,,CLR,,29.76,29.89,,,,,,,
"Jul 10, 10:40 pm",64,61,88,WSW,8,10,,CLR,,29.76,29.89,,,,,,,
"Jul 10, 10:35 pm",64,61,88,WSW,9,10,,CLR,,29.76,29.89,,,,,,,
"Jul 10, 10:30 pm",64,61,88,WSW,8,10,,CLR,,29.76,29.89,,,,,,,
"Jul 10, 10:25 pm",64,61,88,WSW,9,10,,CLR,,29.75,29.88,,,,,,,
"Jul 10, 10:20 pm",64,61,88,WSW,9,10,,CLR,,29.75,29.88,,,,,,,
"Jul 10, 10:15 pm",64,61,88,W,9,10,,CLR,,29.76,29.89,,,,,,,
"Jul 10, 10:10 pm",64,61,88,W,9,10,,CLR,,29.76,29.89,,,,,,,
"Jul 10, 10:05 pm",64,61,88,WSW,9,10,,CLR,,29.76,29.89,,,,,,,
"Jul 10, 10:00 pm",64,61,88,WSW,9,10,,CLR,,29.76,29.89,,,,,,,
"Jul 10, 9:55 pm",64,61,88,WSW,8,10,,CLR,,29.76,29.89,,,,,,,
"Jul 10, 9:53 pm",65,60,84,WSW,8,10,,CLR,1011.7,29.76,29.89,,,,,,,
"Jul 10, 9:50 pm",64,61,88,WSW,7,10,,CLR,,29.75,29.88,,,,,,,
"Jul 10, 9:45 pm",64,61,88,WSW,8,10,,CLR,,29.75,29.88,,,,,,,
"Jul 10, 9:40 pm",64,61,88,WSW,7,10,,CLR,,29.75,29.88,,,,,,,
"Jul 10, 9:35 pm",64,61,88,WSW,8,10,,CLR,,29.75,29.88,,,,,,,
"Jul 10, 9:30 pm",64,61,88,WSW,8,10,,CLR,,29.75,29.88,,,,,,,
"Jul 10, 9:25 pm",64,61,88,WSW,9,10,,CLR,,29.75,29.88,,,,,,,
"Jul 10, 9:20 pm",64,61,88,WSW,8,10,,CLR,,29.75,29.88,,,,,,,
"Jul 10, 9:15 pm",64,61,88,WSW,8,10,,CLR,,29.75,29.88,,,,,,,
"Jul 10, 9:10 pm",64,61,88,WSW,10,10,,CLR,,29.75,29.88,,,,,,,
"Jul 10, 9:05 pm",64,61,88,W,9,10,,CLR,,29.75,29.88,,,,,,,
"Jul 10, 9:00 pm",64,61,88,W,9,10,,CLR,,29.74,29.87,,,,,,,
"Jul 10, 8:55 pm",64,61,88,W,10,10,,CLR,,29.74,29.87,,,,,,,
"Jul 10, 8:53 pm",65,61,87,W,10,10,,CLR,1011.3,29.74,29.87,,,,,,,
"Jul 10, 8:50 pm",64,61,88,WSW,10,10,,CLR,,29.74,29.87,,,,,,,
"Jul 10, 8:45 pm",64,61,88,W,9,10,,CLR,,29.74,29.87,,,,,,,
"Jul 10, 8:40 pm",64,61,88,W,9,10,,CLR,,29.74,29.87,,,,,,,
"Jul 10, 8:35 pm",64,61,88,W,10,10,,CLR,,29.74,29.87,,,,,,,
"Jul 10, 8:30 pm",66,61,83,W,10,10,,CLR,,29.74,29.87,,,,,,,
"Jul 10, 8:25 pm",66,61,83,W,10,10,,CLR,,29.74,29.87,,,,,,,
"Jul 10, 8:20 pm",66,61,83,W,9,10,,CLR,,29.74,29.87,,,,,,,
"Jul 10, 8:15 pm",66,61,83,W,10,10,,CLR,,29.74,29.87,,,,,,,
"Jul 10, 8:10 pm",66,61,83,W,10,10,,CLR,,29.74,29.87,,,,,,,
"Jul 10, 8:05 pm",66,61,83,WSW,9,10,,CLR,,29.74,29.87,,,,,,,
"Jul 10, 8:00 pm",66,61,83,WSW,12,10,,CLR,,29.74,29.87,,,,,,,
"Jul 10, 7:55 pm",66,61,83,W,10,10,,CLR,,29.74,29.87,,,,,,,
"Jul 10, 7:53 pm",67,61,81,W,12,10,,FEW010,1011.4,29.74,29.87,,,,,,,
"Jul 10, 7:50 pm",66,61,83,WSW,10,10,,FEW010,,29.74,29.87,,,,,,,
"Jul 10, 7:45 pm",66,61,83,WSW,10,10,,FEW010,,29.74,29.87,,,,,,,
"Jul 10, 7:40 pm",66,61,83,W,10,10,,FEW010,,29.74,29.87,,,,,,,
"Jul 10, 7:35 pm",66,61,83,W,9,10,,FEW010,,29.74,29.87,,,,,,,
"Jul 10, 7:30 pm",66,61,83,WSW,10,10,,FEW010,,29.74,29.87,,,,,,,
"Jul 10, 7:25 pm",66,61,83,WSW,10,10,,FEW010,,29.74,29.87,,,,,,,
"Jul 10, 7:20 pm",68,61,78,W,12,10,,FEW010,,29.74,29.87,,,,,,,
"Jul 10, 7:15 pm",68,61,78,WSW,10,10,,FEW010,,29.74,29.87,,,,,,,
"Jul 10, 7:10 pm",68,61,78,W,12,10,,FEW010,,29.74,29.87,,,,,,,
"Jul 10, 7:05 pm",68,61,78,W,12,10,,FEW010,,29.75,29.88,,,,,,,
"Jul 10, 7:00 pm",68,61,78,W,10,10,,FEW010,,29.75,29.88,,,,,,,
"Jul 10, 6:55 pm",68,61,78,W,10,10,,CLR,,29.75,29.88,,,,,,,
"Jul 10, 6:53 pm",68,61,78,W,10,10,,FEW010,1011.6,29.75,29.88,,,,,,,
"Jul 10, 6:50 pm",68,61,78,WSW,12,10,,CLR,,29.75,29.88,,,,,,,
"Jul 10, 6:45 pm",68,61,78,W,13,10,,CLR,,29.75,29.88,,,,,,,
"Jul 10, 6:40 pm",68,61,78,W,12,10,,CLR,,29.75,29.88,,,,,,,
"Jul 10, 6:35 pm",70,61,73,W,13,10,,CLR,,29.75,29.88,,,,,,,
"Jul 10, 6:30 pm",70,61,73,WSW,12,10,,CLR,,29.75,29.88,,,,,,,
"Jul 10, 6:25 pm",70,61,73,W,12,10,,CLR,,29.75,29.88,,,,,,,
"Jul 10, 6:20 pm",70,61,73,WSW,12G18,10,,CLR,,29.75,29.88,,,,,,,
"Jul 10, 6:15 pm",70,61,73,WSW,12,10,,CLR,,29.75,29.88,,,,,,,
"Jul 10, 6:10 pm",70,63,78,W,10,10,,CLR,,29.75,29.88,,,,,,,
"Jul 10, 6:05 pm",70,61,73,WSW,10G16,10,,CLR,,29.75,29.88,,,,,,,
"Jul 10, 6:00 pm",70,61,73,WSW,12,10,,CLR,,29.75,29.88,,,,,,,
"Jul 10, 5:55 pm",70,61,73,WSW,12,10,,CLR,,29.75,29.88,,,,,,,
"Jul 10, 5:53 pm",71,61,71,WSW,13,10,,FEW010,1011.8,29.75,29.88,,,,,,,
"Jul 10, 5:50 pm",72,61,69,WSW,13,10,,FEW010,,29.75,29.88,,,,,,,
"Jul 10, 5:45 pm",72,63,73,WSW,12,10,,FEW010,,29.75,29.88,,,,,,,
"Jul 10, 5:40 pm",70,63,78,W,13,10,,FEW010,,29.75,29.88,,,,,,,
"Jul 10, 5:35 pm",70,61,73,WSW,13,10,,CLR,,29.76,29.89,,,,,,,
"Jul 10, 5:30 pm",72,61,69,W,14,10,,CLR,,29.75,29.88,,,,,,,
"Jul 10, 5:25 pm",72,61,69,W,12,10,,CLR,,29.76,29.89,,,,,,,
"Jul 10, 5:20 pm",72,61,69,WSW,15,10,,CLR,,29.76,29.89,,,,,,,
"Jul 10, 5:15 pm",72,61,69,W,15,10,,CLR,,29.76,29.89,,,,,,,
"Jul 10, 5:10 pm",72,61,69,WSW,13,10,,CLR,,29.76,29.89,,,,,,,
"Jul 10, 5:05 pm",72,61,69,W,15,10,,CLR,,29.76,29.89,,,,,,,
"Jul 10, 5:00 pm",72,61,69,WSW,14,10,,CLR,,29.76,29.89,,,,,,,
"Jul 10, 4:55 pm",72,61,69,WSW,14,10,,CLR,,29.76,29.89,,,,,,,
"Jul 10, 4:53 pm",72,61,68,WSW,15,10,,FEW012,1012.1,29.76,29.89,,,,75,71,,
"Jul 10, 4:50 pm",72,61,69,SW,14,10,,CLR,,29.76,29.89,,,,,,,
"Jul 10, 4:45 pm",72,61,69,WSW,12,10,,CLR,,29.76,29.89,,,,,,,
"Jul 10, 4:40 pm",72,61,69,SW,13,10,,CLR,,29.76,29.89,,,,,,,
"Jul 10, 4:35 pm",72,61,69,WSW,13,10,,CLR,,29.76,29.89,,,,,,,
"Jul 10, 4:30 pm",72,61,69,WSW,13,10,,CLR,,29.76,29.89,,,,,,,
"Jul 10, 4:25 pm",72,61,69,W,12,10,,CLR,,29.76,29.89,,,,,,,
"Jul 10, 4:20 pm",72,61,69,WSW,13,10,,CLR,,29.76,29.89,,,,,,,
"Jul 10, 4:15 pm",73,61,65,W,13,10,,CLR,,29.76,29.89,,,,,,,
"Jul 10, 4:10 pm",73,61,65,W,12,10,,CLR,,29.76,29.89,,,,,,,
"Jul 10, 4:05 pm",73,61,65,W,12,10,,CLR,,29.76,29.89,,,,,,,
"Jul 10, 4:00 pm",72,61,69,W,12G17,10,,CLR,,29.77,29.9,,,,,,,
"Jul 10, 3:55 pm",72,61,69,WSW,13,10,,CLR,,29.77,29.9,,,,,,,
"Jul 10, 3:53 pm",72,60,66,W,13,10,,CLR,1012.3,29.77,29.9,,,,,,,
"Jul 10, 3:50 pm",72,61,69,W,12G17,10,,CLR,,29.77,29.9,,,,,,,
"Jul 10, 3:45 pm",72,61,69,WSW,12G17,10,,CLR,,29.77,29.9,,,,,,,
"Jul 10, 3:40 pm",73,61,65,W,12,10,,CLR,,29.77,29.9,,,,,,,
"Jul 10, 3:35 pm",72,61,69,WSW,12,10,,CLR,,29.77,29.9,,,,,,,
"Jul 10, 3:30 pm",73,61,65,WSW,9,10,,CLR,,29.77,29.9,,,,,,,
"Jul 10, 3:25 pm",72,61,69,WSW,12,10,,CLR,,29.77,29.9,,,,,,,
"Jul 10, 3:20 pm",72,61,69,W,14,10,,CLR,,29.77,29.9,,,,,,,
"Jul 10, 3:15 pm",72,59,65,WSW,14,10,,CLR,,29.77,29.9,,,,,,,
"Jul 10, 3:10 pm",73,59,61,W,12,10,,CLR,,29.77,29.9,,,,,,,
"Jul 10, 3:05 pm",73,59,61,WSW,9,10,,CLR,,29.77,29.9,,,,,,,
"Jul 10, 3:00 pm",73,59,61,SW,12,10,,CLR,,29.78,29.91,,,,,,,
"Jul 10, 2:55 pm",73,59,61,WSW,12,10,,CLR,,29.78,29.91,,,,,,,
"Jul 10, 2:53 pm",73,59,61,WSW,12,10,,FEW009,1012.6,29.78,29.91,,,,,,,
"Jul 10, 2:50 pm",73,59,61,WSW,14,10,,FEW009,,29.78,29.91,,,,,,,
"Jul 10, 2:45 pm",73,61,65,SW,14,10,,FEW009,,29.78,29.91,,,,,,,
"Jul 10, 2:40 pm",73,61,65,SW,14,10,,CLR,,29.78,29.91,,,,,,,
"Jul 10, 2:35 pm",73,59,61,WSW,14,10,,CLR,,29.78,29.91,,,,,,,
"Jul 10, 2:30 pm",73,59,61,WSW,13,10,,CLR,,29.78,29.91,,,,,,,
"Jul 10, 2:25 pm",73,59,61,SW,12G17,10,,CLR,,29.78,29.91,,,,,,,
"Jul 10, 2:20 pm",73,59,61,WSW,13,10,,CLR,,29.78,29.91,,,,,,,
"Jul 10, 2:15 pm",73,61,65,SW,12,9,,CLR,,29.78,29.91,,,,,,,
"Jul 10, 2:10 pm",73,61,65,WSW,13G20,10,,CLR,,29.79,29.92,,,,,,,
"Jul 10, 2:05 pm",73,61,65,WSW,12,10,,CLR,,29.78,29.91,,,,,,,
"Jul 10, 2:00 pm",73,61,65,WSW,10,10,,CLR,,29.79,29.92,,,,,,,
"Jul 10, 1:55 pm",73,61,65,WSW,12,10,,CLR,,29.79,29.92,,,,,,,
"Jul 10, 1:53 pm",73,60,64,WSW,12,10,,FEW009,1013,29.79,29.92,,,,,,,
"Jul 10, 1:50 pm",73,61,65,WSW,10,10,,FEW009,,29.79,29.92,,,,,,,
"Jul 10, 1:45 pm",73,61,65,WSW,12,10,,FEW009,,29.79,29.92,,,,,,,
"Jul 10, 1:40 pm",73,61,65,SW,12,10,,CLR,,29.79,29.92,,,,,,,
"Jul 10, 1:35 pm",72,61,69,WSW,13,10,,CLR,,29.79,29.92,,,,,,,
"Jul 10, 1:30 pm",72,61,69,WSW,13,10,,CLR,,29.79,29.93,,,,,,,
"Jul 10, 1:25 pm",72,61,69,W,12,10,,CLR,,29.79,29.93,,,,,,,
"Jul 10, 1:20 pm",72,61,69,WSW,10,10,,CLR,,29.79,29.93,,,,,,,
"Jul 10, 1:15 pm",72,61,69,WSW,12,10,,CLR,,29.79,29.93,,,,,,,
"Jul 10, 1:10 pm",72,61,69,WSW,10,10,,CLR,,29.79,29.93,,,,,,,
"Jul 10, 1:05 pm",72,61,69,WSW,13,10,,CLR,,29.79,29.93,,,,,,,
"Jul 10, 1:00 pm",72,61,69,WSW,10,10,,CLR,,29.79,29.93,,,,,,,
"Jul 10, 12:55 pm",72,61,69,WSW,10,10,,CLR,,29.79,29.93,,,,,,,
"Jul 10, 12:53 pm",72,60,66,WSW,12,10,,FEW009,1013.5,29.79,29.93,,,,,,,
"Jul 10, 12:50 pm",72,61,69,WSW,12,10,,FEW009,,29.79,29.93,,,,,,,
"Jul 10, 12:45 pm",72,61,69,WSW,12,10,,CLR,,29.79,29.93,,,,,,,
"Jul 10, 12:40 pm",72,61,69,WSW,12,10,,CLR,,29.79,29.93,,,,,,,
"Jul 10, 12:35 pm",72,61,69,WSW,10,10,,CLR,,29.79,29.93,,,,,,,
"Jul 10, 12:30 pm",72,61,69,WSW,13,10,,CLR,,29.8,29.94,,,,,,,
"Jul 10, 12:25 pm",72,61,69,W,12,10,,CLR,,29.8,29.94,,,,,,,
"Jul 10, 12:20 pm",72,61,69,WSW,13,10,,CLR,,29.8,29.94,,,,,,,
"Jul 10, 12:15 pm",72,61,69,WSW,10,10,,CLR,,29.8,29.94,,,,,,,
"Jul 10, 12:10 pm",72,61,69,WSW,13,10,,CLR,,29.8,29.94,,,,,,,
"Jul 10, 12:05 pm",72,61,69,WSW,12,10,,CLR,,29.8,29.94,,,,,,,
"Jul 10, 12:00 pm",72,61,69,WSW,10,10,,CLR,,29.8,29.94,,,,,,,
"Jul 10, 11:55 am",72,61,69,SW,12,10,,CLR,,29.8,29.94,,,,,,,
"Jul 10, 11:53 am",72,61,68,SW,10,10,,FEW009,1013.6,29.8,29.94,,,,,,,
"Jul 10, 11:50 am",72,61,69,SW,10,10,,FEW009,,29.8,29.94,,,,,,,
"Jul 10, 11:45 am",72,61,69,SW,10,10,,CLR,,29.8,29.94,,,,,,,
"Jul 10, 11:40 am",72,61,69,SW,12,10,,CLR,,29.8,29.94,,,,,,,
"Jul 10, 11:35 am",72,61,69,WSW,12,10,,CLR,,29.8,29.94,,,,,,,
"Jul 10, 11:30 am",72,61,69,WSW,12,10,,CLR,,29.8,29.94,,,,,,,
"Jul 10, 11:25 am",72,61,69,SW,12,10,,CLR,,29.8,29.94,,,,,,,
"Jul 10, 11:20 am",72,61,69,WSW,10,10,,CLR,,29.8,29.94,,,,,,,
"Jul 10, 11:15 am",72,61,69,SW,10,10,,CLR,,29.8,29.94,,,,,,,
"Jul 10, 11:10 am",72,61,69,SW,10,10,,CLR,,29.8,29.94,,,,,,,
"Jul 10, 11:05 am",72,61,69,WSW,9,10,,CLR,,29.8,29.94,,,,,,,
"Jul 10, 11:00 am",72,61,69,SW,9,10,,CLR,,29.8,29.94,,,,,,,
"Jul 10, 10:55 am",72,61,69,WSW,9,10,,CLR,,29.8,29.94,,,,,,,
"Jul 10, 10:53 am",72,61,68,W,5,10,,FEW009,1013.7,29.8,29.94,,,,73,63,,
"Jul 10, 10:50 am",73,61,65,W,5G20,10,,FEW009,,29.8,29.94,,,,,,,
"Jul 10, 10:45 am",73,61,65,W,5G20,10,,CLR,,29.8,29.94,,,,,,,
"Jul 10, 10:40 am",72,61,69,W,5G20,10,,CLR,,29.8,29.94,,,,,,,
"Jul 10, 10:35 am",72,61,69,W,5G20,10,,CLR,,29.8,29.94,,,,,,,
"Jul 10, 10:30 am",72,61,69,W,5G20,10,,CLR,,29.8,29.94,,,,,,,
"Jul 10, 10:25 am",72,61,69,WSW,7,10,,CLR,,29.8,29.94,,,,,,,
"Jul 10, 10:20 am",72,61,69,W,6,10,,CLR,,29.8,29.94,,,,,,,
"Jul 10, 10:15 am",72,61,69,WSW,7,10,,CLR,,29.8,29.94,,,,,,,
"Jul 10, 10:10 am",72,61,69,SW,8,10,,CLR,,29.8,29.94,,,,,,,
"Jul 10, 10:05 am",72,61,69,W,7,10,,CLR,,29.8,29.94,,,,,,,
"Jul 10, 10:00 am",72,61,69,WSW,7,10,,CLR,,29.8,29.94,,,,,,,
"Jul 10, 9:55 am",72,61,69,WSW,8,10,,CLR,,29.8,29.94,,,,,,,
"Jul 10, 9:53 am",72,61,68,SW,3,10,,FEW009,1013.6,29.8,29.94,,,,,,,
"Jul 10, 9:50 am",72,61,69,SW,3G20,10,,CLR,,29.8,29.94,,,,,,,
"Jul 10, 9:45 am",72,61,69,SW,3G20,10,,CLR,,29.8,29.94,,,,,,,
"Jul 10, 9:40 am",72,61,69,SW,3G20,10,,CLR,,29.8,29.94,,,,,,,
"Jul 10, 9:35 am",72,61,69,SW,3G20,10,,CLR,,29.8,29.94,,,,,,,
"Jul 10, 9:30 am",72,61,69,SW,3G20,10,,CLR,,29.8,29.94,,,,,,,
"Jul 10, 9:25 am",72,61,69,SW,3G20,10,,CLR,,29.8,29.94,,,,,,,
"Jul 10, 9:20 am",72,61,69,WSW,5,10,,CLR,,29.8,29.94,,,,,,,
"Jul 10, 9:15 am",72,61,69,W,7,10,,CLR,,29.8,29.94,,,,,,,
"Jul 10, 9:10 am",72,61,69,WSW,5,10,,CLR,,29.8,29.94,,,,,,,
"Jul 10, 9:05 am",70,61,73,W,6,10,,CLR,,29.8,29.94,,,,,,,
"Jul 10, 9:00 am",70,63,78,SW,3,10,,CLR,,29.8,29.94,,,,,,,
"Jul 10, 8:55 am",70,63,78,W,5,10,,CLR,,29.8,29.94,,,,,,,
"Jul 10, 8:53 am",70,61,73,WSW,5,10,,FEW009,1013.7,29.8,29.94,,,,,,,
"Jul 10, 8:50 am",70,61,73,SW,5,10,,FEW009,,29.8,29.94,,,,,,,
"Jul 10, 8:45 am",70,61,73,SW,5,10,,CLR,,29.8,29.94,,,,,,,
"Jul 10, 8:40 am",70,61,73,SW,5,10,,CLR,,29.8,29.94,,,,,,,
"Jul 10, 8:35 am",70,61,73,W,3,10,,CLR,,29.8,29.94,,,,,,,
"Jul 10, 8:30 am",70,61,73,W,3,10,,CLR,,29.79,29.93,,,,,,,
"Jul 10, 8:25 am",68,61,78,N,0,10,,CLR,,29.79,29.93,,,,,,,
"Jul 10, 8:20 am",68,61,78,N,0,10,,CLR,,29.79,29.93,,,,,,,
"Jul 10, 8:15 am",68,61,78,W,3,10,,CLR,,29.79,29.93,,,,,,,
"Jul 10, 8:10 am",68,61,78,WSW,3,10,,CLR,,29.79,29.93,,,,,,,
"Jul 10, 8:05 am",68,61,78,SW,3,10,,CLR,,29.79,29.93,,,,,,,
"Jul 10, 8:00 am",68,61,78,WSW,3,9,,CLR,,29.79,29.93,,,,,,,
"Jul 10, 7:55 am",66,61,83,N,0,9,,CLR,,29.79,29.93,,,,,,,
"Jul 10, 7:53 am",67,61,81,N,0,9,,FEW009,1013.2,29.79,29.93,,,,,,,
"Jul 10, 7:50 am",68,61,78,W,3,9,,FEW009,,29.79,29.93,,,,,,,
"Jul 10, 7:45 am",66,61,83,N,3G20,9,,CLR,,29.79,29.93,,,,,,,
"Jul 10, 7:40 am",66,61,83,N,3G20,9,,CLR,,29.79,29.92,,,,,,,
"Jul 10, 7:35 am",66,61,83,N,3G20,9,,CLR,,29.79,29.92,,,,,,,
"Jul 10, 7:30 am",66,61,83,N,3G20,9,,CLR,,29.79,29.92,,,,,,,
"Jul 10, 7:25 am",66,61,83,N,0,9,,CLR,,29.79,29.92,,,,,,,
"Jul 10, 7:20 am",66,61,83,N,0,9,,CLR,,29.79,29.92,,,,,,,
"Jul 10, 7:15 am",64,61,88,NW,3,10,,CLR,,29.79,29.92,,,,,,,
"Jul 10, 7:10 am",64,61,88,N,0,10,,CLR,,29.79,29.92,,,,,,,
"Jul 10, 7:05 am",64,61,88,N,0,10,,CLR,,29.79,29.93,,,,,,,
"Jul 10, 7:00 am",64,61,88,N,0,10,,CLR,,29.79,29.93,,,,,,,
"Jul 10, 6:55 am",64,61,88,N,0,10,,CLR,,29.79,29.93,,,,,,,
"Jul 10, 6:53 am",65,60,84,N,0,9,,FEW009 FEW250,1013.2,29.79,29.93,,,,,,,
"Jul 10, 6:50 am",64,61,88,S,3,9,,FEW009,,29.79,29.93,,,,,,,
"Jul 10, 6:45 am",64,61,88,N,0,10,,CLR,,29.79,29.93,,,,,,,
"Jul 10, 6:40 am",64,59,83,N,0,10,,CLR,,29.79,29.92,,,,,,,
"Jul 10, 6:35 am",64,61,88,N,0,10,,CLR,,29.79,29.92,,,,,,,
"Jul 10, 6:30 am",64,61,88,N,0,10,,CLR,,29.79,29.93,,,,,,,
"Jul 10, 6:25 am",64,61,88,N,0,10,,CLR,,29.79,29.93,,,,,,,
"Jul 10, 6:20 am",64,61,88,SSW,3,9,,CLR,,29.79,29.92,,,,,,,
"Jul 10, 6:15 am",64,61,88,N,0,9,,CLR,,29.79,29.92,,,,,,,
"Jul 10, 6:10 am",64,59,83,N,0,10,,CLR,,29.79,29.92,,,,,,,
"Jul 10, 6:05 am",63,59,88,N,0,9,,CLR,,29.79,29.93,,,,,,,
"Jul 10, 6:00 am",63,59,88,N,0,9,,CLR,,29.79,29.93,,,,,,,
"Jul 10, 5:55 am",63,61,94,WNW,3,9,,CLR,,29.79,29.93,,,,,,,
"Jul 10, 5:53 am",63,60,90,,3,9,,FEW007 FEW250,1013.1,29.79,29.93,,,,,,,
"Jul 10, 5:50 am",63,59,88,NNW,3,10,,FEW008,,29.79,29.92,,,,,,,
"Jul 10, 5:45 am",63,59,88,N,0,10,,FEW008,,29.79,29.92,,,,,,,
"Jul 10, 5:40 am",63,59,88,N,0,10,,CLR,,29.79,29.92,,,,,,,
"Jul 10, 5:35 am",63,59,88,N,0,10,,CLR,,29.79,29.93,,,,,,,
"Jul 10, 5:30 am",63,61,94,N,0,10,,CLR,,29.79,29.93,,,,,,,
"Jul 10, 5:25 am",63,59,88,N,0,10,,CLR,,29.79,29.93,,,,,,,
"Jul 10, 5:20 am",63,59,88,N,0,10,,CLR,,29.79,29.93,,,,,,,
"Jul 10, 5:15 am",63,59,88,N,0,10,,CLR,,29.79,29.93,,,,,,,
"Jul 10, 5:10 am",63,59,88,N,0,10,,CLR,,29.79,29.93,,,,,,,
"Jul 10, 5:05 am",63,59,88,N,0,10,,CLR,,29.79,29.93,,,,,,,
"Jul 10, 5:00 am",63,59,88,N,0,10,,CLR,,29.79,29.93,,,,,,,
"Jul 10, 4:55 am",63,59,88,N,0,10,,CLR,,29.79,29.93,,,,,,,
"Jul 10, 4:53 am",63,59,87,N,0,10,,FEW008 FEW250,1013.3,29.79,29.93,,,,64,62,,
"Jul 10, 4:50 am",63,59,88,N,0,10,,FEW009,,29.79,29.93,,,,,,,
"Jul 10, 4:45 am",63,59,88,W,5,10,,FEW009,,29.79,29.93,,,,,,,
"Jul 10, 4:40 am",63,59,88,N,0,10,,FEW009,,29.79,29.93,,,,,,,
"Jul 10, 4:35 am",63,59,88,W,3,10,,CLR,,29.79,29.93,,,,,,,
"Jul 10, 4:30 am",63,59,88,N,0,10,,CLR,,29.79,29.93,,,,,,,
"Jul 10, 4:25 am",63,59,88,N,0,10,,CLR,,29.79,29.93,,,,,,,
"Jul 10, 4:20 am",63,59,88,N,0,10,,CLR,,29.79,29.93,,,,,,,
"Jul 10, 4:15 am",63,59,88,N,0,10,,CLR,,29.79,29.93,,,,,,,
"Jul 10, 4:10 am",63,59,88,N,0,10,,CLR,,29.79,29.92,,,,,,,
"Jul 10, 4:05 am",63,59,88,N,0,10,,CLR,,29.79,29.92,,,,,,,
"Jul 10, 4:00 am",63,59,88,N,0,10,,CLR,,29.79,29.92,,,,,,,
"Jul 10, 3:55 am",63,59,88,N,0,10,,CLR,,29.79,29.92,,,,,,,
"Jul 10, 3:53 am",63,59,87,W,3,10,,FEW009 FEW250,1013.1,29.79,29.93,,,,,,,
"Jul 10, 3:50 am",63,59,88,W,3,10,,FEW009,,29.79,29.93,,,,,,,
"Jul 10, 3:45 am",63,59,88,W,3,10,,FEW009,,29.79,29.93,,,,,,,
"Jul 10, 3:40 am",63,59,88,N,0,10,,FEW009,,29.79,29.93,,,,,,,
"Jul 10, 3:35 am",63,59,88,N,0,10,,FEW009,,29.79,29.93,,,,,,,
"Jul 10, 3:30 am",63,59,88,N,0,10,,FEW009,,29.79,29.93,,,,,,,
"Jul 10, 3:25 am",63,59,88,N,0,10,,FEW009,,29.79,29.93,,,,,,,
"Jul 10, 3:20 am",63,59,88,WNW,3,10,,FEW009,,29.79,29.93,,,,,,,
"Jul 10, 3:15 am",63,59,88,N,0,10,,FEW009,,29.79,29.93,,,,,,,
"Jul 10, 3:10 am",63,59,88,N,0,10,,FEW009,,29.79,29.93,,,,,,,
"Jul 10, 3:05 am",63,59,88,N,0,10,,FEW009,,29.79,29.93,,,,,,,
"Jul 10, 3:00 am",63,59,88,N,0,10,,CLR,,29.79,29.93,,,,,,,
"Jul 10, 2:55 am",63,57,83,N,0,10,,CLR,,29.79,29.93,,,,,,,
"Jul 10, 2:53 am",62,59,90,N,0,10,,FEW008 FEW250,1013.1,29.79,29.93,,,,,,,
"Jul 10, 2:50 am",63,59,88,N,0,10,,FEW008,,29.79,29.93,,,,,,,
"Jul 10, 2:45 am",63,59,88,W,3,10,,FEW008,,29.79,29.93,,,,,,,
"Jul 10, 2:40 am",63,59,88,WSW,3,10,,FEW008,,29.79,29.93,,,,,,,
"Jul 10, 2:35 am",63,59,88,WSW,3,10,,FEW008,,29.79,29.93,,,,,,,
"Jul 10, 2:30 am",63,59,88,WSW,3,10,,FEW008,,29.79,29.93,,,,,,,
"Jul 10, 2:25 am",63,57,83,WSW,3,10,,FEW008,,29.79,29.93,,,,,,,
"Jul 10, 2:20 am",63,57,83,WSW,3,10,,FEW008,,29.79,29.93,,,,,,,
"Jul 10, 2:15 am",63,59,88,WSW,3,10,,FEW008,,29.79,29.93,,,,,,,
"Jul 10, 2:10 am",63,57,83,WSW,5,10,,FEW008,,29.79,29.93,,,,,,,
"Jul 10, 2:05 am",63,57,83,WSW,5,10,,FEW008,,29.79,29.93,,,,,,,
"Jul 10, 2:00 am",63,57,83,W,3,10,,FEW008,,29.79,29.93,,,,,,,
"Jul 10, 1:55 am",63,57,83,W,3,10,,FEW008,,29.79,29.93,,,,,,,
"Jul 10, 1:53 am",62,58,86,W,3,10,,FEW008 FEW250,1013.3,29.79,29.93,,,,,,,
"Jul 10, 1:50 am",63,57,83,W,3,10,,FEW008,,29.79,29.93,,,,,,,
"Jul 10, 1:45 am",63,59,88,WSW,3,10,,FEW008 FEW014,,29.79,29.93,,,,,,,
"Jul 10, 1:40 am",63,59,88,W,3,10,,FEW008 FEW014,,29.79,29.93,,,,,,,
"Jul 10, 1:35 am",63,59,88,WSW,3,10,,FEW008 FEW014,,29.79,29.93,,,,,,,
"Jul 10, 1:30 am",63,59,88,WSW,3,10,,FEW008 FEW014,,29.79,29.93,,,,,,,
"Jul 10, 1:25 am",63,59,88,W,5,10,,FEW008 FEW014,,29.79,29.93,,,,,,,
"Jul 10, 1:20 am",63,59,88,W,3,10,,FEW008 FEW014,,29.79,29.93,,,,,,,
"Jul 10, 1:15 am",63,59,88,WSW,6,10,,FEW008 FEW014,,29.79,29.93,,,,,,,
"Jul 10, 1:10 am",63,59,88,WSW,6,10,,FEW008 FEW014,,29.79,29.93,,,,,,,
"Jul 10, 1:05 am",63,59,88,WSW,6,10,,FEW008 FEW014,,29.79,29.93,,,,,,,
"Jul 10, 1:00 am",63,59,88,WSW,6,10,,CLR,,29.79,29.93,,,,,,,
"Jul 10, 12:55 am",63,61,94,WSW,5,10,,CLR,,29.79,29.93,,,,,,,
"Jul 10, 12:53 am",63,60,90,WSW,5,10,,FEW008 FEW014 SCT250,1013.3,29.79,29.93,,,,,,75,63
"Jul 10, 12:50 am",63,61,94,WSW,5,10,,FEW008 FEW014,,29.79,29.93,,,,,,,
"Jul 10, 12:49 am",63,61,94,WSW,6,10,,FEW008 FEW014 SCT250,,29.79,29.93,,,,,,,
"Jul 10, 12:45 am",64,61,88,WSW,7,10,,FEW014,,29.79,29.93,,,,,,,
"Jul 10, 12:40 am",64,61,88,WSW,8,10,,FEW014,,29.79,29.93,,,,,,,
"Jul 10, 12:35 am",64,61,88,WSW,5,10,,FEW014,,29.79,29.93,,,,,,,
"Jul 10, 12:30 am",64,61,88,WSW,3,10,,FEW014,,29.79,29.93,,,,,,,
"Jul 10, 12:25 am",64,61,88,WSW,5,10,,FEW014,,29.79,29.93,,,,,,,
"Jul 10, 12:20 am",64,61,88,W,5G20,10,,FEW014,,29.79,29.93,,,,,,,
"Jul 10, 12:15 am",64,61,88,W,5G20,10,,FEW014,,29.79,29.93,,,,,,,
"Jul 10, 12:10 am",64,61,88,W,5G20,10,,FEW014,,29.79,29.93,,,,,,,
"Jul 10, 12:05 am",64,61,88,W,5G20,10,,FEW014,,29.79,29.93,,,,,,,
"Jul 10, 12:00 am",64,61,88,W,5,10,,FEW014,,29.79,29.93,,,,,,,
"Jul 9, 11:55 pm",64,61,88,W,5,10,,FEW014,,29.79,29.93,,,,,,,
"Jul 9, 11:53 pm",64,59,84,W,5,10,,FEW014 FEW250,1013.3,29.79,29.93,,,,,,,
"Jul 9, 11:50 pm",64,59,83,WSW,5,10,,,,29.79,29.93,,,,,,,
"Jul 9, 11:45 pm",64,59,83,N,0,10,,,,29.8,29.94,,,,,,,
"Jul 9, 11:40 pm",64,59,83,SSW,5,10,,,,29.79,29.93,,,,,,,
"Jul 9, 11:35 pm",64,61,88,SSW,3,10,,,,29.8,29.94,,,,,,,
"Jul 9, 11:30 pm",64,59,83,SW,3,10,,,,29.8,29.94,,,,,,,
"Jul 9, 11:25 pm",64,59,83,SW,5,10,,,,29.8,29.94,,,,,,,
"Jul 9, 11:20 pm",64,59,83,SW,5,10,,,,29.8,29.94,,,,,,,
"Jul 9, 11:15 pm",64,59,83,SW,6,10,,,,29.8,29.94,,,,,,,
"Jul 9, 11:10 pm",64,59,83,WSW,6,10,,CLR,,29.81,29.95,,,,,,,
"Jul 9, 11:05 pm",64,59,83,WSW,6,10,,CLR,,29.81,29.95,,,,,,,
"Jul 9, 11:00 pm",64,61,88,SW,6,10,,CLR,,29.81,29.95,,,,,,,
"Jul 9, 10:55 pm",64,61,88,SW,7,10,,CLR,,29.81,29.95,,,,,,,
"Jul 9, 10:53 pm",64,60,87,SW,7,10,,FEW250,1013.8,29.81,29.95,,,,72,64,,
"Jul 9, 10:50 pm",64,61,88,WSW,5,10,,,,29.81,29.95,,,,,,,
"Jul 9, 10:45 pm",64,61,88,WSW,3,10,,CLR,,29.81,29.95,,,,,,,
"Jul 9, 10:40 pm",64,61,88,WSW,5,10,,CLR,,29.81,29.95,,,,,,,
"Jul 9, 10:35 pm",64,61,88,SW,6,10,,CLR,,29.81,29.95,,,,,,,
"Jul 9, 10:30 pm",64,61,88,SW,6,10,,CLR,,29.81,29.95,,,,,,,
"Jul 9, 10:25 pm",64,61,88,WSW,6,10,,CLR,,29.81,29.95,,,,,,,
"Jul 9, 10:20 pm",64,61,88,WSW,7,10,,CLR,,29.81,29.95,,,,,,,
"Jul 9, 10:15 pm",64,61,88,WSW,7,10,,CLR,,29.81,29.95,,,,,,,
"Jul 9, 10:10 pm",64,61,88,WSW,7,10,,CLR,,29.81,29.95,,,,,,,
"Jul 9, 10:05 pm",64,59,83,W,7,10,,CLR,,29.81,29.95,,,,,,,
"Jul 9, 10:00 pm",64,59,83,WSW,7,10,,CLR,,29.82,29.96,,,,,,,
"Jul 9, 9:55 pm",64,59,83,SW,6,10,,CLR,,29.81,29.95,,,,,,,
"Jul 9, 9:53 pm",64,59,84,WSW,6,10,,FEW250,1014.1,29.81,29.95,,,,,,,
"Jul 9, 9:50 pm",64,59,83,WSW,7,10,,CLR,,29.81,29.95,,,,,,,
"Jul 9, 9:45 pm",64,59,83,WSW,6,10,,CLR,,29.81,29.95,,,,,,,
"Jul 9, 9:40 pm",64,59,83,W,7,10,,CLR,,29.81,29.95,,,,,,,
"Jul 9, 9:35 pm",64,59,83,W,8,10,,CLR,,29.81,29.95,,,,,,,
"Jul 9, 9:30 pm",64,59,83,WSW,8,10,,CLR,,29.81,29.95,,,,,,,
"Jul 9, 9:25 pm",64,59,83,WSW,9,10,,CLR,,29.81,29.95,,,,,,,
"Jul 9, 9:20 pm",64,59,83,W,7,10,,CLR,,29.82,29.96,,,,,,,
"Jul 9, 9:15 pm",64,59,83,W,8,10,,CLR,,29.82,29.96,,,,,,,
"Jul 9, 9:10 pm",64,59,83,W,9,10,,CLR,,29.81,29.95,,,,,,,
"Jul 9, 9:05 pm",64,59,83,W,12,10,,CLR,,29.82,29.96,,,,,,,
"Jul 9, 9:00 pm",64,57,77,W,10,10,,CLR,,29.82,29.96,,,,,,,
"Jul 9, 8:55 pm",64,57,77,W,8,10,,CLR,,29.82,29.96,,,,,,,
"Jul 9, 8:53 pm",65,57,76,W,9,10,,FEW250,1014.2,29.82,29.96,,,,,,,
"Jul 9, 8:50 pm",64,57,77,W,9,10,,,,29.82,29.96,,,,,,,
"Jul 9, 8:45 pm",64,57,77,W,9,10,,CLR,,29.82,29.96,,,,,,,
"Jul 9, 8:40 pm",64,57,77,W,12,10,,CLR,,29.82,29.96,,,,,,,
"Jul 9, 8:35 pm",64,57,77,W,10,10,,CLR,,29.82,29.96,,,,,,,
"Jul 9, 8:30 pm",64,57,77,WSW,9,10,,CLR,,29.82,29.96,,,,,,,
"Jul 9, 8:25 pm",64,57,77,W,9,10,,CLR,,29.82,29.96,,,,,,,
"Jul 9, 8:20 pm",64,57,77,WSW,12,10,,CLR,,29.82,29.96,,,,,,,
"Jul 9, 8:15 pm",64,57,77,WSW,8,10,,CLR,,29.82,29.96,,,,,,,
"Jul 9, 8:10 pm",64,57,77,WSW,8,10,,CLR,,29.81,29.95,,,,,,,
"Jul 9, 8:05 pm",64,57,77,SW,10,10,,CLR,,29.81,29.95,,,,,,,
"Jul 9, 8:00 pm",64,57,77,WSW,12,10,,CLR,,29.81,29.95,,,,,,,
"Jul 9, 7:55 pm",64,57,77,WSW,9,10,,CLR,,29.82,29.96,,,,,,,
"Jul 9, 7:53 pm",65,57,76,WSW,10,10,,FEW010 FEW250,1014.2,29.82,29.96,,,,,,,
"Jul 9, 7:50 pm",64,57,77,WSW,12,10,,FEW010,,29.82,29.96,,,,,,,
"Jul 9, 7:45 pm",66,57,73,WSW,12,10,,CLR,,29.81,29.95,,,,,,,
"Jul 9, 7:40 pm",66,57,73,SW,12,10,,CLR,,29.81,29.95,,,,,,,
"Jul 9, 7:35 pm",66,57,73,WSW,12,10,,CLR,,29.81,29.95,,,,,,,
"Jul 9, 7:30 pm",66,57,73,WSW,13,10,,CLR,,29.81,29.95,,,,,,,
"Jul 9, 7:25 pm",66,57,73,WSW,12,10,,CLR,,29.81,29.95,,,,,,,
"Jul 9, 7:20 pm",66,57,73,WSW,10,10,,CLR,,29.81,29.95,,,,,,,
"Jul 9, 7:15 pm",66,57,73,W,12,10,,CLR,,29.81,29.95,,,,,,,
"Jul 9, 7:10 pm",66,57,73,W,10,10,,CLR,,29.81,29.95,,,,,,,
"Jul 9, 7:05 pm",66,57,73,WSW,10,10,,CLR,,29.81,29.95,,,,,,,
"Jul 9, 7:00 pm",66,57,73,WSW,10,10,,CLR,,29.81,29.95,,,,,,,
"Jul 9, 6:55 pm",66,57,73,WSW,10,10,,CLR,,29.81,29.95,,,,,,,
"Jul 9, 6:53 pm",68,58,70,WSW,9,10,,FEW250,1013.9,29.81,29.95,,,,,,,
"Jul 9, 6:50 pm",68,57,68,WSW,9,10,,,,29.81,29.95,,,,,,,
"Jul 9, 6:45 pm",68,57,68,WSW,9,10,,,,29.8,29.94,,,,,,,
"Jul 9, 6:40 pm",70,57,64,WSW,10,10,,,,29.8,29.94,,,,,,,
"Jul 9, 6:35 pm",70,57,64,WSW,12,10,,,,29.8,29.94,,,,,,,
"Jul 9, 6:30 pm",70,57,64,WSW,12,10,,,,29.8,29.94,,,,,,,
"Jul 9, 6:25 pm",70,57,64,W,10,10,,,,29.8,29.94,,,,,,,
"Jul 9, 6:20 pm",70,57,64,,,10,,,,29.8,29.94,,,,,,,
"Jul 9, 6:15 pm",70,57,64,W,10,10,,,,29.8,29.94,,,,,,,
"Jul 9, 6:10 pm",72,55,57,WSW,12,10,,,,29.8,29.94,,,,,,,
"Jul 9, 6:05 pm",72,55,57,WSW,9,10,,,,29.8,29.94,,,,,,,
"Jul 9, 6:00 pm",72,55,57,W,12,10,,CLR,,29.8,29.94,,,,,,,
"Jul 9, 5:55 pm",72,54,53,WSW,10,10,,CLR,,29.8,29.94,,,,,,,
"Jul 9, 5:53 pm",71,55,57,WSW,13,10,,FEW150 FEW250,1013.7,29.8,29.94,,,,,,,
"Jul 9, 5:50 pm",72,55,57,WSW,12,10,,,,29.8,29.94,,,,,,,
"Jul 9, 5:45 pm",72,57,61,W,13,10,,CLR,,29.8,29.94,,,,,,,
"Jul 9, 5:40 pm",72,55,57,W,13,10,,CLR,,29.8,29.94,,,,,,,
"Jul 9, 5:35 pm",72,55,57,WSW,9,10,,CLR,,29.8,29.94,,,,,,,
"Jul 9, 5:30 pm",72,55,57,W,12,10,,CLR,,29.81,29.95,,,,,,,
"Jul 9, 5:25 pm",72,55,57,W,12,10,,CLR,,29.81,29.95,,,,,,,
"Jul 9, 5:20 pm",70,57,64,W,13,10,,CLR,,29.81,29.95,,,,,,,
"Jul 9, 5:15 pm",70,57,64,W,14,10,,CLR,,29.81,29.95,,,,,,,
"Jul 9, 5:10 pm",72,59,65,W,14,10,,CLR,,29.81,29.95,,,,,,,
"Jul 9, 5:05 pm",72,59,65,W,13,10,,CLR,,29.81,29.95,,,,,,,
"Jul 9, 5:00 pm",72,59,65,WSW,15,10,,CLR,,29.82,29.96,,,,,,,
"Jul 9, 4:55 pm",72,57,61,WSW,14,10,,CLR,,29.82,29.96,,,,,,,
"Jul 9, 4:53 pm",70,58,66,W,14,10,,FEW150 FEW250,1014.4,29.82,29.96,,,,75,70,,
"Jul 9, 4:50 pm",70,57,64,W,15,10,,,,29.82,29.96,,,,,,,
"Jul 9, 4:45 pm",70,57,64,W,15,10,,CLR,,29.82,29.96,,,,,,,
"Jul 9, 4:40 pm",70,59,69,W,17,10,,CLR,,29.82,29.96,,,,,,,
"Jul 9, 4:35 pm",70,59,69,W,16,10,,CLR,,29.83,29.97,,,,,,,
"Jul 9, 4:30 pm",70,59,69,W,16,10,,CLR,,29.83,29.97,,,,,,,
"Jul 9, 4:25 pm",72,59,65,W,16,10,,CLR,,29.83,29.97,,,,,,,
"Jul 9, 4:20 pm",72,57,61,W,16,10,,CLR,,29.83,29.97,,,,,,,
"Jul 9, 4:15 pm",72,59,65,W,16,10,,CLR,,29.84,29.98,,,,,,,
"Jul 9, 4:10 pm",72,57,61,W,15G21,10,,CLR,,29.84,29.98,,,,,,,
"Jul 9, 4:05 pm",72,59,65,WSW,15,10,,CLR,,29.84,29.98,,,,,,,
"Jul 9, 4:00 pm",72,57,61,WSW,15,10,,CLR,,29.84,29.98,,,,,,,
"Jul 9, 3:55 pm",72,59,65,WSW,16,10,,CLR,,29.85,29.99,,,,,,,
"Jul 9, 3:53 pm",71,58,63,W,15,10,,FEW150 FEW250,1015.3,29.85,29.99,,,,,,,
"Jul 9, 3:50 pm",72,57,61,WSW,15,10,,,,29.85,29.99,,,,,,,
"Jul 9, 3:45 pm",72,57,61,WSW,15,10,,,,29.85,29.99,,,,,,,
"Jul 9, 3:40 pm",72,57,61,WSW,15,10,,CLR,,29.85,29.99,,,,,,,
"Jul 9, 3:35 pm",72,57,61,W,16,10,,CLR,,29.85,29.99,,,,,,,
"Jul 9, 3:30 pm",72,57,61,WSW,16,10,,CLR,,29.85,29.99,,,,,,,
"Jul 9, 3:25 pm",72,57,61,W,16,10,,CLR,,29.85,29.99,,,,,,,
"Jul 9, 3:20 pm",72,57,61,W,17,10,,CLR,,29.85,29.99,,,,,,,
"Jul 9, 3:15 pm",72,55,57,W,15,10,,CLR,,29.85,29.99,,,,,,,
"Jul 9, 3:10 pm",72,55,57,W,14,10,,CLR,,29.86,30,,,,,,,
"Jul 9, 3:05 pm",72,55,57,W,16,10,,CLR,,29.86,30,,,,,,,
"Jul 9, 3:00 pm",72,55,57,W,15,10,,CLR,,29.86,30,,,,,,,
"Jul 9, 2:55 pm",72,55,57,W,15,10,,CLR,,29.86,30,,,,,,,
"Jul 9, 2:53 pm",71,55,57,W,16,10,,FEW250,1015.7,29.86,30,,,,,,,
"Jul 9, 2:50 pm",72,55,57,W,16,10,,,,29.86,30,,,,,,,
"Jul 9, 2:45 pm",72,55,57,W,15,10,,CLR,,29.86,30,,,,,,,
"Jul 9, 2:40 pm",72,55,57,W,15,10,,CLR,,29.86,30,,,,,,,
"Jul 9, 2:35 pm",73,55,53,W,15,10,,CLR,,29.86,30,,,,,,,
"Jul 9, 2:30 pm",72,55,57,W,15,10,,CLR,,29.87,30.01,,,,,,,
"Jul 9, 2:25 pm",72,55,57,WSW,16,10,,CLR,,29.87,30.01,,,,,,,
"Jul 9, 2:20 pm",72,55,57,WSW,14,10,,CLR,,29.87,30.01,,,,,,,
"Jul 9, 2:15 pm",72,55,57,WSW,16,10,,CLR,,29.87,30.01,,,,,,,
"Jul 9, 2:10 pm",72,57,61,WSW,16,10,,CLR,,29.87,30.01,,,,,,,
"Jul 9, 2:05 pm",72,57,61,W,16,10,,CLR,,29.87,30.01,,,,,,,
"Jul 9, 2:00 pm",72,57,61,W,14,10,,CLR,,29.87,30.01,,,,,,,
"Jul 9, 1:55 pm",72,57,61,WSW,16,10,,CLR,,29.88,30.02,,,,,,,
"Jul 9, 1:53 pm",72,58,61,W,15,10,,FEW180 FEW250,1016.3,29.88,30.02,,,,,,,
"Jul 9, 1:50 pm",72,57,61,W,15,10,,,,29.88,30.02,,,,,,,
"Jul 9, 1:45 pm",72,57,61,WSW,14,10,,,,29.87,30.01,,,,,,,
"Jul 9, 1:40 pm",72,59,65,WSW,14,10,,CLR,,29.88,30.02,,,,,,,
"Jul 9, 1:35 pm",73,59,61,W,15,10,,CLR,,29.88,30.02,,,,,,,
"Jul 9, 1:30 pm",72,59,65,WSW,14,10,,CLR,,29.88,30.02,,,,,,,
"Jul 9, 1:25 pm",73,59,61,WSW,14,10,,CLR,,29.88,30.02,,,,,,,
"Jul 9, 1:20 pm",73,61,65,WSW,15,10,,CLR,,29.88,30.02,,,,,,,
"Jul 9, 1:15 pm",72,59,65,SW,14,10,,CLR,,29.88,30.02,,,,,,,
"Jul 9, 1:10 pm",72,59,65,W,16,10,,CLR,,29.89,30.03,,,,,,,
"Jul 9, 1:05 pm",72,59,65,WSW,14G20,10,,CLR,,29.89,30.03,,,,,,,
"Jul 9, 1:00 pm",72,59,65,WSW,14,10,,CLR,,29.89,30.03,,,,,,,
"Jul 9, 12:55 pm",72,59,65,WSW,14,10,,CLR,,29.89,30.03,,,,,,,
"Jul 9, 12:53 pm",72,59,64,WSW,13,10,,FEW220,1016.7,29.89,30.03,,,,,,,
"Jul 9, 12:50 pm",72,59,65,W,14,10,,CLR,,29.89,30.03,,,,,,,
"Jul 9, 12:45 pm",73,59,61,WSW,15G21,10,,CLR,,29.89,30.03,,,,,,,
"Jul 9, 12:40 pm",73,59,61,WSW,14,10,,CLR,,29.89,30.03,,,,,,,
"Jul 9, 12:35 pm",73,59,61,W,14,10,,CLR,,29.89,30.03,,,,,,,
"Jul 9, 12:30 pm",72,59,65,W,15,10,,CLR,,29.89,30.03,,,,,,,
"Jul 9, 12:25 pm",73,59,61,W,15,10,,CLR,,29.89,30.03,,,,,,,
"Jul 9, 12:20 pm",73,59,61,W,13G20,10,,CLR,,29.89,30.03,,,,,,,
"Jul 9, 12:15 pm",73,59,61,W,14,10,,CLR,,29.89,30.03,,,,,,,
"Jul 9, 12:10 pm",72,59,65,W,14,10,,CLR,,29.89,30.03,,,,,,,
"Jul 9, 12:05 pm",72,59,65,W,13,10,,CLR,,29.9,30.04,,,,,,,
"Jul 9, 12:00 pm",73,61,65,W,13,10,,CLR,,29.9,30.04,,,,,,,
"Jul 9, 11:55 am",73,61,65,W,13,10,,CLR,,29.89,30.03,,,,,,,
"Jul 9, 11:53 am",73,60,64,W,14,10,,FEW200,1016.8,29.89,30.03,,,,,,,
"Jul 9, 11:50 am",73,61,65,W,14,10,,,,29.89,30.03,,,,,,,
"Jul 9, 11:45 am",73,61,65,W,14,10,,CLR,,29.89,30.03,,,,,,,
"Jul 9, 11:40 am",73,61,65,W,14,10,,CLR,,29.89,30.03,,,,,,,
"Jul 9, 11:35 am",73,61,65,W,13,10,,CLR,,29.89,30.03,,,,,,,
"Jul 9, 11:30 am",73,61,65,WSW,12,10,,CLR,,29.9,30.04,,,,,,,
"Jul 9, 11:25 am",73,61,65,WSW,10,10,,CLR,,29.9,30.04,,,,,,,
"Jul 9, 11:20 am",73,61,65,WSW,9,10,,CLR,,29.9,30.04,,,,,,,
"Jul 9, 11:15 am",75,61,61,WSW,9,10,,CLR,,29.9,30.04,,,,,,,
"Jul 9, 11:10 am",73,61,65,SW,9,10,,CLR,,29.9,30.04,,,,,,,
"Jul 9, 11:05 am",73,61,65,SW,8,10,,CLR,,29.9,30.04,,,,,,,
"Jul 9, 11:00 am",73,61,65,WSW,9,10,,CLR,,29.9,30.04,,,,,,,
"Jul 9, 10:55 am",73,61,65,WSW,8,10,,CLR,,29.9,30.04,,,,,,,
"Jul 9, 10:53 am",73,61,66,SW,9,10,,FEW180 FEW260,1017,29.9,30.04,,,,74,63,,
"Jul 9, 10:50 am",73,61,65,WSW,8,10,,,,29.9,30.04,,,,,,,
"Jul 9, 10:45 am",73,61,65,WSW,9,9,,CLR,,29.9,30.04,,,,,,,
"Jul 9, 10:40 am",73,61,65,SW,9,9,,CLR,,29.9,30.04,,,,,,,
"Jul 9, 10:35 am",73,61,65,WSW,9,10,,CLR,,29.9,30.04,,,,,,,
"Jul 9, 10:30 am",73,61,65,WSW,9,10,,CLR,,29.9,30.04,,,,,,,
"Jul 9, 10:25 am",73,61,65,W,8,10,,CLR,,29.9,30.04,,,,,,,
"Jul 9, 10:20 am",73,61,65,SW,8,10,,CLR,,29.9,30.04,,,,,,,
"Jul 9, 10:15 am",73,61,65,WSW,7,10,,CLR,,29.9,30.04,,,,,,,
"Jul 9, 10:10 am",73,61,65,WSW,6,10,,CLR,,29.9,30.04,,,,,,,
"Jul 9, 10:05 am",72,61,69,SW,3,10,,CLR,,29.9,30.04,,,,,,,
"Jul 9, 10:00 am",72,61,69,WSW,6,10,,CLR,,29.9,30.04,,,,,,,
"Jul 9, 9:55 am",72,61,69,W,6,10,,CLR,,29.91,30.05,,,,,,,
"Jul 9, 9:53 am",71,61,71,W,6,10,,FEW160 FEW250,1017.3,29.91,30.05,,,,,,,
"Jul 9, 9:50 am",72,61,69,WSW,6,10,,,,29.91,30.05,,,,,,,
"Jul 9, 9:45 am",72,61,69,WSW,6,10,,CLR,,29.91,30.05,,,,,,,
"Jul 9, 9:40 am",72,61,69,W,7,10,,CLR,,29.91,30.05,,,,,,,
"Jul 9, 9:35 am",72,61,69,WSW,5,10,,CLR,,29.91,30.05,,,,,,,
"Jul 9, 9:30 am",72,61,69,SSW,7,10,,CLR,,29.91,30.05,,,,,,,
"Jul 9, 9:25 am",72,61,69,SSW,5,10,,CLR,,29.91,30.05,,,,,,,
"Jul 9, 9:20 am",72,61,69,SSW,6,10,,CLR,,29.91,30.05,,,,,,,
"Jul 9, 9:15 am",72,61,69,WSW,6,10,,CLR,,29.91,30.05,,,,,,,
"Jul 9, 9:10 am",72,61,69,WSW,3,10,,CLR,,29.91,30.05,,,,,,,
"Jul 9, 9:05 am",72,59,65,WSW,3,10,,CLR,,29.91,30.05,,,,,,,
"Jul 9, 9:00 am",72,59,65,SSW,6,10,,CLR,,29.91,30.05,,,,,,,
"Jul 9, 8:55 am",72,59,65,S,3,10,,CLR,,29.91,30.05,,,,,,,
"Jul 9, 8:53 am",71,59,66,,5,10,,FEW160 FEW250,1017.6,29.92,30.06,,,,,,,
"Jul 9, 8:50 am",72,59,65,SSW,5,10,,,,29.92,30.06,,,,,,,
"Jul 9, 8:45 am",70,59,69,S,3,10,,CLR,,29.92,30.06,,,,,,,
"Jul 9, 8:40 am",70,57,64,S,5,10,,CLR,,29.92,30.06,,,,,,,
"Jul 9, 8:35 am",70,59,69,N,0,10,,CLR,,29.92,30.06,,,,,,,
"Jul 9, 8:30 am",70,59,69,N,0,10,,CLR,,29.92,30.06,,,,,,,
"Jul 9, 8:25 am",70,59,69,SSE,5,10,,CLR,,29.91,30.05,,,,,,,
"Jul 9, 8:20 am",68,59,73,SE,5,10,,CLR,,29.91,30.05,,,,,,,
"Jul 9, 8:15 am",68,59,73,SE,5,10,,CLR,,29.91,30.05,,,,,,,
"Jul 9, 8:10 am",68,61,78,SSE,5,10,,CLR,,29.91,30.05,,,,,,,
"Jul 9, 8:05 am",68,61,78,S,3,10,,CLR,,29.91,30.05,,,,,,,
"Jul 9, 8:00 am",68,61,78,S,5,10,,CLR,,29.9,30.04,,,,,,,
"Jul 9, 7:55 am",66,59,78,SSE,3,10,,CLR,,29.9,30.04,,,,,,,
"Jul 9, 7:53 am",67,59,76,,3,10,,FEW160 FEW250,1017.1,29.9,30.04,,,,,,,
"Jul 9, 7:50 am",66,59,78,S,6,10,,,,29.9,30.04,,,,,,,
"Jul 9, 7:45 am",66,59,78,S,5,10,,CLR,,29.9,30.04,,,,,,,
"Jul 9, 7:40 am",66,61,83,S,6,9,,CLR,,29.9,30.04,,,,,,,
"Jul 9, 7:35 am",66,59,78,S,5,6,Haze,CLR,,29.9,30.04,,,,,,,
"Jul 9, 7:30 am",66,59,78,SSE,3,6,Haze,CLR,,29.9,30.04,,,,,,,
"Jul 9, 7:25 am",66,59,78,SSE,5,10,,CLR,,29.89,30.03,,,,,,,
"Jul 9, 7:20 am",66,59,78,S,3,10,,CLR,,29.89,30.03,,,,,,,
"Jul 9, 7:15 am",64,59,83,S,3,10,,CLR,,29.89,30.03,,,,,,,
"Jul 9, 7:10 am",64,61,88,SSE,3,10,,CLR,,29.89,30.03,,,,,,,
"Jul 9, 7:05 am",64,59,83,S,3,10,,CLR,,29.89,30.03,,,,,,,
"Jul 9, 7:00 am",64,59,83,S,5,10,,CLR,,29.89,30.03,,,,,,,
"Jul 9, 6:55 am",64,59,83,S,3,10,,CLR,,29.89,30.03,,,,,,,
"Jul 9, 6:53 am",64,59,84,S,3,10,,FEW160 FEW250,1016.6,29.89,30.03,,,,,,,
"Jul 9, 6:50 am",64,59,83,S,3G20,10,,,,29.89,30.03,,,,,,,
"Jul 9, 6:45 am",64,59,83,S,3G20,10,,,,29.89,30.03,,,,,,,
"Jul 9, 6:40 am",64,59,83,S,3G20,10,,,,29.89,30.03,,,,,,,
"Jul 9, 6:35 am",64,59,83,S,3G20,10,,,,29.89,30.03,,,,,,,
"Jul 9, 6:30 am",63,59,88,S,3G20,10,,,,29.89,30.03,,,,,,,
"Jul 9, 6:25 am",63,59,88,S,3G20,10,,,,29.88,30.02,,,,,,,
"Jul 9, 6:20 am",63,59,88,S,3G20,10,,,,29.88,30.02,,,,,,,
"Jul 9, 6:15 am",63,59,88,S,3G20,10,,,,29.88,30.02,,,,,,,
"Jul 9, 6:10 am",63,59,88,S,3G20,10,,,,29.88,30.02,,,,,,,
"Jul 9, 6:05 am",63,59,88,S,3G20,10,,,,29.88,30.02,,,,,,,
"Jul 9, 6:00 am",63,59,88,S,3G20,10,,,,29.88,30.02,,,,,,,
"Jul 9, 5:55 am",63,59,88,S,3G20,10,,,,29.88,30.02,,,,,,,
"Jul 9, 5:53 am",63,59,87,S,3,10,,FEW150 FEW220,1016.4,29.88,30.02,,,,,,,
"Jul 9, 5:50 am",63,59,88,S,3G20,10,,,,29.88,30.02,,,,,,,
"Jul 9, 5:45 am",63,59,88,S,3G20,10,,,,29.88,30.02,,,,,,,
"Jul 9, 5:40 am",63,57,83,S,5,10,,,,29.88,30.02,,,,,,,
"Jul 9, 5:35 am",63,59,88,N,0,10,,,,29.88,30.02,,,,,,,
"Jul 9, 5:30 am",63,59,88,S,3,10,,,,29.88,30.02,,,,,,,
"Jul 9, 5:25 am",63,59,88,N,0,10,,,,29.88,30.02,,,,,,,
"Jul 9, 5:20 am",63,59,88,N,0,10,,,,29.87,30.01,,,,,,,
"Jul 9, 5:15 am",63,59,88,N,0,10,,,,29.87,30.01,,,,,,,
"Jul 9, 5:10 am",63,57,83,N,0,10,,,,29.87,30.01,,,,,,,
"Jul 9, 5:05 am",63,57,83,N,0,10,,,,29.87,30.01,,,,,,,
"Jul 9, 5:00 am",63,57,83,N,0,10,,,,29.87,30.01,,,,,,,
"Jul 9, 4:55 am",63,57,83,N,0,10,,CLR,,29.87,30.01,,,,,,,
"Jul 9, 4:53 am",63,58,84,S,3,10,,FEW150 FEW220,1016,29.87,30.01,,,,65,63,,
"Jul 9, 4:50 am",63,57,83,N,0,10,,,,29.87,30.01,,,,,,,
"Jul 9, 4:45 am",63,57,83,S,3,10,,CLR,,29.87,30.01,,,,,,,
"Jul 9, 4:40 am",63,57,83,SSE,3,10,,CLR,,29.87,30.01,,,,,,,
"Jul 9, 4:35 am",63,57,83,S,3,10,,CLR,,29.87,30.01,,,,,,,
"Jul 9, 4:30 am",63,59,88,SE,3,10,,CLR,,29.87,30.01,,,,,,,
"Jul 9, 4:25 am",63,59,88,SSE,6,10,,CLR,,29.87,30.01,,,,,,,
"Jul 9, 4:20 am",63,59,88,SE,5,10,,CLR,,29.87,30.01,,,,,,,
"Jul 9, 4:15 am",63,59,88,SE,6,10,,CLR,,29.87,30.01,,,,,,,
"Jul 9, 4:10 am",63,59,88,SE,6,10,,CLR,,29.87,30.01,,,,,,,
"Jul 9, 4:05 am",63,59,88,ESE,5,10,,CLR,,29.87,30.01,,,,,,,
"Jul 9, 4:00 am",63,59,88,E,5,10,,CLR,,29.87,30.01,,,,,,,
"Jul 9, 3:55 am",64,59,83,ESE,5,10,,CLR,,29.87,30.01,,,,,,,
"Jul 9, 3:53 am",64,58,81,SE,3,10,,SCT220,1016.1,29.87,30.01,,,,,,,
"Jul 9, 3:50 am",64,59,83,SE,3,10,,,,29.87,30.01,,,,,,,
"Jul 9, 3:45 am",64,59,83,ESE,5,10,,,,29.87,30.01,,,,,,,
"Jul 9, 3:40 am",64,59,83,SE,5,10,,,,29.87,30.01,,,,,,,
"Jul 9, 3:35 am",64,59,83,SSE,6,10,,,,29.87,30.01,,,,,,,
"Jul 9, 3:30 am",63,59,88,SE,7,10,,,,29.87,30.01,,,,,,,
"Jul 9, 3:25 am",63,59,88,SE,5,10,,CLR,,29.87,30.01,,,,,,,
"Jul 9, 3:20 am",63,59,88,SSE,3,10,,CLR,,29.87,30.01,,,,,,,
"Jul 9, 3:15 am",63,59,88,N,0,10,,CLR,,29.87,30.01,,,,,,,
"Jul 9, 3:10 am",63,59,88,SE,3,10,,CLR,,29.88,30.02,,,,,,,
"Jul 9, 3:05 am",63,59,88,SE,3,10,,CLR,,29.87,30.01,,,,,,,
"Jul 9, 3:00 am",63,59,88,ESE,5,10,,CLR,,29.87,30.01,,,,,,,
"Jul 9, 2:55 am",63,59,88,ESE,6,10,,CLR,,29.87,30.01,,,,,,,
"Jul 9, 2:53 am",63,59,87,ESE,5,10,,SCT220,1016.1,29.87,30.01,,,,,,,
"Jul 9, 2:50 am",63,59,88,ESE,6,10,,,,29.87,30.01,,,,,,,
"Jul 9, 2:45 am",63,59,88,SE,5,10,,,,29.87,30.01,,,,,,,
"Jul 9, 2:40 am",63,59,88,ESE,5,10,,,,29.87,30.01,,,,,,,
"Jul 9, 2:35 am",63,59,88,SE,5,10,,CLR,,29.87,30.01,,,,,,,
"Jul 9, 2:30 am",63,59,88,ESE,5,10,,CLR,,29.87,30.01,,,,,,,
"Jul 9, 2:25 am",63,59,88,ESE,6,10,,CLR,,29.87,30.01,,,,,,,
"Jul 9, 2:20 am",63,59,88,ESE,6,10,,CLR,,29.87,30.01,,,,,,,
"Jul 9, 2:15 am",63,59,88,SE,3,10,,CLR,,29.87,30.01,,,,,,,
"Jul 9, 2:10 am",63,59,88,SSE,5,10,,CLR,,29.88,30.02,,,,,,,
"Jul 9, 2:05 am",63,59,88,SSE,6,10,,CLR,,29.88,30.02,,,,,,,
"Jul 9, 2:00 am",63,59,88,SSE,5,10,,CLR,,29.88,30.02,,,,,,,
"Jul 9, 1:55 am",63,59,88,SSE,6,10,,CLR,,29.87,30.01,,,,,,,
"Jul 9, 1:53 am",63,59,87,SSE,5,10,,BKN220,1016.1,29.87,30.01,,,,,,,
"Jul 9, 1:50 am",63,59,88,S,3,10,,,,29.88,30.02,,,,,,,
"Jul 9, 1:45 am",63,59,88,SSE,3,10,,,,29.88,30.02,,,,,,,
"Jul 9, 1:40 am",63,61,94,SE,6,10,,,,29.88,30.02,,,,,,,
"Jul 9, 1:35 am",63,61,94,SE,6,10,,,,29.88,30.02,,,,,,,
"Jul 9, 1:30 am",64,61,88,SE,6,10,,,,29.88,30.02,,,,,,,
"Jul 9, 1:25 am",64,61,88,SE,6,10,,,,29.88,30.02,,,,,,,
"Jul 9, 1:20 am",64,61,88,ESE,6,10,,,,29.88,30.02,,,,,,,
"Jul 9, 1:15 am",64,61,88,ESE,7,10,,,,29.88,30.02,,,,,,,
"Jul 9, 1:10 am",63,59,88,ESE,6,10,,,,29.88,30.02,,,,,,,
"Jul 9, 1:05 am",64,59,83,ESE,6,10,,,,29.88,30.02,,,,,,,
"Jul 9, 1:00 am",64,59,83,SE,5,10,,CLR,,29.88,30.02,,,,,,,
"Jul 9, 12:55 am",63,59,88,ESE,6,10,,CLR,,29.88,30.02,,,,,,,
"Jul 9, 12:53 am",63,59,87,SE,5,10,,BKN220,1016.3,29.88,30.02,,,,,,73,62
"Jul 9, 12:50 am",64,59,83,SE,5,10,,,,29.88,30.02,,,,,,,
"Jul 9, 12:45 am",64,59,83,SE,6,10,,,,29.88,30.02,,,,,,,
"Jul 9, 12:40 am",64,59,83,SE,5,10,,,,29.88,30.02,,,,,,,
"Jul 9, 12:30 am",64,59,83,SE,5,10,,,,29.88,30.02,,,,,,,
"Jul 9, 12:25 am",64,59,83,SE,5,10,,,,29.88,30.02,,,,,,,
"Jul 9, 12:20 am",64,59,83,SSE,5,10,,,,29.88,30.02,,,,,,,
"Jul 9, 12:15 am",64,59,83,N,0,10,,,,29.88,30.02,,,,,,,
"Jul 9, 12:10 am",64,59,83,S,3,10,,,,29.88,30.02,,,,,,,
"Jul 9, 12:05 am",64,59,83,SSW,5,10,,,,29.88,30.02,,,,,,,
"Jul 9, 12:00 am",64,59,83,S,6,10,,,,29.88,30.02,,,,,,,
"Jul 8, 11:55 pm",64,59,83,SSW,6,10,,,,29.88,30.02,,,,,,,
"Jul 8, 11:53 pm",64,59,84,S,6,10,,SCT220,1016.2,29.88,30.02,,,,,,,
"Jul 8, 11:50 pm",64,59,83,S,5,10,,,,29.88,30.02,,,,,,,
"Jul 8, 11:45 pm",64,61,88,S,6,10,,,,29.88,30.02,,,,,,,
"Jul 8, 11:40 pm",64,61,88,SSW,5,10,,,,29.88,30.02,,,,,,,
"Jul 8, 11:35 pm",64,61,88,S,5,10,,,,29.88,30.02,,,,,,,
"Jul 8, 11:30 pm",64,59,83,SSE,5,10,,,,29.88,30.02,,,,,,,
"Jul 8, 11:25 pm",64,59,83,SSE,5,10,,,,29.88,30.02,,,,,,,
"Jul 8, 11:20 pm",64,59,83,ESE,5,10,,,,29.88,30.02,,,,,,,
"Jul 8, 11:15 pm",64,59,83,SSE,6,10,,,,29.87,30.01,,,,,,,
"Jul 8, 11:10 pm",64,59,83,SSE,6,10,,,,29.87,30.01,,,,,,,
"Jul 8, 11:05 pm",64,57,77,S,7,10,,,,29.87,30.01,,,,,,,
"Jul 8, 11:00 pm",64,57,77,S,8,10,,,,29.87,30.01,,,,,,,
"Jul 8, 10:55 pm",64,57,77,SE,5,10,,CLR,,29.87,30.01,,,,,,,
"Jul 8, 10:53 pm",64,58,81,S,6,10,,FEW200,1016.1,29.87,30.01,,,,70,64,,
"Jul 8, 10:50 pm",64,59,83,S,6,10,,CLR,,29.87,30.01,,,,,,,
"Jul 8, 10:45 pm",64,59,83,S,6,10,,CLR,,29.87,30.01,,,,,,,
"Jul 8, 10:40 pm",64,57,77,S,6,10,,CLR,,29.87,30.01,,,,,,,
"Jul 8, 10:35 pm",64,57,77,SSE,6,10,,CLR,,29.87,30.01,,,,,,,
"Jul 8, 10:30 pm",64,57,77,SSE,7,10,,CLR,,29.87,30.01,,,,,,,
"Jul 8, 10:25 pm",64,57,77,S,5,10,,CLR,,29.87,30.01,,,,,,,
"Jul 8, 10:20 pm",64,57,77,SSE,6,10,,CLR,,29.88,30.02,,,,,,,
"Jul 8, 10:15 pm",64,57,77,SSE,8,10,,CLR,,29.88,30.02,,,,,,,
"Jul 8, 10:10 pm",64,59,83,SE,7,10,,CLR,,29.88,30.02,,,,,,,
"Jul 8, 10:05 pm",64,59,83,SSE,5,10,,CLR,,29.88,30.02,,,,,,,
"Jul 8, 10:00 pm",64,59,83,SSE,6,10,,CLR,,29.88,30.02,,,,,,,
"Jul 8, 9:55 pm",64,57,77,SSE,5,10,,CLR,,29.88,30.02,,,,,,,
"Jul 8, 9:53 pm",65,58,78,S,3,10,,CLR,1016.2,29.88,30.02,,,,,,,
"Jul 8, 9:50 pm",64,57,77,SSW,6,10,,CLR,,29.88,30.02,,,,,,,
"Jul 8, 9:45 pm",64,57,77,WSW,6,10,,CLR,,29.88,30.02,,,,,,,
"Jul 8, 9:40 pm",64,57,77,WSW,7,10,,CLR,,29.88,30.02,,,,,,,
"Jul 8, 9:35 pm",64,57,77,WSW,7,10,,CLR,,29.88,30.02,,,,,,,
"Jul 8, 9:30 pm",64,57,77,WSW,8,10,,CLR,,29.88,30.02,,,,,,,
"Jul 8, 9:25 pm",64,57,77,SW,9,10,,CLR,,29.88,30.02,,,,,,,
"Jul 8, 9:20 pm",64,57,77,WSW,10,10,,CLR,,29.88,30.02,,,,,,,
"Jul 8, 9:15 pm",64,57,77,SW,14,10,,CLR,,29.87,30.01,,,,,,,
"Jul 8, 9:10 pm",64,57,77,WSW,14,10,,CLR,,29.88,30.02,,,,,,,
"Jul 8, 9:05 pm",64,57,77,WSW,12,10,,CLR,,29.88,30.02,,,,,,,
"Jul 8, 9:00 pm",64,57,77,SW,10,10,,CLR,,29.87,30.01,,,,,,,
"Jul 8, 8:55 pm",64,57,77,SW,8,10,,CLR,,29.87,30.01,,,,,,,
"Jul 8, 8:53 pm",65,58,78,SW,12G23,10,,FEW150,1016.1,29.87,30.01,,,,,,,
"Jul 8, 8:50 pm",64,57,77,SW,12,10,,,,29.87,30.01,,,,,,,
"Jul 8, 8:45 pm",64,57,77,SW,10,10,,CLR,,29.87,30.01,,,,,,,
"Jul 8, 8:40 pm",64,57,77,SW,13,10,,CLR,,29.87,30.01,,,,,,,
"Jul 8, 8:35 pm",64,57,77,SW,14G21,10,,CLR,,29.87,30.01,,,,,,,
"Jul 8, 8:30 pm",64,57,77,SW,9,10,,CLR,,29.87,30.01,,,,,,,
"Jul 8, 8:25 pm",64,57,77,SW,12,10,,CLR,,29.87,30.01,,,,,,,
"Jul 8, 8:20 pm",64,57,77,SW,10,10,,CLR,,29.87,30.01,,,,,,,
"Jul 8, 8:15 pm",64,57,77,WSW,10,10,,CLR,,29.87,30.01,,,,,,,
"Jul 8, 8:10 pm",64,57,77,SW,10,10,,CLR,,29.87,30.01,,,,,,,
"Jul 8, 8:05 pm",64,57,77,SW,13,10,,CLR,,29.87,30.01,,,,,,,
"Jul 8, 8:00 pm",64,57,77,SW,12,10,,CLR,,29.87,30.01,,,,,,,
"Jul 8, 7:55 pm",64,57,77,SW,12,10,,CLR,,29.87,30.01,,,,,,,
"Jul 8, 7:53 pm",65,58,78,WSW,13,10,,FEW150,1016,29.87,30.01,,,,,,,
"Jul 8, 7:50 pm",64,57,77,SW,13,10,,,,29.87,30.01,,,,,,,
"Jul 8, 7:45 pm",66,57,73,SW,14,10,,,,29.87,30.01,,,,,,,
"Jul 8, 7:40 pm",66,57,73,SW,13,10,,,,29.87,30.01,,,,,,,
"Jul 8, 7:35 pm",66,57,73,SW,13,10,,,,29.87,30.01,,,,,,,
"Jul 8, 7:30 pm",66,57,73,SW,13,10,,,,29.87,30.01,,,,,,,
"Jul 8, 7:25 pm",66,57,73,SW,12,10,,,,29.87,30.01,,,,,,,
"Jul 8, 7:20 pm",66,57,73,SW,13,10,,,,29.87,30.01,,,,,,,
"Jul 8, 7:15 pm",66,57,73,SW,14,10,,CLR,,29.87,30.01,,,,,,,
"Jul 8, 7:10 pm",66,57,73,WSW,15,10,,CLR,,29.87,30.01,,,,,,,
"Jul 8, 7:05 pm",66,57,73,WSW,17,10,,CLR,,29.87,30.01,,,,,,,
"Jul 8, 7:00 pm",66,57,73,WSW,17,10,,CLR,,29.87,30.01,,,,,,,
"Jul 8, 6:55 pm",66,57,73,WSW,15,10,,CLR,,29.87,30.01,,,,,,,
"Jul 8, 6:53 pm",67,58,73,WSW,17G25,10,,FEW150,1016,29.87,30.01,,,,,,,
"Jul 8, 6:50 pm",66,57,73,WSW,17,10,,,,29.87,30.01,,,,,,,
"Jul 8, 6:45 pm",68,57,68,WSW,15,10,,CLR,,29.87,30.01,,,,,,,
"Jul 8, 6:40 pm",66,57,73,WSW,15,10,,CLR,,29.87,30.01,,,,,,,
"Jul 8, 6:35 pm",68,57,68,WSW,15,10,,CLR,,29.87,30.01,,,,,,,
"Jul 8, 6:30 pm",68,57,68,WSW,16,10,,CLR,,29.87,30.01,,,,,,,
"Jul 8, 6:25 pm",68,57,68,WSW,17,10,,CLR,,29.87,30.01,,,,,,,
"Jul 8, 6:20 pm",68,57,68,WSW,15,10,,CLR,,29.88,30.02,,,,,,,
"Jul 8, 6:15 pm",70,57,64,WSW,13,10,,CLR,,29.87,30.01,,,,,,,
"Jul 8, 6:10 pm",70,57,64,WSW,16,10,,CLR,,29.88,30.02,,,,,,,
"Jul 8, 6:05 pm",70,57,64,WSW,15G21,10,,CLR,,29.88,30.02,,,,,,,
"Jul 8, 6:00 pm",70,59,69,WSW,15,10,,CLR,,29.88,30.02,,,,,,,
"Jul 8, 5:55 pm",70,57,64,WSW,15,10,,CLR,,29.88,30.02,,,,,,,
"Jul 8, 5:53 pm",69,58,68,WSW,15,10,,FEW150,1016.4,29.88,30.02,,,,,,,
"Jul 8, 5:50 pm",70,57,64,WSW,15,10,,,,29.88,30.02,,,,,,,
"Jul 8, 5:45 pm",70,57,64,WSW,16,10,,CLR,,29.88,30.02,,,,,,,
"Jul 8, 5:40 pm",70,57,64,WSW,16,10,,CLR,,29.88,30.02,,,,,,,
"Jul 8, 5:35 pm",70,57,64,WSW,13,10,,CLR,,29.88,30.02,,,,,,,
"Jul 8, 5:30 pm",70,57,64,WSW,14,10,,CLR,,29.88,30.02,,,,,,,
"Jul 8, 5:25 pm",70,57,64,WSW,14,10,,CLR,,29.88,30.02,,,,,,,
"Jul 8, 5:20 pm",70,57,64,WSW,14,10,,CLR,,29.88,30.02,,,,,,,
"Jul 8, 5:15 pm",70,57,64,WSW,15,10,,CLR,,29.88,30.02,,,,,,,
"Jul 8, 5:10 pm",70,57,64,WSW,15,10,,CLR,,29.88,30.02,,,,,,,
"Jul 8, 5:05 pm",70,57,64,WSW,15,10,,CLR,,29.89,30.03,,,,,,,
"Jul 8, 5:00 pm",70,55,60,WSW,16,10,,CLR,,29.89,30.03,,,,,,,
"Jul 8, 4:55 pm",70,57,64,WSW,16,10,,CLR,,29.89,30.03,,,,,,,
"Jul 8, 4:53 pm",70,57,64,WSW,16,10,,FEW010 FEW150,1016.6,29.89,30.03,,,,73,69,,
"Jul 8, 4:50 pm",72,57,61,WSW,17,10,,FEW010,,29.88,30.02,,,,,,,
"Jul 8, 4:45 pm",70,57,64,WSW,17,10,,CLR,,29.89,30.03,,,,,,,
"Jul 8, 4:40 pm",70,59,69,W,18,10,,CLR,,29.89,30.03,,,,,,,
"Jul 8, 4:35 pm",72,59,65,W,17,10,,CLR,,29.89,30.03,,,,,,,
"Jul 8, 4:30 pm",72,59,65,W,16,10,,CLR,,29.89,30.03,,,,,,,
"Jul 8, 4:25 pm",72,59,65,WSW,18,10,,CLR,,29.9,30.04,,,,,,,
"Jul 8, 4:20 pm",72,59,65,W,18,10,,CLR,,29.9,30.04,,,,,,,
"Jul 8, 4:15 pm",72,59,65,WSW,16,10,,CLR,,29.9,30.04,,,,,,,
"Jul 8, 4:10 pm",72,61,69,W,15,10,,CLR,,29.9,30.04,,,,,,,
"Jul 8, 4:05 pm",72,59,65,WSW,18,10,,CLR,,29.9,30.04,,,,,,,
"Jul 8, 4:00 pm",72,61,69,W,17,10,,CLR,,29.9,30.04,,,,,,,
"Jul 8, 3:55 pm",72,61,69,W,18,10,,CLR,,29.91,30.05,,,,,,,
"Jul 8, 3:53 pm",71,60,68,W,17,10,,FEW012 FEW150,1017.4,29.91,30.05,,,,,,,
"Jul 8, 3:50 pm",72,61,69,W,16,10,,FEW012,,29.91,30.05,,,,,,,
"Jul 8, 3:45 pm",72,61,69,WSW,17,10,,FEW012,,29.91,30.05,,,,,,,
"Jul 8, 3:40 pm",72,61,69,W,17,10,,FEW012,,29.91,30.05,,,,,,,
"Jul 8, 3:35 pm",72,61,69,WSW,16,10,,FEW012,,29.91,30.05,,,,,,,
"Jul 8, 3:30 pm",72,59,65,WSW,17,10,,FEW012,,29.91,30.05,,,,,,,
"Jul 8, 3:25 pm",72,59,65,W,20,10,,FEW012,,29.91,30.05,,,,,,,
"Jul 8, 3:20 pm",72,59,65,WSW,17,10,,FEW012,,29.92,30.06,,,,,,,
"Jul 8, 3:15 pm",72,59,65,WSW,17,10,,FEW012,,29.92,30.06,,,,,,,
"Jul 8, 3:10 pm",72,59,65,W,18,10,,FEW012,,29.92,30.06,,,,,,,
"Jul 8, 3:05 pm",72,59,65,WSW,18,10,,FEW012,,29.93,30.07,,,,,,,
"Jul 8, 3:00 pm",72,59,65,WSW,17,10,,FEW012,,29.93,30.07,,,,,,,
"Jul 8, 2:55 pm",72,59,65,WSW,18,10,,FEW012,,29.92,30.06,,,,,,,
"Jul 8, 2:53 pm",71,58,63,W,18,10,,FEW012 FEW150,1017.9,29.92,30.06,,,,,,,
"Jul 8, 2:50 pm",72,59,65,WSW,18,10,,FEW012,,29.93,30.07,,,,,,,
"Jul 8, 2:45 pm",72,57,61,W,17,10,,,,29.93,30.07,,,,,,,
"Jul 8, 2:40 pm",72,57,61,W,18,10,,,,29.93,30.07,,,,,,,
"Jul 8, 2:35 pm",72,59,65,WSW,17,10,,,,29.93,30.07,,,,,,,
"Jul 8, 2:30 pm",72,57,61,W,16,10,,,,29.93,30.07,,,,,,,
"Jul 8, 2:25 pm",72,57,61,W,16,10,,FEW009,,29.93,30.07,,,,,,,
"Jul 8, 2:20 pm",72,57,61,WSW,16,10,,FEW009,,29.93,30.07,,,,,,,
"Jul 8, 2:15 pm",72,57,61,WSW,15,10,,FEW009,,29.93,30.07,,,,,,,
"Jul 8, 2:10 pm",72,57,61,WSW,15,10,,FEW009,,29.93,30.07,,,,,,,
"Jul 8, 2:05 pm",72,57,61,WSW,15,10,,FEW009,,29.93,30.07,,,,,,,
"Jul 8, 2:00 pm",72,57,61,WSW,15,10,,FEW002,,29.93,30.07,,,,,,,
"Jul 8, 1:55 pm",72,57,61,WSW,14,10,,CLR,,29.93,30.07,,,,,,,
"Jul 8, 1:53 pm",71,58,63,W,15,10,,FEW009 FEW190 SCT260,1018.1,29.93,30.07,,,,,,,
"Jul 8, 1:50 pm",72,57,61,WSW,15,10,,FEW008,,29.93,30.07,,,,,,,
"Jul 8, 1:45 pm",72,59,65,WSW,15,10,,FEW009,,29.93,30.07,,,,,,,
"Jul 8, 1:40 pm",72,59,65,WSW,14,10,,FEW009,,29.93,30.07,,,,,,,
"Jul 8, 1:35 pm",72,59,65,W,15,10,,FEW009,,29.93,30.07,,,,,,,
"Jul 8, 1:30 pm",72,59,65,W,16,10,,FEW009,,29.93,30.07,,,,,,,
"Jul 8, 1:25 pm",72,59,65,WSW,15,10,,FEW009,,29.93,30.07,,,,,,,
"Jul 8, 1:20 pm",72,59,65,WSW,14,10,,FEW009,,29.93,30.07,,,,,,,
"Jul 8, 1:15 pm",72,59,65,WSW,14,10,,FEW009,,29.94,30.08,,,,,,,
"Jul 8, 1:10 pm",72,58,61,WSW,14,10,,FEW009 FEW180 SCT260,1018.6,29.94,30.08,,,,,,,
"Jul 8, 1:05 pm",72,57,61,WSW,14,10,,FEW009,,29.94,30.08,,,,,,,
"Jul 8, 1:00 pm",72,57,61,WSW,14,10,,FEW009,,29.94,30.08,,,,,,,
"Jul 8, 12:55 pm",72,57,61,WSW,14,10,,CLR,,29.94,30.08,,,,,,,
"Jul 8, 12:53 pm",71,58,63,WSW,14,10,,FEW009 FEW180 SCT260,1018.6,29.94,30.08,,,,,,,
"Jul 8, 12:50 pm",72,57,61,WSW,14G20,10,,FEW009,,29.94,30.08,,,,,,,
"Jul 8, 12:45 pm",72,57,61,WSW,14G20,10,,FEW009,,29.95,30.09,,,,,,,
"Jul 8, 12:40 pm",72,57,61,WSW,14G20,10,,FEW009,,29.95,30.09,,,,,,,
"Jul 8, 12:35 pm",72,57,61,WSW,14G20,10,,FEW009,,29.94,30.08,,,,,,,
"Jul 8, 12:30 pm",72,57,61,WSW,14G20,10,,FEW009,,29.95,30.09,,,,,,,
"Jul 8, 12:25 pm",72,57,61,WSW,14G20,10,,FEW009,,29.95,30.09,,,,,,,
"Jul 8, 12:20 pm",70,57,64,WSW,14G20,10,,FEW009,,29.95,30.09,,,,,,,
"Jul 8, 12:15 pm",70,57,64,WSW,13,10,,FEW009,,29.95,30.09,,,,,,,
"Jul 8, 12:14 pm",70,58,66,WSW,10,10,,FEW009 SCT270,,29.95,30.09,,,,,,,
"Jul 8, 12:10 pm",70,57,64,WSW,14G20,10,,FEW010,,29.96,30.1,,,,,,,
"Jul 8, 12:05 pm",70,57,64,,,10,,FEW010,,29.96,30.1,,,,,,,
"Jul 8, 12:00 pm",70,57,64,WSW,13,10,,FEW010,,29.96,30.1,,,,,,,
"Jul 8, 11:55 am",70,57,64,WSW,10G16,10,,FEW010,,29.96,30.1,,,,,,,
"Jul 8, 11:53 am",69,58,68,WSW,12G24,10,,FEW010 FEW270,1019.1,29.96,30.1,,,,,,,
"Jul 8, 11:50 am",70,57,64,WSW,12,10,,FEW010,,29.96,30.1,,,,,,,
"Jul 8, 11:45 am",70,57,64,SW,12G24,10,,FEW010,,29.96,30.1,,,,,,,
"Jul 8, 11:40 am",70,57,64,SW,12,10,,FEW010,,29.96,30.1,,,,,,,
"Jul 8, 11:35 am",70,59,69,SW,12,10,,FEW010,,29.96,30.1,,,,,,,
"Jul 8, 11:30 am",70,57,64,SW,12,10,,FEW010,,29.96,30.1,,,,,,,
"Jul 8, 11:25 am",70,57,64,SW,12,10,,FEW010,,29.96,30.1,,,,,,,
"Jul 8, 11:20 am",70,57,64,WSW,10,10,,FEW010,,29.96,30.1,,,,,,,
"Jul 8, 11:15 am",70,59,69,WSW,12,10,,FEW010,,29.96,30.1,,,,,,,
"Jul 8, 11:10 am",70,57,64,WSW,12,10,,FEW010,,29.96,30.1,,,,,,,
"Jul 8, 11:05 am",70,57,64,W,9,10,,FEW010,,29.96,30.1,,,,,,,
"Jul 8, 11:00 am",70,59,69,SW,10,10,,FEW010,,29.96,30.1,,,,,,,
"Jul 8, 10:55 am",70,59,69,WSW,8,10,,FEW010,,29.96,30.1,,,,,,,
"Jul 8, 10:53 am",69,59,70,WSW,10,10,,FEW010 FEW270,1019.1,29.96,30.1,,,,70,62,,
"Jul 8, 10:50 am",70,59,69,WSW,10,10,,FEW010,,29.96,30.1,,,,,,,
"Jul 8, 10:45 am",70,59,69,SSW,8,10,,FEW010,,29.96,30.1,,,,,,,
"Jul 8, 10:40 am",70,59,69,WSW,8,10,,FEW010,,29.95,30.09,,,,,,,
"Jul 8, 10:35 am",70,59,69,WSW,10,10,,FEW010,,29.95,30.09,,,,,,,
"Jul 8, 10:30 am",70,59,69,WSW,9,10,,FEW010,,29.95,30.09,,,,,,,
"Jul 8, 10:25 am",70,59,69,W,9,10,,FEW010,,29.95,30.09,,,,,,,
"Jul 8, 10:20 am",70,59,69,WSW,9,10,,FEW010,,29.95,30.09,,,,,,,
"Jul 8, 10:15 am",70,59,69,WSW,10,10,,FEW010,,29.95,30.09,,,,,,,
"Jul 8, 10:10 am",70,59,69,WSW,7,10,,FEW010,,29.95,30.09,,,,,,,
"Jul 8, 10:05 am",70,59,69,WSW,8,10,,FEW010,,29.95,30.09,,,,,,,
"Jul 8, 10:00 am",70,59,69,WSW,7,10,,FEW010,,29.95,30.09,,,,,,,
"Jul 8, 9:55 am",70,59,69,W,7,10,,CLR,,29.95,30.09,,,,,,,
"Jul 8, 9:53 am",69,59,70,WSW,8,10,,FEW010 FEW220 SCT270,1018.7,29.95,30.09,,,,,,,
"Jul 8, 9:50 am",70,59,69,WSW,7,10,,FEW011,,29.95,30.09,,,,,,,
"Jul 8, 9:45 am",70,59,69,WSW,7,10,,FEW011,,29.95,30.09,,,,,,,
"Jul 8, 9:40 am",68,59,73,SW,3,10,,FEW011,,29.95,30.09,,,,,,,
"Jul 8, 9:35 am",68,59,73,SW,5,10,,FEW011,,29.94,30.08,,,,,,,
"Jul 8, 9:30 am",68,59,73,W,7,10,,FEW011,,29.94,30.08,,,,,,,
"Jul 8, 9:25 am",70,59,69,SW,6,10,,FEW011,,29.94,30.08,,,,,,,
"Jul 8, 9:20 am",68,59,73,SW,5,10,,FEW011,,29.94,30.08,,,,,,,
"Jul 8, 9:15 am",68,59,73,WSW,5,10,,FEW011,,29.95,30.09,,,,,,,
"Jul 8, 9:10 am",68,59,73,WSW,5,10,,FEW011,,29.94,30.08,,,,,,,
"Jul 8, 9:05 am",66,59,78,SW,6,10,,FEW011,,29.95,30.09,,,,,,,
"Jul 8, 9:00 am",66,59,78,SW,6,10,,FEW011,,29.95,30.09,,,,,,,
"Jul 8, 8:55 am",66,59,78,SW,6,10,,FEW011,,29.95,30.09,,,,,,,
"Jul 8, 8:53 am",67,59,76,SW,6,10,,FEW011 FEW220 SCT270,1018.5,29.94,30.08,,,,,,,
"Jul 8, 8:50 am",66,59,78,WSW,7,10,,FEW010,,29.94,30.08,,,,,,,
"Jul 8, 8:45 am",66,59,78,SW,6,10,,FEW010,,29.94,30.08,,,,,,,
"Jul 8, 8:40 am",66,59,78,W,8,10,,FEW010,,29.94,30.08,,,,,,,
"Jul 8, 8:35 am",66,61,83,WSW,6,10,,FEW010,,29.94,30.08,,,,,,,
"Jul 8, 8:30 am",66,61,83,WSW,6,10,,SCT010,,29.94,30.08,,,,,,,
"Jul 8, 8:25 am",66,61,83,SW,6,10,,SCT010,,29.94,30.08,,,,,,,
"Jul 8, 8:20 am",66,61,83,N,0,10,,SCT010,,29.94,30.08,,,,,,,
"Jul 8, 8:15 am",66,61,83,SW,3,10,,SCT010,,29.94,30.08,,,,,,,
"Jul 8, 8:10 am",64,61,88,SSE,5,10,,SCT010,,29.94,30.08,,,,,,,
"Jul 8, 8:08 am",65,60,84,N,0,10,,SCT010 BKN250,,29.94,30.08,,,,,,,
"Jul 8, 8:05 am",64,61,88,N,0,10,,SCT010,,29.94,30.08,,,,,,,
"Jul 8, 8:00 am",64,61,88,N,0,10,,BKN010,,29.94,30.08,,,,,,,
"Jul 8, 7:55 am",64,61,88,N,0,10,,BKN010,,29.94,30.08,,,,,,,
"Jul 8, 7:53 am",64,60,87,N,0,10,,BKN010 BKN250,1018.4,29.94,30.08,,,,,,,
"Jul 8, 7:50 am",64,61,88,N,0,10,,BKN010,,29.94,30.08,,,,,,,
"Jul 8, 7:45 am",64,61,88,SE,3,10,,BKN010,,29.94,30.08,,,,,,,
"Jul 8, 7:40 am",64,61,88,ESE,5,10,,BKN010,,29.93,30.07,,,,,,,
"Jul 8, 7:35 am",64,61,88,ESE,5,9,,BKN010,,29.93,30.07,,,,,,,
"Jul 8, 7:30 am",64,61,88,ESE,6,9,,BKN010,,29.93,30.07,,,,,,,
"Jul 8, 7:25 am",64,61,88,ESE,5,9,,BKN010,,29.93,30.07,,,,,,,
"Jul 8, 7:20 am",63,61,94,ESE,5,8,,BKN010,,29.92,30.06,,,,,,,
"Jul 8, 7:15 am",63,61,94,E,3,9,,BKN010,,29.92,30.06,,,,,,,
"Jul 8, 7:13 am",63,60,90,,3,9,,BKN010 BKN250,,29.92,30.06,,,,,,,
"Jul 8, 7:10 am",63,61,94,ESE,6,10,,FEW007 SCT011,,29.92,30.06,,,,,,,
"Jul 8, 7:05 am",63,61,94,ESE,5,10,,FEW007 SCT011,,29.92,30.06,,,,,,,
"Jul 8, 7:00 am",63,61,94,SSW,3,10,,FEW007 SCT011,,29.92,30.06,,,,,,,
"Jul 8, 6:55 am",63,61,94,S,5,9,,FEW007 SCT011,,29.92,30.06,,,,,,,
"Jul 8, 6:53 am",63,60,90,S,3,9,,FEW007 SCT011 SCT250,1017.5,29.91,30.05,,,,,,,
"Jul 8, 6:50 am",63,61,94,SSW,3,9,,SCT009 SCT013,,29.91,30.05,,,,,,,
"Jul 8, 6:45 am",63,61,94,SW,3,10,,SCT009 SCT013,,29.91,30.05,,,,,,,
"Jul 8, 6:40 am",63,61,94,SW,5,10,,SCT009 SCT013,,29.91,30.05,,,,,,,
"Jul 8, 6:35 am",63,61,94,SW,5,10,,SCT009 SCT013,,29.91,30.05,,,,,,,
"Jul 8, 6:30 am",63,61,94,WSW,5,10,,SCT009 SCT013,,29.91,30.05,,,,,,,
"Jul 8, 6:25 am",63,59,88,WSW,5,10,,FEW008 SCT012,,29.91,30.05,,,,,,,
"Jul 8, 6:20 am",63,59,88,WSW,6,10,,FEW008 SCT012,,29.91,30.05,,,,,,,
"Jul 8, 6:15 am",63,59,88,WSW,5,10,,FEW008 SCT012,,29.9,30.04,,,,,,,
"Jul 8, 6:10 am",63,59,88,WSW,5,10,,FEW008 SCT012,,29.9,30.04,,,,,,,
"Jul 8, 6:05 am",63,59,88,WSW,5,10,,FEW008 SCT012,,29.9,30.04,,,,,,,
"Jul 8, 6:00 am",63,59,88,WSW,6,10,,FEW008 SCT012,,29.9,30.04,,,,,,,
"Jul 8, 5:55 am",63,59,88,WSW,6,10,,FEW008 SCT012,,29.9,30.04,,,,,,,
"Jul 8, 5:53 am",62,59,90,W,5,9,,FEW008 SCT012 SCT250,1017,29.9,30.04,,,,,,,
"Jul 8, 5:50 am",63,59,88,WSW,3,10,,FEW008 FEW012,,29.9,30.04,,,,,,,
"Jul 8, 5:45 am",63,59,88,W,3,10,,FEW008 FEW012,,29.9,30.04,,,,,,,
"Jul 8, 5:40 am",63,59,88,N,0,10,,FEW008 FEW012,,29.9,30.04,,,,,,,
"Jul 8, 5:35 am",63,59,88,N,0,10,,CLR,,29.9,30.04,,,,,,,
"Jul 8, 5:30 am",63,57,83,N,0,10,,CLR,,29.9,30.04,,,,,,,
"Jul 8, 5:25 am",63,59,88,SSW,3,10,,CLR,,29.9,30.04,,,,,,,
"Jul 8, 5:20 am",63,59,88,S,3,10,,CLR,,29.9,30.04,,,,,,,
"Jul 8, 5:15 am",63,59,88,S,3,10,,CLR,,29.89,30.03,,,,,,,
"Jul 8, 5:10 am",63,59,88,S,3,10,,CLR,,29.89,30.03,,,,,,,
"Jul 8, 5:05 am",63,59,88,S,5,10,,CLR,,29.89,30.03,,,,,,,
"Jul 8, 5:00 am",63,59,88,S,6,10,,CLR,,29.89,30.03,,,,,,,
"Jul 8, 4:55 am",63,59,88,S,7,10,,CLR,,29.89,30.03,,,,,,,
"Jul 8, 4:53 am",62,59,90,S,8,10,,FEW008 FEW012,1016.7,29.89,30.03,,,,63,62,,
"Jul 8, 4:50 am",63,59,88,S,8,10,,FEW008 FEW012,,29.89,30.03,,,,,,,
"Jul 8, 4:45 am",63,59,88,S,7,10,,FEW008 FEW012,,29.89,30.03,,,,,,,
"Jul 8, 4:40 am",63,59,88,S,6,10,,FEW008 SCT012,,29.89,30.03,,,,,,,
"Jul 8, 4:35 am",63,59,88,S,7,10,,FEW008 SCT012,,29.88,30.02,,,,,,,
"Jul 8, 4:30 am",63,59,88,S,3,10,,FEW008 SCT012,,29.88,30.02,,,,,,,
"Jul 8, 4:25 am",63,59,88,SSE,6,10,,FEW008 SCT012,,29.88,30.02,,,,,,,
"Jul 8, 4:20 am",63,59,88,N,0,10,,FEW008 SCT012,,29.88,30.02,,,,,,,
"Jul 8, 4:15 am",63,59,88,S,3,10,,FEW008 SCT012,,29.88,30.02,,,,,,,
"Jul 8, 4:10 am",63,59,88,S,5,10,,FEW008 SCT012,,29.88,30.02,,,,,,,
"Jul 8, 4:05 am",63,59,88,S,5,10,,FEW008 SCT012,,29.88,30.02,,,,,,,
"Jul 8, 4:00 am",63,59,88,S,7,10,,FEW008 SCT012,,29.88,30.02,,,,,,,
"Jul 8, 3:55 am",63,59,88,S,6,10,,CLR,,29.88,30.02,,,,,,,
"Jul 8, 3:53 am",62,59,90,S,5,10,,FEW008 SCT012,1016.3,29.88,30.02,,,,,,,
"Jul 8, 3:50 am",63,59,88,S,7,10,,FEW008 FEW014,,29.88,30.02,,,,,,,
"Jul 8, 3:45 am",63,59,88,S,3,10,,FEW008 FEW014,,29.88,30.02,,,,,,,
"Jul 8, 3:40 am",63,57,83,N,0,10,,FEW008 FEW014,,29.88,30.02,,,,,,,
"Jul 8, 3:35 am",63,57,83,N,0,10,,FEW008 FEW014,,29.88,30.02,,,,,,,
"Jul 8, 3:30 am",63,57,83,N,0,10,,FEW008 FEW014,,29.88,30.02,,,,,,,
"Jul 8, 3:25 am",63,57,83,N,0,10,,FEW008 FEW014,,29.88,30.02,,,,,,,
"Jul 8, 3:20 am",63,57,83,N,0,10,,FEW008 FEW014,,29.88,30.02,,,,,,,
"Jul 8, 3:18 am",63,58,84,N,0,10,,FEW008 FEW014,,29.88,30.02,,,,,,,
"Jul 8, 3:15 am",63,57,83,N,0,10,,CLR,,29.88,30.02,,,,,,,
"Jul 8, 3:10 am",63,57,83,N,0,10,,CLR,,29.88,30.02,,,,,,,
"Jul 8, 3:05 am",63,57,83,SSE,3,10,,CLR,,29.88,30.02,,,,,,,
"Jul 8, 3:00 am",63,57,83,S,3,10,,CLR,,29.88,30.02,,,,,,,
"Jul 8, 2:55 am",63,57,83,N,0,10,,CLR,,29.89,30.03,,,,,,,
"Jul 8, 2:53 am",62,58,86,N,0,10,,FEW015,1016.5,29.89,30.03,,,,,,,
"Jul 8, 2:50 am",63,57,83,SW,5,10,,FEW015,,29.89,30.03,,,,,,,
"Jul 8, 2:45 am",63,57,83,N,0,10,,FEW015,,29.88,30.02,,,,,,,
"Jul 8, 2:40 am",63,57,83,SSW,3,10,,FEW015,,29.88,30.02,,,,,,,
"Jul 8, 2:35 am",63,59,88,N,0,10,,FEW015,,29.88,30.02,,,,,,,
"Jul 8, 2:30 am",63,59,88,SW,5,10,,FEW015,,29.88,30.02,,,,,,,
"Jul 8, 2:25 am",63,57,83,SW,5,10,,CLR,,29.88,30.02,,,,,,,
"Jul 8, 2:20 am",63,59,88,WSW,3,10,,CLR,,29.89,30.03,,,,,,,
"Jul 8, 2:15 am",63,59,88,N,0,10,,CLR,,29.89,30.03,,,,,,,
"Jul 8, 2:10 am",63,59,88,S,5,10,,CLR,,29.89,30.03,,,,,,,
"Jul 8, 2:05 am",63,57,83,S,3,10,,CLR,,29.89,30.03,,,,,,,
"Jul 8, 2:00 am",63,57,83,N,0,10,,CLR,,29.89,30.03,,,,,,,
"Jul 8, 1:55 am",63,59,88,SW,5,10,,CLR,,29.89,30.03,,,,,,,
"Jul 8, 1:53 am",62,58,86,SW,5,10,,FEW015,1016.6,29.89,30.03,,,,,,,
"Jul 8, 1:50 am",63,57,83,WSW,5,10,,FEW015,,29.89,30.03,,,,,,,
"Jul 8, 1:45 am",63,57,83,WSW,3,10,,FEW015,,29.89,30.03,,,,,,,
"Jul 8, 1:40 am",63,57,83,WSW,5,10,,FEW015,,29.89,30.03,,,,,,,
"Jul 8, 1:35 am",63,57,83,WSW,5,10,,FEW015,,29.9,30.04,,,,,,,
"Jul 8, 1:30 am",63,57,83,SW,5,10,,FEW015,,29.89,30.03,,,,,,,
"Jul 8, 1:25 am",63,57,83,SW,5,10,,FEW015,,29.89,30.03,,,,,,,
"Jul 8, 1:20 am",63,57,83,SW,5,10,,FEW015,,29.89,30.03,,,,,,,
"Jul 8, 1:15 am",63,57,83,SW,5,10,,FEW015,,29.89,30.03,,,,,,,
"Jul 8, 1:10 am",63,57,83,SW,5,10,,CLR,,29.89,30.03,,,,,,,
"Jul 8, 1:05 am",63,57,83,WSW,6,10,,CLR,,29.89,30.03,,,,,,,
"Jul 8, 1:00 am",63,57,83,WSW,6,10,,CLR,,29.89,30.03,,,,,,,
"Jul 8, 12:55 am",63,57,83,WSW,6,10,,CLR,,29.9,30.04,,,,,,,
"Jul 8, 12:53 am",62,58,86,WSW,7,10,,FEW015,1016.8,29.9,30.04,,,,,,72,62
"Jul 8, 12:50 am",63,57,83,WSW,7,10,,FEW015,,29.9,30.04,,,,,,,
"Jul 8, 12:45 am",63,57,83,W,7,10,,FEW015,,29.9,30.04,,,,,,,
"Jul 8, 12:40 am",63,57,83,WSW,8,10,,FEW015,,29.89,30.03,,,,,,,
"Jul 8, 12:35 am",63,57,83,WSW,8,10,,FEW015,,29.9,30.04,,,,,,,
"Jul 8, 12:30 am",63,57,83,WSW,6,10,,FEW015,,29.9,30.04,,,,,,,
"Jul 8, 12:25 am",63,57,83,W,7,10,,FEW015,,29.9,30.04,,,,,,,
"Jul 8, 12:20 am",63,57,83,SW,6,10,,CLR,,29.9,30.04,,,,,,,
"Jul 8, 12:15 am",63,57,83,WSW,6,10,,CLR,,29.9,30.04,,,,,,,
"Jul 8, 12:10 am",63,57,83,WSW,7,10,,CLR,,29.9,30.04,,,,,,,
"Jul 8, 12:05 am",63,57,83,WSW,6,10,,CLR,,29.9,30.04,,,,,,,
"Jul 8, 12:00 am",63,57,83,WSW,6,10,,CLR,,29.9,30.04,,,,,,,
"Jul 7, 11:55 pm",63,57,83,WSW,6,10,,CLR,,29.9,30.04,,,,,,,
"Jul 7, 11:53 pm",62,58,86,WSW,6,10,,FEW015,1016.9,29.9,30.04,,,,,,,
"Jul 7, 11:50 pm",63,57,83,WSW,6,10,,FEW015,,29.9,30.04,,,,,,,
"Jul 7, 11:45 pm",63,57,83,WSW,6,10,,FEW015,,29.9,30.04,,,,,,,
"Jul 7, 11:40 pm",63,57,83,WSW,7,10,,FEW015,,29.9,30.04,,,,,,,
"Jul 7, 11:35 pm",63,57,83,WSW,7,10,,FEW015,,29.9,30.04,,,,,,,
"Jul 7, 11:30 pm",63,57,83,WSW,8,10,,FEW015,,29.9,30.04,,,,,,,
"Jul 7, 11:25 pm",63,57,83,WSW,7,10,,FEW015,,29.9,30.04,,,,,,,
"Jul 7, 11:20 pm",63,57,83,WSW,7,10,,FEW015,,29.9,30.04,,,,,,,
"Jul 7, 11:15 pm",63,57,83,WSW,8,10,,FEW015,,29.9,30.04,,,,,,,
"Jul 7, 11:10 pm",63,57,83,SW,8,10,,FEW015,,29.9,30.04,,,,,,,
"Jul 7, 11:05 pm",63,57,83,WSW,7,10,,CLR,,29.9,30.04,,,,,,,
"Jul 7, 11:00 pm",63,57,83,WSW,7,10,,CLR,,29.9,30.04,,,,,,,
"Jul 7, 10:55 pm",63,57,83,WSW,7,10,,CLR,,29.9,30.04,,,,,,,
"Jul 7, 10:53 pm",62,58,86,WSW,7,10,,FEW015,1017.1,29.9,30.04,,,,69,62,,
"Jul 7, 10:50 pm",63,57,83,SW,8,10,,FEW015,,29.9,30.04,,,,,,,
"Jul 7, 10:45 pm",63,57,83,WSW,8,10,,CLR,,29.9,30.04,,,,,,,
"Jul 7, 10:40 pm",63,57,83,WSW,7,10,,CLR,,29.9,30.04,,,,,,,
"Jul 7, 10:35 pm",63,57,83,WSW,8,10,,CLR,,29.9,30.04,,,,,,,
"Jul 7, 10:30 pm",63,57,83,WSW,9,10,,CLR,,29.9,30.04,,,,,,,
"Jul 7, 10:25 pm",63,57,83,WSW,9,10,,CLR,,29.89,30.03,,,,,,,
"Jul 7, 10:20 pm",63,57,83,WSW,9,10,,CLR,,29.89,30.03,,,,,,,
"Jul 7, 10:15 pm",63,57,83,WSW,9,10,,CLR,,29.89,30.03,,,,,,,
"Jul 7, 10:10 pm",63,57,83,WSW,9,10,,CLR,,29.89,30.03,,,,,,,
"Jul 7, 10:05 pm",63,57,83,WSW,12,10,,CLR,,29.89,30.03,,,,,,,
"Jul 7, 10:00 pm",63,57,83,WSW,9,10,,CLR,,29.89,30.03,,,,,,,
"Jul 7, 9:55 pm",63,57,83,WSW,9,10,,CLR,,29.88,30.02,,,,,,,
"Jul 7, 9:53 pm",63,57,81,WSW,9,10,,FEW015,1016.5,29.88,30.02,,,,,,,
"Jul 7, 9:50 pm",63,57,83,WSW,9,10,,FEW015,,29.88,30.02,,,,,,,
"Jul 7, 9:45 pm",63,57,83,WSW,10,10,,CLR,,29.88,30.02,,,,,,,
"Jul 7, 9:40 pm",63,57,83,WSW,10,10,,CLR,,29.88,30.02,,,,,,,
"Jul 7, 9:35 pm",63,57,83,WSW,12,10,,CLR,,29.88,30.02,,,,,,,
"Jul 7, 9:30 pm",63,57,83,WSW,12,10,,CLR,,29.88,30.02,,,,,,,
"Jul 7, 9:25 pm",63,57,83,WSW,12,10,,CLR,,29.88,30.02,,,,,,,
"Jul 7, 9:20 pm",63,57,83,WSW,10,10,,CLR,,29.87,30.01,,,,,,,
"Jul 7, 9:15 pm",63,57,83,W,13,10,,CLR,,29.87,30.01,,,,,,,
"Jul 7, 9:10 pm",63,57,83,W,13,10,,CLR,,29.87,30.01,,,,,,,
"Jul 7, 9:05 pm",63,57,83,WSW,13,10,,CLR,,29.87,30.01,,,,,,,
"Jul 7, 9:00 pm",63,57,83,WSW,13,10,,CLR,,29.87,30.01,,,,,,,
"Jul 7, 8:55 pm",63,57,83,WSW,13,10,,CLR,,29.86,30,,,,,,,
"Jul 7, 8:53 pm",64,58,81,WSW,14,10,,FEW015,1015.7,29.86,30,,,,,,,
"Jul 7, 8:50 pm",63,57,83,WSW,13,10,,FEW015,,29.86,30,,,,,,,
"Jul 7, 8:45 pm",63,57,83,WSW,13,10,,CLR,,29.86,30,,,,,,,
"Jul 7, 8:40 pm",64,59,83,WSW,12,10,,CLR,,29.86,30,,,,,,,
"Jul 7, 8:35 pm",64,57,77,WSW,12,10,,CLR,,29.86,30,,,,,,,
"Jul 7, 8:30 pm",64,59,83,WSW,10,10,,CLR,,29.86,30,,,,,,,
"Jul 7, 8:25 pm",64,59,83,WSW,10,10,,CLR,,29.85,29.99,,,,,,,
"Jul 7, 8:20 pm",64,59,83,WSW,13,10,,CLR,,29.85,29.99,,,,,,,
"Jul 7, 8:15 pm",64,59,83,WSW,12,10,,CLR,,29.85,29.99,,,,,,,
"Jul 7, 8:10 pm",64,59,83,WSW,12,10,,CLR,,29.85,29.99,,,,,,,
"Jul 7, 8:05 pm",64,59,83,WSW,10,10,,CLR,,29.85,29.99,,,,,,,
"Jul 7, 8:00 pm",64,59,83,WSW,14,10,,CLR,,29.85,29.99,,,,,,,
"Jul 7, 7:55 pm",64,59,83,WSW,14,10,,CLR,,29.85,29.99,,,,,,,
"Jul 7, 7:53 pm",64,59,84,WSW,14,10,,FEW015,1015.2,29.85,29.99,,,,,,,
"Jul 7, 7:50 pm",64,59,83,WSW,12,10,,FEW015,,29.84,29.98,,,,,,,
"Jul 7, 7:45 pm",64,59,83,WSW,15,10,,FEW015,,29.84,29.98,,,,,,,
"Jul 7, 7:40 pm",64,59,83,W,15,10,,CLR,,29.84,29.98,,,,,,,
"Jul 7, 7:35 pm",64,59,83,WSW,16,10,,CLR,,29.84,29.98,,,,,,,
"Jul 7, 7:30 pm",66,59,78,WSW,16,10,,CLR,,29.84,29.98,,,,,,,
"Jul 7, 7:25 pm",66,59,78,WSW,13,10,,CLR,,29.84,29.98,,,,,,,
"Jul 7, 7:20 pm",66,59,78,WSW,14,10,,CLR,,29.84,29.98,,,,,,,
"Jul 7, 7:15 pm",66,59,78,W,15,10,,CLR,,29.83,29.97,,,,,,,
"Jul 7, 7:10 pm",66,59,78,WSW,15,10,,CLR,,29.83,29.97,,,,,,,
"Jul 7, 7:05 pm",66,59,78,WSW,15,10,,CLR,,29.83,29.97,,,,,,,
"Jul 7, 7:00 pm",66,59,78,WSW,16,10,,CLR,,29.83,29.97,,,,,,,
"Jul 7, 6:55 pm",66,59,78,WSW,15,10,,CLR,,29.83,29.97,,,,,,,
"Jul 7, 6:53 pm",67,59,76,WSW,15,10,,FEW020,1014.5,29.83,29.97,,,,,,,
"Jul 7, 6:50 pm",66,59,78,W,16,10,,FEW020,,29.82,29.96,,,,,,,
"Jul 7, 6:45 pm",66,57,73,WSW,15,10,,FEW020,,29.82,29.96,,,,,,,
"Jul 7, 6:40 pm",66,57,73,W,17,10,,CLR,,29.83,29.97,,,,,,,
"Jul 7, 6:35 pm",66,57,73,WSW,18,10,,CLR,,29.83,29.97,,,,,,,
"Jul 7, 6:30 pm",66,57,73,WSW,17,10,,CLR,,29.83,29.97,,,,,,,
"Jul 7, 6:25 pm",66,57,73,W,17,10,,CLR,,29.83,29.97,,,,,,,
"Jul 7, 6:20 pm",68,57,68,WSW,16,10,,CLR,,29.82,29.96,,,,,,,
"Jul 7, 6:15 pm",68,59,73,WSW,17,10,,CLR,,29.82,29.96,,,,,,,
"Jul 7, 6:10 pm",68,57,68,WSW,15,10,,CLR,,29.82,29.96,,,,,,,
"Jul 7, 6:05 pm",68,59,73,W,16,9,,CLR,,29.82,29.96,,,,,,,
"Jul 7, 6:00 pm",68,59,73,W,16,9,,CLR,,29.82,29.96,,,,,,,
"Jul 7, 5:55 pm",68,57,68,W,15,10,,CLR,,29.82,29.96,,,,,,,
"Jul 7, 5:53 pm",68,59,73,W,17,10,,FEW020,1014.5,29.82,29.96,,,,,,,
"Jul 7, 5:50 pm",70,57,64,WSW,15G21,10,,FEW020,,29.82,29.96,,,,,,,
"Jul 7, 5:45 pm",70,57,64,WSW,16,10,,CLR,,29.82,29.96,,,,,,,
"Jul 7, 5:40 pm",70,57,64,WSW,14,10,,CLR,,29.82,29.96,,,,,,,
"Jul 7, 5:35 pm",70,57,64,W,16,10,,CLR,,29.83,29.97,,,,,,,
"Jul 7, 5:30 pm",70,57,64,WSW,16,10,,CLR,,29.82,29.96,,,,,,,
"Jul 7, 5:25 pm",70,57,64,WSW,16,10,,CLR,,29.82,29.96,,,,,,,
"Jul 7, 5:20 pm",70,57,64,WSW,16,10,,CLR,,29.82,29.96,,,,,,,
"Jul 7, 5:15 pm",70,57,64,W,17,10,,CLR,,29.82,29.96,,,,,,,
"Jul 7, 5:10 pm",70,59,69,W,17,10,,CLR,,29.82,29.96,,,,,,,
"Jul 7, 5:05 pm",70,57,64,W,17,10,,CLR,,29.83,29.97,,,,,,,
"Jul 7, 5:00 pm",70,57,64,WSW,16,10,,CLR,,29.83,29.97,,,,,,,
"Jul 7, 4:55 pm",70,57,64,W,17,10,,CLR,,29.83,29.97,,,,,,,
"Jul 7, 4:53 pm",69,58,68,W,17,10,,FEW025,1014.8,29.83,29.97,,,,72,69,,
"Jul 7, 4:50 pm",70,57,64,WSW,15,10,,FEW025,,29.83,29.97,,,,,,,
"Jul 7, 4:45 pm",70,59,69,WSW,17,10,,CLR,,29.83,29.97,,,,,,,
"Jul 7, 4:40 pm",70,57,64,W,15,10,,CLR,,29.83,29.97,,,,,,,
"Jul 7, 4:35 pm",70,57,64,WSW,15,10,,CLR,,29.83,29.97,,,,,,,
"Jul 7, 4:30 pm",70,57,64,W,14,10,,CLR,,29.83,29.97,,,,,,,
"Jul 7, 4:25 pm",70,57,64,W,15,10,,CLR,,29.83,29.97,,,,,,,
"Jul 7, 4:20 pm",72,57,61,W,16G22,10,,CLR,,29.83,29.97,,,,,,,
"Jul 7, 4:15 pm",70,57,64,WSW,15,10,,CLR,,29.83,29.97,,,,,,,
"Jul 7, 4:10 pm",70,57,64,W,16,10,,CLR,,29.83,29.97,,,,,,,
"Jul 7, 4:05 pm",70,57,64,W,15,10,,CLR,,29.84,29.98,,,,,,,
"Jul 7, 4:00 pm",70,59,69,WSW,17,10,,CLR,,29.84,29.98,,,,,,,
"Jul 7, 3:55 pm",70,59,69,WSW,16,10,,CLR,,29.84,29.98,,,,,,,
"Jul 7, 3:53 pm",70,58,66,W,14,10,,FEW025,1015,29.84,29.98,,,,,,,
"Jul 7, 3:50 pm",70,57,64,WSW,17,10,,FEW025,,29.84,29.98,,,,,,,
"Jul 7, 3:45 pm",70,57,64,WSW,16,10,,FEW025,,29.84,29.98,,,,,,,
"Jul 7, 3:40 pm",70,57,64,WSW,15,10,,CLR,,29.84,29.98,,,,,,,
"Jul 7, 3:35 pm",70,57,64,WSW,16,10,,CLR,,29.84,29.98,,,,,,,
"Jul 7, 3:30 pm",72,57,61,WSW,16,10,,CLR,,29.84,29.98,,,,,,,
"Jul 7, 3:25 pm",72,57,61,WSW,16,10,,CLR,,29.84,29.98,,,,,,,
"Jul 7, 3:20 pm",72,57,61,WSW,14,10,,CLR,,29.84,29.98,,,,,,,
"Jul 7, 3:15 pm",72,57,61,WSW,14,10,,CLR,,29.84,29.98,,,,,,,
"Jul 7, 3:10 pm",72,57,61,WSW,13,10,,CLR,,29.84,29.98,,,,,,,
"Jul 7, 3:05 pm",72,57,61,W,14,10,,CLR,,29.84,29.98,,,,,,,
"Jul 7, 3:00 pm",72,57,61,WSW,12G17,10,,CLR,,29.84,29.98,,,,,,,
"Jul 7, 2:55 pm",70,57,64,WSW,13,10,,CLR,,29.84,29.98,,,,,,,
"Jul 7, 2:53 pm",71,57,61,WSW,12,10,,FEW025,1015.1,29.84,29.98,,,,,,,
"Jul 7, 2:50 pm",72,57,61,WSW,13,10,,FEW025,,29.84,29.98,,,,,,,
"Jul 7, 2:45 pm",72,57,61,WSW,12,10,,FEW025,,29.84,29.98,,,,,,,
"Jul 7, 2:40 pm",70,57,64,WSW,13,10,,CLR,,29.84,29.98,,,,,,,
"Jul 7, 2:35 pm",70,57,64,WSW,12,10,,CLR,,29.84,29.98,,,,,,,
"Jul 7, 2:30 pm",70,57,64,WSW,10,10,,CLR,,29.84,29.98,,,,,,,
"Jul 7, 2:25 pm",72,57,61,W,12G18,10,,CLR,,29.84,29.98,,,,,,,
"Jul 7, 2:20 pm",72,57,61,WSW,12,10,,CLR,,29.84,29.98,,,,,,,
"Jul 7, 2:15 pm",70,57,64,WSW,13,10,,CLR,,29.84,29.98,,,,,,,
"Jul 7, 2:10 pm",70,57,64,W,14,10,,CLR,,29.84,29.98,,,,,,,
"Jul 7, 2:05 pm",70,57,64,WSW,13,10,,CLR,,29.84,29.98,,,,,,,
"Jul 7, 2:00 pm",70,57,64,WSW,14,10,,CLR,,29.85,29.99,,,,,,,
"Jul 7, 1:55 pm",70,57,64,W,14,10,,CLR,,29.85,29.99,,,,,,,
"Jul 7, 1:53 pm",70,57,64,WSW,13,10,,CLR,1015.3,29.85,29.99,,,,,,,
"Jul 7, 1:50 pm",70,57,64,W,12,10,,CLR,,29.85,29.99,,,,,,,
"Jul 7, 1:45 pm",70,57,64,SW,13,10,,CLR,,29.85,29.99,,,,,,,
"Jul 7, 1:40 pm",70,57,64,WSW,14,10,,CLR,,29.85,29.99,,,,,,,
"Jul 7, 1:35 pm",70,57,64,WSW,15,10,,CLR,,29.85,29.99,,,,,,,
"Jul 7, 1:30 pm",70,57,64,WSW,13,10,,CLR,,29.85,29.99,,,,,,,
"Jul 7, 1:25 pm",70,57,64,WSW,14,10,,CLR,,29.85,29.99,,,,,,,
"Jul 7, 1:20 pm",70,57,64,WSW,13,10,,CLR,,29.85,29.99,,,,,,,
"Jul 7, 1:15 pm",70,57,64,W,13,10,,CLR,,29.85,29.99,,,,,,,
"Jul 7, 1:10 pm",70,57,64,W,14,10,,CLR,,29.85,29.99,,,,,,,
"Jul 7, 1:05 pm",72,57,61,WSW,14,10,,CLR,,29.85,29.99,,,,,,,
"Jul 7, 1:00 pm",70,57,64,WSW,13,10,,CLR,,29.85,29.99,,,,,,,
"Jul 7, 12:55 pm",70,57,64,WSW,10G18,10,,CLR,,29.85,29.99,,,,,,,
"Jul 7, 12:53 pm",70,57,64,WSW,12,9,,FEW027,1015.4,29.85,29.99,,,,,,,
"Jul 7, 12:50 pm",70,57,64,WSW,12G20,9,,FEW027,,29.85,29.99,,,,,,,
"Jul 7, 12:45 pm",70,57,64,WSW,12G20,10,,CLR,,29.85,29.99,,,,,,,
"Jul 7, 12:40 pm",72,57,61,WSW,12G20,10,,CLR,,29.85,29.99,,,,,,,
"Jul 7, 12:35 pm",70,57,64,WSW,12G20,10,,CLR,,29.85,29.99,,,,,,,
"Jul 7, 12:30 pm",72,57,61,WSW,12G20,10,,CLR,,29.85,29.99,,,,,,,
"Jul 7, 12:25 pm",70,57,64,WSW,12G20,9,,CLR,,29.85,29.99,,,,,,,
"Jul 7, 12:20 pm",70,57,64,WSW,12G20,9,,CLR,,29.85,29.99,,,,,,,
"Jul 7, 12:15 pm",72,57,61,WSW,12,9,,CLR,,29.85,29.99,,,,,,,
"Jul 7, 12:10 pm",72,57,61,SW,9,9,,CLR,,29.85,29.99,,,,,,,
"Jul 7, 12:05 pm",70,57,64,W,10,9,,CLR,,29.85,29.99,,,,,,,
"Jul 7, 12:00 pm",72,57,61,WSW,10,9,,CLR,,29.85,29.99,,,,,,,
"Jul 7, 11:55 am",70,57,64,WSW,10,9,,CLR,,29.85,29.99,,,,,,,
"Jul 7, 11:53 am",70,58,66,W,10,8,,FEW025,1015.4,29.85,29.99,,,,,,,
"Jul 7, 11:50 am",70,57,64,WSW,8,8,,FEW025,,29.85,29.99,,,,,,,
"Jul 7, 11:45 am",70,57,64,WSW,9,8,,CLR,,29.85,29.99,,,,,,,
"Jul 7, 11:40 am",70,57,64,W,8,8,,CLR,,29.85,29.99,,,,,,,
"Jul 7, 11:35 am",70,57,64,WSW,9,8,,CLR,,29.85,29.99,,,,,,,
"Jul 7, 11:30 am",70,57,64,WSW,9,8,,CLR,,29.85,29.99,,,,,,,
"Jul 7, 11:25 am",70,57,64,W,10,8,,CLR,,29.85,29.99,,,,,,,
"Jul 7, 11:20 am",70,57,64,W,9,8,,CLR,,29.85,29.99,,,,,,,
"Jul 7, 11:15 am",70,57,64,W,9,8,,CLR,,29.85,29.99,,,,,,,
"Jul 7, 11:10 am",70,57,64,WSW,9,8,,CLR,,29.85,29.99,,,,,,,
"Jul 7, 11:05 am",70,57,64,WSW,7,8,,CLR,,29.85,29.99,,,,,,,
"Jul 7, 11:00 am",70,57,64,SW,9,8,,CLR,,29.85,29.99,,,,,,,
"Jul 7, 10:55 am",70,57,64,W,10,8,,CLR,,29.85,29.99,,,,,,,
"Jul 7, 10:53 am",69,58,68,W,9,7,,SCT022,1015.3,29.85,29.99,,,,70,63,,
"Jul 7, 10:50 am",70,57,64,WSW,8,7,,SCT022,,29.84,29.98,,,,,,,
"Jul 7, 10:45 am",70,57,64,W,9,8,,CLR,,29.85,29.99,,,,,,,
"Jul 7, 10:40 am",70,57,64,W,8,8,,CLR,,29.85,29.99,,,,,,,
"Jul 7, 10:35 am",70,57,64,W,12,9,,CLR,,29.85,29.99,,,,,,,
"Jul 7, 10:30 am",70,57,64,WSW,9,8,,CLR,,29.85,29.99,,,,,,,
"Jul 7, 10:25 am",70,57,64,W,10,8,,CLR,,29.85,29.99,,,,,,,
"Jul 7, 10:20 am",70,57,64,WSW,9,8,,CLR,,29.85,29.99,,,,,,,
"Jul 7, 10:15 am",70,57,64,W,10,8,,CLR,,29.85,29.99,,,,,,,
"Jul 7, 10:10 am",70,57,64,W,9,7,,CLR,,29.85,29.99,,,,,,,
"Jul 7, 10:05 am",70,57,64,WSW,6,7,,FEW021,,29.85,29.99,,,,,,,
"Jul 7, 10:00 am",70,57,64,W,7,7,,SCT021,,29.85,29.99,,,,,,,
"Jul 7, 9:59 am",69,58,68,WSW,8,7,,SCT021,,29.85,29.99,,,,,,,
"Jul 7, 9:55 am",70,57,64,W,6,7,,SCT021,,29.85,29.99,,,,,,,
"Jul 7, 9:53 am",69,58,68,WSW,9,7,,FEW009 BKN021,1015.4,29.85,29.99,,,,,,,
"Jul 7, 9:50 am",70,57,64,W,8,7,,FEW009 BKN021,,29.85,29.99,,,,,,,
"Jul 7, 9:45 am",70,57,64,WSW,9,7,,BKN021,,29.85,29.99,,,,,,,
"Jul 7, 9:40 am",68,57,68,W,8,7,,OVC021,,29.85,29.99,,,,,,,
"Jul 7, 9:35 am",68,57,68,W,9,7,,OVC021,,29.85,29.99,,,,,,,
"Jul 7, 9:30 am",68,57,68,W,8,7,,OVC021,,29.85,29.99,,,,,,,
"Jul 7, 9:25 am",70,57,64,WSW,8,7,,OVC021,,29.85,29.99,,,,,,,
"Jul 7, 9:20 am",70,57,64,WSW,8,7,,OVC021,,29.85,29.99,,,,,,,
"Jul 7, 9:15 am",70,57,64,WSW,5,7,,OVC020,,29.84,29.98,,,,,,,
"Jul 7, 9:10 am",68,57,68,N,0,6,Haze,OVC020,,29.84,29.98,,,,,,,
"Jul 7, 9:05 am",68,57,68,SSW,5,6,Haze,OVC020,,29.84,29.98,,,,,,,
"Jul 7, 9:00 am",66,57,73,ESE,5,6,Haze,OVC020,,29.84,29.98,,,,,,,
"Jul 7, 8:55 am",68,57,68,SE,6,6,Haze,OVC020,,29.84,29.98,,,,,,,
"Jul 7, 8:53 am",67,57,71,SE,6,6,Haze,FEW009 OVC019,1015.1,29.84,29.98,,,,,,,
"Jul 7, 8:50 am",66,57,73,S,5,6,Haze,FEW009 OVC019,,29.84,29.98,,,,,,,
"Jul 7, 8:45 am",66,57,73,N,0,6,Haze,FEW009 OVC019,,29.84,29.98,,,,,,,
"Jul 7, 8:40 am",66,57,73,SW,3,5,Haze,FEW009 OVC017,,29.84,29.98,,,,,,,
"Jul 7, 8:35 am",66,57,73,N,0,5,Haze,FEW009 OVC017,,29.84,29.98,,,,,,,
"Jul 7, 8:30 am",66,57,73,N,0,5,Haze,FEW009 OVC017,,29.84,29.98,,,,,,,
"Jul 7, 8:25 am",66,57,73,N,0,5,Haze,FEW009 OVC017,,29.84,29.98,,,,,,,
"Jul 7, 8:20 am",66,57,73,E,3,5,Haze,FEW009 OVC017,,29.84,29.98,,,,,,,
"Jul 7, 8:15 am",66,57,73,NW,3,5,Haze,FEW009 OVC017,,29.84,29.98,,,,,,,
"Jul 7, 8:10 am",66,57,73,E,3,5,Haze,FEW009 OVC017,,29.84,29.98,,,,,,,
"Jul 7, 8:05 am",66,57,73,N,0,5,Haze,FEW009 OVC017,,29.84,29.98,,,,,,,
"Jul 7, 8:04 am",66,57,73,ESE,3,5,Haze,FEW009 OVC017,,29.83,29.97,,,,,,,
"Jul 7, 8:00 am",66,57,73,N,0,5,Haze,FEW009 OVC017,,29.83,29.97,,,,,,,
"Jul 7, 7:55 am",64,57,77,N,3,5,Haze,FEW009 OVC014,,29.83,29.97,,,,,,,
"Jul 7, 7:53 am",65,57,76,,5,5,Haze,FEW009 OVC014,1014.7,29.83,29.97,,,,,,,
"Jul 7, 7:50 am",64,57,77,N,3,5,Haze,FEW009 OVC014,,29.83,29.97,,,,,,,
"Jul 7, 7:45 am",64,57,77,N,0,5,Haze,FEW009 OVC014,,29.83,29.97,,,,,,,
"Jul 7, 7:40 am",64,57,77,SSE,3,5,Haze,FEW009 OVC014,,29.83,29.97,,,,,,,
"Jul 7, 7:35 am",64,57,77,S,3,5,Haze,FEW009 OVC014,,29.83,29.97,,,,,,,
"Jul 7, 7:30 am",64,57,77,ESE,3,5,Haze,FEW009 OVC014,,29.83,29.97,,,,,,,
"Jul 7, 7:25 am",64,57,77,N,0,5,Haze,FEW009 OVC014,,29.83,29.97,,,,,,,
"Jul 7, 7:20 am",64,57,77,N,0,5,Haze,FEW009 OVC014,,29.82,29.96,,,,,,,
"Jul 7, 7:15 am",64,57,77,N,0,5,Haze,FEW009 OVC014,,29.82,29.96,,,,,,,
"Jul 7, 7:10 am",64,57,77,ENE,3,5,Haze,FEW009 OVC014,,29.82,29.96,,,,,,,
"Jul 7, 7:05 am",64,57,77,E,3,5,Haze,FEW009 OVC014,,29.82,29.96,,,,,,,
"Jul 7, 7:00 am",64,57,77,ENE,3,5,Haze,FEW009 OVC014,,29.82,29.96,,,,,,,
"Jul 7, 6:55 am",64,57,77,N,0,5,Haze,FEW009 OVC014,,29.81,29.95,,,,,,,
"Jul 7, 6:53 am",64,58,81,N,0,5,Haze,FEW009 OVC014,1014.1,29.81,29.95,,,,,,,
"Jul 7, 6:50 am",64,57,77,N,0,5,Haze,FEW009 OVC014,,29.81,29.95,,,,,,,
"Jul 7, 6:45 am",64,57,77,N,0,5,Haze,FEW009 OVC014,,29.81,29.95,,,,,,,
"Jul 7, 6:40 am",64,57,77,N,0,5,Haze,FEW009 OVC014,,29.81,29.95,,,,,,,
"Jul 7, 6:35 am",64,57,77,N,0,5,Haze,FEW009 OVC014,,29.81,29.95,,,,,,,
"Jul 7, 6:30 am",64,57,77,N,0,5,Haze,FEW009 OVC012,,29.81,29.95,,,,,,,
"Jul 7, 6:25 am",64,57,77,N,0,5,Haze,FEW009 OVC012,,29.81,29.95,,,,,,,
"Jul 7, 6:20 am",64,57,77,N,0,5,Haze,FEW009 OVC012,,29.81,29.95,,,,,,,
"Jul 7, 6:15 am",64,57,77,N,0,5,Haze,FEW009 OVC012,,29.8,29.94,,,,,,,
"Jul 7, 6:10 am",64,57,77,N,0,5,Haze,FEW009 OVC012,,29.81,29.95,,,,,,,
"Jul 7, 6:05 am",64,57,77,E,3,5,Haze,FEW009 OVC012,,29.8,29.94,,,,,,,
"Jul 7, 6:00 am",64,57,77,E,3,5,Haze,FEW009 OVC012,,29.8,29.94,,,,,,,
"Jul 7, 5:55 am",64,57,77,E,3,5,Haze,FEW009 OVC012,,29.8,29.94,,,,,,,
"Jul 7, 5:53 am",64,58,81,N,0,5,Haze,FEW009 OVC012,1013.6,29.8,29.94,,,,,,,
"Jul 7, 5:50 am",64,57,77,N,0,7,,FEW009 OVC012,,29.8,29.94,,,,,,,
"Jul 7, 5:45 am",64,57,77,N,0,7,,FEW009 OVC012,,29.8,29.94,,,,,,,
"Jul 7, 5:40 am",64,57,77,N,0,7,,FEW009 OVC012,,29.8,29.94,,,,,,,
"Jul 7, 5:35 am",64,57,77,N,0,7,,FEW009 OVC012,,29.8,29.94,,,,,,,
"Jul 7, 5:30 am",64,57,77,N,0,7,,FEW009 OVC012,,29.8,29.94,,,,,,,
"Jul 7, 5:25 am",64,57,77,N,0,7,,FEW009 OVC012,,29.79,29.93,,,,,,,
"Jul 7, 5:20 am",64,57,77,SW,3,7,,FEW009 OVC012,,29.79,29.93,,,,,,,
"Jul 7, 5:15 am",63,57,83,N,0,7,,OVC012,,29.79,29.93,,,,,,,
"Jul 7, 5:10 am",63,57,83,N,0,7,,OVC012,,29.8,29.94,,,,,,,
"Jul 7, 5:05 am",63,57,83,E,3,7,,OVC012,,29.79,29.93,,,,,,,
"Jul 7, 5:00 am",63,59,88,N,0,7,,OVC012,,29.79,29.93,,,,,,,
"Jul 7, 4:55 am",63,57,83,N,0,7,,OVC012,,29.79,29.93,,,,,,,
"Jul 7, 4:53 am",63,58,84,N,0,8,,FEW009 OVC011,1013.3,29.79,29.93,,,,63,62,,
"Jul 7, 4:50 am",63,59,88,N,0,8,,FEW009 OVC011,,29.79,29.93,,,,,,,
"Jul 7, 4:45 am",63,57,83,N,0,8,,FEW009 OVC011,,29.79,29.93,,,,,,,
"Jul 7, 4:40 am",63,57,83,N,0,9,,FEW009 OVC011,,29.79,29.93,,,,,,,
"Jul 7, 4:35 am",63,59,88,E,3,9,,FEW009 OVC011,,29.79,29.93,,,,,,,
"Jul 7, 4:30 am",63,57,83,N,0,8,,OVC012,,29.79,29.93,,,,,,,
"Jul 7, 4:25 am",63,59,88,ENE,3,8,,OVC011,,29.79,29.93,,,,,,,
"Jul 7, 4:20 am",63,57,83,E,3,8,,OVC011,,29.79,29.93,,,,,,,
"Jul 7, 4:15 am",63,59,88,ENE,3,7,,OVC011,,29.79,29.93,,,,,,,
"Jul 7, 4:10 am",63,59,88,N,0,7,,OVC011,,29.79,29.93,,,,,,,
"Jul 7, 4:05 am",63,59,88,N,0,8,,OVC011,,29.79,29.93,,,,,,,
"Jul 7, 4:00 am",63,59,88,N,0,7,,OVC011,,29.8,29.94,,,,,,,
"Jul 7, 3:55 am",63,59,88,SSE,3,8,,OVC011,,29.79,29.93,,,,,,,
"Jul 7, 3:53 am",63,59,87,SSE,5,10,,FEW008 OVC010,1013.4,29.79,29.93,,,,,,,
"Jul 7, 3:50 am",63,59,88,SSE,6,10,,FEW008 OVC010,,29.79,29.93,,,,,,,
"Jul 7, 3:45 am",63,59,88,SE,5,10,,FEW008 OVC010,,29.79,29.93,,,,,,,
"Jul 7, 3:40 am",63,59,88,SE,5,10,,FEW008 OVC010,,29.79,29.93,,,,,,,
"Jul 7, 3:35 am",63,59,88,SE,5,10,,FEW008 BKN010,,29.79,29.93,,,,,,,
"Jul 7, 3:30 am",63,59,88,SSE,5,10,,FEW008 BKN010,,29.79,29.93,,,,,,,
"Jul 7, 3:25 am",63,59,88,N,0,10,,FEW008 BKN010,,29.79,29.93,,,,,,,
"Jul 7, 3:20 am",63,59,88,N,0,10,,FEW008 BKN010,,29.79,29.93,,,,,,,
"Jul 7, 3:15 am",63,59,88,N,0,10,,FEW008 BKN010,,29.79,29.93,,,,,,,
"Jul 7, 3:10 am",63,59,88,N,0,10,,FEW008 BKN010,,29.79,29.93,,,,,,,
"Jul 7, 3:05 am",63,59,88,N,0,10,,FEW008 BKN010,,29.79,29.93,,,,,,,
"Jul 7, 3:00 am",63,59,88,N,0,10,,FEW008 BKN010,,29.79,29.93,,,,,,,
"Jul 7, 2:55 am",63,59,88,S,3,10,,FEW008 BKN010,,29.79,29.93,,,,,,,
"Jul 7, 2:53 am",63,59,87,N,0,10,,FEW008 BKN010,1013.3,29.79,29.93,,,,,,,
"Jul 7, 2:50 am",63,59,88,N,0,10,,FEW008 BKN010,,29.79,29.93,,,,,,,
"Jul 7, 2:45 am",63,59,88,S,3,10,,FEW008 BKN010,,29.79,29.93,,,,,,,
"Jul 7, 2:40 am",63,59,88,SW,3,10,,FEW008 BKN010,,29.79,29.93,,,,,,,
"Jul 7, 2:35 am",63,59,88,W,3,10,,FEW008 BKN010,,29.79,29.93,,,,,,,
"Jul 7, 2:30 am",63,59,88,SW,5,10,,FEW008 BKN010,,29.79,29.93,,,,,,,
"Jul 7, 2:25 am",63,59,88,WSW,5,10,,FEW008 BKN010,,29.79,29.93,,,,,,,
"Jul 7, 2:20 am",63,59,88,WSW,5,10,,FEW008 BKN011,,29.79,29.93,,,,,,,
"Jul 7, 2:15 am",63,59,88,WSW,5,10,,FEW008 BKN011,,29.79,29.93,,,,,,,
"Jul 7, 2:10 am",63,59,88,WSW,3,10,,FEW008 BKN011,,29.79,29.93,,,,,,,
"Jul 7, 2:05 am",63,59,88,WSW,5,10,,FEW008 BKN011,,29.8,29.94,,,,,,,
"Jul 7, 2:02 am",63,59,87,WSW,6,10,,FEW008 BKN011,,29.8,29.94,,,,,,,
"Jul 7, 2:00 am",63,59,88,WSW,5,10,,FEW008 SCT011,,29.8,29.94,,,,,,,
"Jul 7, 1:55 am",63,59,88,W,6,10,,FEW008 SCT011,,29.8,29.94,,,,,,,
"Jul 7, 1:53 am",63,59,87,W,6,10,,FEW008 SCT011,1013.6,29.8,29.94,,,,,,,
"Jul 7, 1:50 am",63,59,88,W,5,10,,FEW008 SCT011,,29.8,29.94,,,,,,,
"Jul 7, 1:45 am",63,59,88,WSW,5,10,,FEW009,,29.8,29.94,,,,,,,
"Jul 7, 1:40 am",63,59,88,WSW,6,10,,FEW009,,29.8,29.94,,,,,,,
"Jul 7, 1:35 am",63,59,88,W,6,10,,FEW009,,29.8,29.94,,,,,,,
"Jul 7, 1:30 am",63,59,88,WSW,6,10,,FEW009,,29.8,29.94,,,,,,,
"Jul 7, 1:25 am",63,59,88,WSW,7,10,,FEW009,,29.8,29.94,,,,,,,
"Jul 7, 1:20 am",63,57,83,W,6,10,,FEW009,,29.8,29.94,,,,,,,
"Jul 7, 1:15 am",63,57,83,WSW,7,10,,FEW009,,29.8,29.94,,,,,,,
"Jul 7, 1:10 am",63,57,83,W,5,10,,FEW009,,29.8,29.94,,,,,,,
"Jul 7, 1:05 am",63,59,88,WSW,6,10,,FEW009,,29.8,29.94,,,,,,,
"Jul 7, 1:00 am",63,59,88,WSW,6,10,,CLR,,29.8,29.94,,,,,,,
"Jul 7, 12:55 am",63,59,88,WSW,6,10,,CLR,,29.8,29.94,,,,,,,
"Jul 7, 12:53 am",62,59,90,WSW,5,10,,FEW009,1013.5,29.8,29.94,,,,,,71,61
"Jul 7, 12:50 am",63,59,88,WSW,6,10,,FEW009,,29.8,29.94,,,,,,,
"Jul 7, 12:45 am",63,59,88,WSW,6,10,,FEW009,,29.8,29.94,,,,,,,
"Jul 7, 12:40 am",63,59,88,WSW,7,10,,FEW009,,29.8,29.94,,,,,,,
"Jul 7, 12:35 am",63,57,83,SW,6,10,,FEW009,,29.8,29.94,,,,,,,
"Jul 7, 12:30 am",63,59,88,WSW,6,10,,FEW009,,29.8,29.94,,,,,,,
"Jul 7, 12:25 am",63,59,88,WSW,8,10,,FEW009,,29.8,29.94,,,,,,,
"Jul 7, 12:20 am",63,59,88,WSW,6,10,,FEW009,,29.8,29.94,,,,,,,
"Jul 7, 12:15 am",63,57,83,WSW,6,10,,FEW009,,29.8,29.94,,,,,,,
"Jul 7, 12:10 am",63,57,83,WSW,7,10,,FEW009,,29.8,29.94,,,,,,,
"Jul 7, 12:05 am",63,57,83,WSW,7,10,,CLR,,29.8,29.94,,,,,,,
"Jul 7, 12:00 am",63,59,88,WSW,7,10,,CLR,,29.8,29.94,,,,,,,
"Jul 6, 11:55 pm",63,57,83,WSW,8,10,,CLR,,29.8,29.94,,,,,,,
"Jul 6, 11:53 pm",63,58,84,WSW,8,10,,FEW009,1013.6,29.8,29.94,,,,,,,
"Jul 6, 11:50 pm",63,57,83,W,8,10,,FEW009,,29.8,29.94,,,,,,,
"Jul 6, 11:45 pm",63,57,83,WSW,8,10,,FEW009,,29.8,29.94,,,,,,,
"Jul 6, 11:40 pm",63,57,83,WSW,9,10,,FEW009,,29.8,29.94,,,,,,,
"Jul 6, 11:35 pm",63,59,88,WSW,8,10,,FEW009,,29.8,29.94,,,,,,,
"Jul 6, 11:30 pm",63,59,88,WSW,7,10,,FEW009,,29.8,29.94,,,,,,,
"Jul 6, 11:25 pm",63,57,83,WSW,7,10,,FEW009,,29.8,29.94,,,,,,,
"Jul 6, 11:20 pm",63,57,83,WSW,8,10,,FEW009,,29.8,29.94,,,,,,,
"Jul 6, 11:15 pm",63,59,88,WSW,8,10,,FEW009,,29.8,29.94,,,,,,,
"Jul 6, 11:10 pm",63,59,88,WSW,9,10,,FEW009,,29.8,29.94,,,,,,,
"Jul 6, 11:05 pm",63,59,88,WSW,8,10,,FEW009,,29.79,29.93,,,,,,,
"Jul 6, 11:00 pm",63,59,88,WSW,7,10,,FEW009,,29.8,29.94,,,,,,,
"Jul 6, 10:55 pm",63,57,83,WSW,9,10,,CLR,,29.8,29.94,,,,,,,
"Jul 6, 10:53 pm",63,58,84,WSW,9,10,,FEW009,1013.5,29.8,29.94,,,,70,63,,
"Jul 6, 10:50 pm",63,57,83,WSW,9,10,,FEW009,,29.8,29.94,,,,,,,
"Jul 6, 10:45 pm",63,57,83,WSW,9,10,,FEW009,,29.8,29.94,,,,,,,
"Jul 6, 10:40 pm",63,57,83,WSW,9,10,,FEW010,,29.8,29.94,,,,,,,
"Jul 6, 10:35 pm",63,57,83,WSW,9,10,,FEW010,,29.8,29.94,,,,,,,
"Jul 6, 10:30 pm",63,57,83,WSW,8,10,,FEW010,,29.8,29.94,,,,,,,
"Jul 6, 10:25 pm",63,57,83,SW,9,10,,FEW010,,29.8,29.94,,,,,,,
"Jul 6, 10:20 pm",63,57,83,SW,10,10,,FEW010,,29.79,29.93,,,,,,,
"Jul 6, 10:15 pm",63,57,83,WSW,10,10,,FEW010,,29.8,29.94,,,,,,,
"Jul 6, 10:10 pm",63,57,83,WSW,12,10,,FEW010,,29.79,29.93,,,,,,,
"Jul 6, 10:05 pm",63,59,88,W,12,10,,FEW010,,29.79,29.93,,,,,,,
"Jul 6, 10:00 pm",63,59,88,WSW,12,10,,FEW010,,29.79,29.93,,,,,,,
"Jul 6, 9:55 pm",64,59,83,WSW,12,10,,FEW010,,29.79,29.93,,,,,,,
"Jul 6, 9:53 pm",64,59,84,WSW,10,10,,FEW009,1013.3,29.79,29.93,,,,,,,
"Jul 6, 9:50 pm",64,59,83,W,10,10,,FEW009,,29.79,29.93,,,,,,,
"Jul 6, 9:48 pm",64,59,83,W,12,10,,FEW009,,29.79,29.93,,,,,,,
"Jul 6, 9:45 pm",64,59,83,W,12,10,,OVC009,,29.79,29.93,,,,,,,
"Jul 6, 9:40 pm",64,59,83,W,12,10,,BKN009,,29.79,29.93,,,,,,,
"Jul 6, 9:35 pm",64,59,83,WSW,13,10,,BKN008,,29.79,29.93,,,,,,,
"Jul 6, 9:30 pm",64,61,88,W,12,10,,BKN008,,29.79,29.92,,,,,,,
"Jul 6, 9:25 pm",64,61,88,W,13,10,,BKN008,,29.79,29.92,,,,,,,
"Jul 6, 9:20 pm",64,61,88,W,13,10,,BKN008,,29.79,29.92,,,,,,,
"Jul 6, 9:15 pm",64,61,88,W,14,10,,BKN008,,29.79,29.92,,,,,,,
"Jul 6, 9:10 pm",64,61,88,W,12,10,,BKN008,,29.79,29.92,,,,,,,
"Jul 6, 9:06 pm",64,60,87,W,12,10,,BKN008,,29.79,29.92,,,,,,,
"Jul 6, 9:05 pm",64,61,88,WSW,12,10,,BKN008,,29.79,29.92,,,,,,,
"Jul 6, 9:00 pm",64,61,88,WSW,12,10,,SCT008,,29.79,29.92,,,,,,,
"Jul 6, 8:55 pm",64,61,88,W,12,10,,SCT009,,29.79,29.92,,,,,,,
"Jul 6, 8:53 pm",65,60,84,W,10,10,,SCT009,1012.9,29.79,29.92,,,,,,,
"Jul 6, 8:50 pm",64,61,88,WSW,12,10,,SCT009,,29.79,29.92,,,,,,,
"Jul 6, 8:45 pm",64,61,88,W,10,10,,SCT009,,29.79,29.92,,,,,,,
"Jul 6, 8:40 pm",64,61,88,WSW,10,10,,FEW010,,29.79,29.92,,,,,,,
"Jul 6, 8:35 pm",64,61,88,WSW,12,10,,FEW010,,29.78,29.91,,,,,,,
"Jul 6, 8:30 pm",64,61,88,W,12,10,,FEW010,,29.78,29.91,,,,,,,
"Jul 6, 8:25 pm",64,61,88,W,12,10,,FEW010,,29.78,29.91,,,,,,,
"Jul 6, 8:20 pm",64,61,88,W,12,10,,FEW010,,29.78,29.91,,,,,,,
"Jul 6, 8:15 pm",64,61,88,WSW,12,10,,FEW010,,29.78,29.91,,,,,,,
"Jul 6, 8:10 pm",64,61,88,W,12,10,,FEW010,,29.78,29.91,,,,,,,
"Jul 6, 8:05 pm",64,61,88,W,13,10,,CLR,,29.78,29.91,,,,,,,
"Jul 6, 8:00 pm",64,61,88,WSW,14,10,,CLR,,29.78,29.91,,,,,,,
"Jul 6, 7:55 pm",64,61,88,W,14,10,,CLR,,29.78,29.91,,,,,,,
"Jul 6, 7:53 pm",65,60,84,WSW,13,10,,FEW012,1012.5,29.78,29.91,,,,,,,
"Jul 6, 7:50 pm",64,61,88,WSW,14,10,,FEW012,,29.78,29.91,,,,,,,
"Jul 6, 7:45 pm",66,61,83,WSW,15,10,,CLR,,29.78,29.91,,,,,,,
"Jul 6, 7:40 pm",66,61,83,WSW,15,10,,CLR,,29.77,29.9,,,,,,,
"Jul 6, 7:35 pm",66,61,83,W,14,10,,CLR,,29.77,29.9,,,,,,,
"Jul 6, 7:30 pm",66,59,78,W,13,10,,CLR,,29.77,29.9,,,,,,,
"Jul 6, 7:25 pm",66,59,78,W,13,10,,CLR,,29.77,29.9,,,,,,,
"Jul 6, 7:20 pm",66,57,73,W,14,10,,CLR,,29.77,29.9,,,,,,,
"Jul 6, 7:15 pm",66,59,78,W,13,10,,CLR,,29.78,29.91,,,,,,,
"Jul 6, 7:10 pm",66,61,83,WSW,13,10,,CLR,,29.78,29.91,,,,,,,
"Jul 6, 7:05 pm",66,61,83,WSW,14,10,,CLR,,29.78,29.91,,,,,,,
"Jul 6, 7:00 pm",66,61,83,WSW,14,10,,CLR,,29.77,29.9,,,,,,,
"Jul 6, 6:55 pm",66,61,83,W,15,10,,CLR,,29.78,29.91,,,,,,,
"Jul 6, 6:53 pm",67,60,79,WSW,14,10,,FEW012,1012.6,29.78,29.91,,,,,,,
"Jul 6, 6:50 pm",66,61,83,WSW,14,10,,FEW012,,29.78,29.91,,,,,,,
"Jul 6, 6:45 pm",68,61,78,WSW,14,10,,FEW012,,29.78,29.91,,,,,,,
"Jul 6, 6:40 pm",68,61,78,WSW,13,10,,FEW012,,29.78,29.91,,,,,,,
"Jul 6, 6:35 pm",68,61,78,WSW,13,10,,FEW012,,29.78,29.91,,,,,,,
"Jul 6, 6:30 pm",70,61,73,WSW,13,10,,FEW012,,29.77,29.9,,,,,,,
"Jul 6, 6:25 pm",70,61,73,WSW,12,10,,FEW012,,29.77,29.9,,,,,,,
"Jul 6, 6:20 pm",70,61,73,WSW,12,10,,FEW012,,29.77,29.9,,,,,,,
"Jul 6, 6:15 pm",70,61,73,WSW,13,10,,FEW012,,29.77,29.9,,,,,,,
"Jul 6, 6:10 pm",70,61,73,WSW,13,10,,FEW012,,29.77,29.9,,,,,,,
"Jul 6, 6:05 pm",70,61,73,WSW,14,10,,FEW012,,29.77,29.9,,,,,,,
"Jul 6, 6:00 pm",70,61,73,WSW,13,10,,CLR,,29.77,29.9,,,,,,,
"Jul 6, 5:55 pm",70,61,73,WSW,13,10,,CLR,,29.77,29.9,,,,,,,
"Jul 6, 5:53 pm",70,60,71,WSW,12,10,,FEW012,1012.4,29.77,29.9,,,,,,,
"Jul 6, 5:50 pm",70,61,73,WSW,13,10,,FEW012,,29.77,29.9,,,,,,,
"Jul 6, 5:45 pm",70,61,73,WSW,12,10,,CLR,,29.77,29.9,,,,,,,
"Jul 6, 5:40 pm",70,61,73,WSW,14,10,,CLR,,29.77,29.9,,,,,,,
"Jul 6, 5:35 pm",70,61,73,WSW,13,10,,CLR,,29.77,29.9,,,,,,,
"Jul 6, 5:30 pm",70,61,73,W,13,10,,CLR,,29.77,29.9,,,,,,,
"Jul 6, 5:25 pm",70,61,73,W,13,10,,CLR,,29.77,29.9,,,,,,,
"Jul 6, 5:20 pm",70,61,73,WSW,13,10,,CLR,,29.77,29.9,,,,,,,
"Jul 6, 5:15 pm",70,61,73,WSW,13,10,,CLR,,29.78,29.91,,,,,,,
"Jul 6, 5:10 pm",70,61,73,WSW,12,10,,CLR,,29.78,29.91,,,,,,,
"Jul 6, 5:05 pm",70,61,73,SW,12,10,,CLR,,29.78,29.91,,,,,,,
"Jul 6, 5:00 pm",70,61,73,WSW,13,10,,CLR,,29.78,29.91,,,,,,,
"Jul 6, 4:55 pm",70,61,73,WSW,12,10,,CLR,,29.79,29.92,,,,,,,
"Jul 6, 4:53 pm",70,60,71,WSW,10G18,10,,FEW012,1012.9,29.79,29.92,,,,71,69,,
"Jul 6, 4:50 pm",70,61,73,WSW,10,10,,FEW012,,29.79,29.92,,,,,,,
"Jul 6, 4:45 pm",70,59,69,WSW,10,10,,CLR,,29.79,29.92,,,,,,,
"Jul 6, 4:40 pm",70,59,69,W,9,10,,CLR,,29.79,29.92,,,,,,,
"Jul 6, 4:35 pm",70,59,69,WSW,10,10,,CLR,,29.79,29.92,,,,,,,
"Jul 6, 4:30 pm",70,61,73,WSW,10,10,,CLR,,29.79,29.92,,,,,,,
"Jul 6, 4:25 pm",70,59,69,WSW,10,10,,CLR,,29.79,29.92,,,,,,,
"Jul 6, 4:20 pm",70,59,69,W,13,10,,CLR,,29.79,29.93,,,,,,,
"Jul 6, 4:15 pm",70,59,69,WSW,13,9,,CLR,,29.79,29.93,,,,,,,
"Jul 6, 4:10 pm",70,59,69,WSW,12,9,,CLR,,29.79,29.93,,,,,,,
"Jul 6, 4:05 pm",70,59,69,WSW,14,10,,CLR,,29.79,29.93,,,,,,,
"Jul 6, 4:00 pm",70,59,69,W,15,10,,CLR,,29.79,29.93,,,,,,,
"Jul 6, 3:55 pm",72,59,65,WSW,14,10,,CLR,,29.79,29.93,,,,,,,
"Jul 6, 3:53 pm",71,59,66,WSW,14,10,,FEW012,1013.5,29.79,29.93,,,,,,,
"Jul 6, 3:50 pm",70,59,69,WSW,13,10,,CLR,,29.8,29.94,,,,,,,
"Jul 6, 3:45 pm",70,59,69,W,13,10,,CLR,,29.8,29.94,,,,,,,
"Jul 6, 3:40 pm",72,59,65,WSW,13,10,,CLR,,29.8,29.94,,,,,,,
"Jul 6, 3:35 pm",70,59,69,W,14,10,,CLR,,29.8,29.94,,,,,,,
"Jul 6, 3:30 pm",70,59,69,WSW,13,10,,CLR,,29.8,29.94,,,,,,,
"Jul 6, 3:25 pm",72,59,65,W,14,10,,CLR,,29.8,29.94,,,,,,,
"Jul 6, 3:20 pm",72,59,65,WSW,14,10,,CLR,,29.8,29.94,,,,,,,
"Jul 6, 3:15 pm",70,59,69,WSW,13G18,10,,CLR,,29.8,29.94,,,,,,,
"Jul 6, 3:10 pm",70,59,69,WSW,14,10,,CLR,,29.8,29.94,,,,,,,
"Jul 6, 3:05 pm",70,59,69,WSW,13,10,,CLR,,29.8,29.94,,,,,,,
"Jul 6, 3:00 pm",72,59,65,W,14,10,,CLR,,29.8,29.94,,,,,,,
"Jul 6, 2:55 pm",70,59,69,WSW,13,10,,CLR,,29.8,29.94,,,,,,,
"Jul 6, 2:53 pm",71,59,66,WSW,14,10,,CLR,1013.8,29.8,29.94,,,,,,,
"Jul 6, 2:50 pm",72,59,65,W,15G21,10,,CLR,,29.8,29.94,,,,,,,
"Jul 6, 2:45 pm",72,57,61,WSW,14,10,,CLR,,29.8,29.94,,,,,,,
"Jul 6, 2:40 pm",72,59,65,WSW,13,10,,CLR,,29.81,29.95,,,,,,,
"Jul 6, 2:35 pm",72,57,61,W,13,10,,CLR,,29.81,29.95,,,,,,,
"Jul 6, 2:30 pm",72,57,61,WSW,13,10,,CLR,,29.81,29.95,,,,,,,
"Jul 6, 2:25 pm",72,59,65,WSW,12,10,,CLR,,29.81,29.95,,,,,,,
"Jul 6, 2:20 pm",70,57,64,WSW,12,10,,CLR,,29.81,29.95,,,,,,,
"Jul 6, 2:15 pm",70,57,64,WSW,13,10,,CLR,,29.81,29.95,,,,,,,
"Jul 6, 2:10 pm",70,57,64,WSW,12,10,,CLR,,29.81,29.95,,,,,,,
"Jul 6, 2:05 pm",70,57,64,W,13,10,,CLR,,29.81,29.95,,,,,,,
"Jul 6, 2:00 pm",72,59,65,WSW,12G17,10,,CLR,,29.81,29.95,,,,,,,
"Jul 6, 1:55 pm",70,59,69,WSW,13,10,,CLR,,29.82,29.96,,,,,,,
"Jul 6, 1:53 pm",70,59,68,WSW,13,10,,FEW008,1014.3,29.82,29.96,,,,,,,
"Jul 6, 1:50 pm",70,59,69,WSW,13,10,,FEW008,,29.82,29.96,,,,,,,
"Jul 6, 1:45 pm",70,59,69,WSW,13,10,,FEW008,,29.82,29.96,,,,,,,
"Jul 6, 1:40 pm",72,59,65,WSW,13,10,,FEW009,,29.82,29.96,,,,,,,
"Jul 6, 1:35 pm",70,59,69,WSW,12,10,,FEW009,,29.82,29.96,,,,,,,
"Jul 6, 1:30 pm",70,59,69,W,13G18,10,,FEW009,,29.82,29.96,,,,,,,
"Jul 6, 1:25 pm",72,59,65,SW,12,10,,FEW009,,29.82,29.96,,,,,,,
"Jul 6, 1:20 pm",72,59,65,W,12,10,,FEW009,,29.82,29.96,,,,,,,
"Jul 6, 1:15 pm",70,59,69,WSW,13,10,,FEW009,,29.82,29.96,,,,,,,
"Jul 6, 1:10 pm",70,59,69,WSW,12,10,,FEW009,,29.82,29.96,,,,,,,
"Jul 6, 1:05 pm",70,59,69,WSW,13,10,,FEW009,,29.82,29.96,,,,,,,
"Jul 6, 1:00 pm",70,59,69,WSW,12G17,10,,FEW009,,29.82,29.96,,,,,,,
"Jul 6, 12:55 pm",70,59,69,WSW,12,10,,CLR,,29.82,29.96,,,,,,,
"Jul 6, 12:53 pm",70,59,68,WSW,12,10,,FEW009,1014.6,29.83,29.97,,,,,,,
"Jul 6, 12:50 pm",70,59,69,WSW,10G16,10,,FEW009,,29.83,29.97,,,,,,,
"Jul 6, 12:45 pm",70,59,69,WSW,10,10,,FEW009,,29.83,29.97,,,,,,,
"Jul 6, 12:43 pm",70,59,68,WSW,13,10,,FEW009,,29.83,29.97,,,,,,,
"Jul 6, 12:40 pm",70,59,69,WSW,10,10,,CLR,,29.83,29.97,,,,,,,
"Jul 6, 12:35 pm",70,59,69,W,10,10,,CLR,,29.83,29.97,,,,,,,
"Jul 6, 12:30 pm",70,59,69,WSW,9,10,,CLR,,29.83,29.97,,,,,,,
"Jul 6, 12:25 pm",70,59,69,W,13,10,,CLR,,29.83,29.97,,,,,,,
"Jul 6, 12:20 pm",70,59,69,WSW,12,10,,CLR,,29.83,29.97,,,,,,,
"Jul 6, 12:15 pm",70,59,69,WSW,12,10,,CLR,,29.83,29.97,,,,,,,
"Jul 6, 12:10 pm",70,59,69,WSW,12,10,,CLR,,29.83,29.97,,,,,,,
"Jul 6, 12:05 pm",70,59,69,SW,10,10,,CLR,,29.83,29.97,,,,,,,
"Jul 6, 12:00 pm",70,59,69,WSW,10,10,,CLR,,29.83,29.97,,,,,,,
"Jul 6, 11:55 am",70,59,69,W,9,10,,CLR,,29.83,29.97,,,,,,,
"Jul 6, 11:53 am",70,59,68,W,12,10,,CLR,1014.9,29.83,29.97,,,,,,,
"Jul 6, 11:50 am",70,59,69,WSW,8,10,,CLR,,29.83,29.97,,,,,,,
"Jul 6, 11:45 am",70,59,69,WSW,10,10,,CLR,,29.84,29.98,,,,,,,
"Jul 6, 11:40 am",70,59,69,SW,8,10,,CLR,,29.84,29.98,,,,,,,
"Jul 6, 11:35 am",70,59,69,W,9,10,,CLR,,29.84,29.98,,,,,,,
"Jul 6, 11:30 am",70,59,69,W,13,10,,CLR,,29.84,29.98,,,,,,,
"Jul 6, 11:25 am",70,59,69,SW,10,10,,CLR,,29.84,29.98,,,,,,,
"Jul 6, 11:20 am",72,59,65,SW,10,10,,CLR,,29.84,29.98,,,,,,,
"Jul 6, 11:15 am",72,59,65,W,10,10,,CLR,,29.84,29.98,,,,,,,
"Jul 6, 11:10 am",70,59,69,WSW,8,10,,CLR,,29.84,29.98,,,,,,,
"Jul 6, 11:05 am",72,59,65,WSW,10,10,,CLR,,29.84,29.98,,,,,,,
"Jul 6, 11:00 am",72,59,65,WSW,10,10,,CLR,,29.84,29.98,,,,,,,
"Jul 6, 10:55 am",70,59,69,SW,5,10,,CLR,,29.84,29.98,,,,,,,
"Jul 6, 10:53 am",70,59,68,SW,8,10,,FEW011,1015.1,29.84,29.98,,,,71,61,,
"Jul 6, 10:50 am",70,59,69,WSW,10,10,,FEW011,,29.84,29.98,,,,,,,
"Jul 6, 10:45 am",70,59,69,WSW,9,10,,FEW012,,29.84,29.98,,,,,,,
"Jul 6, 10:40 am",72,61,69,WSW,8,10,,FEW012,,29.84,29.98,,,,,,,
"Jul 6, 10:35 am",70,59,69,WSW,8,10,,FEW012,,29.84,29.98,,,,,,,
"Jul 6, 10:30 am",70,59,69,W,7,10,,FEW012,,29.84,29.98,,,,,,,
"Jul 6, 10:25 am",70,59,69,W,8,10,,FEW012,,29.85,29.99,,,,,,,
"Jul 6, 10:20 am",70,59,69,WSW,8,10,,FEW012,,29.85,29.99,,,,,,,
"Jul 6, 10:15 am",70,59,69,W,7,10,,FEW012,,29.85,29.99,,,,,,,
"Jul 6, 10:10 am",70,59,69,WSW,9,10,,FEW012,,29.85,29.99,,,,,,,
"Jul 6, 10:05 am",70,59,69,WSW,9,10,,FEW012,,29.85,29.99,,,,,,,
"Jul 6, 10:00 am",70,59,69,WSW,9,10,,FEW012,,29.85,29.99,,,,,,,
"Jul 6, 9:55 am",70,59,69,WSW,10,10,,FEW012,,29.85,29.99,,,,,,,
"Jul 6, 9:53 am",70,59,68,SW,9,10,,FEW012,1015.6,29.85,29.99,,,,,,,
"Jul 6, 9:50 am",70,59,69,SW,9,10,,FEW013,,29.85,29.99,,,,,,,
"Jul 6, 9:45 am",70,59,69,WSW,9,10,,FEW013,,29.85,29.99,,,,,,,
"Jul 6, 9:40 am",70,59,69,SW,9,10,,FEW013,,29.85,29.99,,,,,,,
"Jul 6, 9:35 am",70,59,69,WSW,9,10,,FEW013,,29.85,29.99,,,,,,,
"Jul 6, 9:30 am",70,59,69,SW,9,10,,FEW013,,29.85,29.99,,,,,,,
"Jul 6, 9:25 am",70,61,73,WSW,8,10,,FEW013,,29.85,29.99,,,,,,,
"Jul 6, 9:20 am",70,59,69,WSW,9,10,,FEW013,,29.85,29.99,,,,,,,
"Jul 6, 9:15 am",70,61,73,SSW,6,10,,FEW013,,29.85,29.99,,,,,,,
"Jul 6, 9:10 am",70,59,69,N,0,10,,CLR,,29.85,29.99,,,,,,,
"Jul 6, 9:05 am",68,59,73,S,3,10,,CLR,,29.85,29.99,,,,,,,
"Jul 6, 9:00 am",70,59,69,SSE,6,10,,CLR,,29.85,29.99,,,,,,,
"Jul 6, 8:55 am",68,59,73,SSW,5,10,,CLR,,29.85,29.99,,,,,,,
"Jul 6, 8:53 am",68,59,73,SSW,5,7,,FEW012,1015.4,29.85,29.99,,,,,,,
"Jul 6, 8:50 am",68,61,78,S,5,7,,FEW012,,29.85,29.99,,,,,,,
"Jul 6, 8:45 am",66,59,78,N,0,7,,FEW012,,29.85,29.99,,,,,,,
"Jul 6, 8:40 am",68,59,73,N,0,7,,SCT012,,29.85,29.99,,,,,,,
"Jul 6, 8:35 am",66,59,78,N,0,7,,SCT012,,29.85,29.99,,,,,,,
"Jul 6, 8:30 am",66,59,78,N,0,7,,SCT012,,29.85,29.99,,,,,,,
"Jul 6, 8:25 am",66,59,78,N,0,7,,SCT012,,29.85,29.99,,,,,,,
"Jul 6, 8:20 am",66,59,78,N,0,7,,SCT012,,29.85,29.99,,,,,,,
"Jul 6, 8:15 am",66,59,78,N,0,7,,SCT012,,29.85,29.99,,,,,,,
"Jul 6, 8:10 am",66,61,83,N,0,7,,SCT012,,29.85,29.99,,,,,,,
"Jul 6, 8:05 am",64,59,83,N,0,7,,SCT012,,29.85,29.99,,,,,,,
"Jul 6, 8:00 am",64,59,83,N,0,7,,SCT012,,29.85,29.99,,,,,,,
"Jul 6, 7:55 am",64,59,83,SE,3,7,,SCT011,,29.85,29.99,,,,,,,
"Jul 6, 7:53 am",65,59,81,ESE,3,7,,SCT011,1015.2,29.85,29.99,,,,,,,
"Jul 6, 7:50 am",64,61,88,N,0,7,,SCT011,,29.84,29.98,,,,,,,
"Jul 6, 7:45 am",64,61,88,N,0,6,Haze,SCT011,,29.85,29.99,,,,,,,
"Jul 6, 7:40 am",64,61,88,N,0,7,,SCT012,,29.85,29.99,,,,,,,
"Jul 6, 7:35 am",64,61,88,N,0,7,,SCT012,,29.85,29.99,,,,,,,
"Jul 6, 7:30 am",64,61,88,N,0,6,Mist,FEW011,,29.85,29.99,,,,,,,
"Jul 6, 7:25 am",64,61,88,N,0,6,Mist,FEW011,,29.85,29.99,,,,,,,
"Jul 6, 7:20 am",64,61,88,N,0,6,Mist,FEW011,,29.85,29.99,,,,,,,
"Jul 6, 7:15 am",64,61,88,SE,3,6,Mist,FEW011,,29.85,29.99,,,,,,,
"Jul 6, 7:10 am",64,61,88,NNW,3,6,Mist,FEW011,,29.85,29.99,,,,,,,
"Jul 6, 7:05 am",64,61,88,N,3,6,Mist,FEW011,,29.84,29.98,,,,,,,
"Jul 6, 7:00 am",64,61,88,N,5,6,Mist,FEW011,,29.84,29.98,,,,,,,
"Jul 6, 6:55 am",64,61,88,N,5,7,,CLR,,29.84,29.98,,,,,,,
"Jul 6, 6:53 am",64,60,87,N,3,6,Mist,SCT011,1015.1,29.84,29.98,,,,,,,
"Jul 6, 6:50 am",63,61,94,NNW,3,6,Mist,SCT011,,29.84,29.98,,,,,,,
"Jul 6, 6:45 am",63,61,94,N,3,8,,SCT011,,29.84,29.98,,,,,,,
"Jul 6, 6:40 am",63,61,94,N,0,8,,SCT011,,29.84,29.98,,,,,,,
"Jul 6, 6:35 am",63,61,94,N,0,7,,SCT011,,29.84,29.98,,,,,,,
"Jul 6, 6:30 am",63,61,94,N,0,7,,SCT011,,29.84,29.98,,,,,,,
"Jul 6, 6:25 am",63,61,94,N,0,7,,SCT011,,29.84,29.98,,,,,,,
"Jul 6, 6:20 am",63,61,94,NNW,3,7,,SCT011,,29.84,29.98,,,,,,,
"Jul 6, 6:15 am",63,61,94,N,3,6,Mist,SCT011,,29.84,29.98,,,,,,,
"Jul 6, 6:10 am",63,61,94,N,3,6,Mist,SCT011,,29.84,29.98,,,,,,,
"Jul 6, 6:05 am",63,59,88,N,3,6,Mist,SCT011,,29.84,29.98,,,,,,,
"Jul 6, 6:00 am",63,59,88,N,5,6,Mist,SCT011,,29.84,29.98,,,,,,,
"Jul 6, 5:55 am",63,59,88,N,5,6,Mist,SCT011,,29.84,29.98,,,,,,,
"Jul 6, 5:53 am",62,59,90,N,5,6,Mist,FEW010,1014.8,29.84,29.98,,,,,,,
"Jul 6, 5:50 am",63,59,88,N,5,7,,FEW010,,29.84,29.98,,,,,,,
"Jul 6, 5:45 am",63,59,88,NNW,6,7,,FEW010,,29.83,29.97,,,,,,,
"Jul 6, 5:40 am",63,59,88,NNE,5,8,,CLR,,29.83,29.97,,,,,,,
"Jul 6, 5:35 am",61,57,88,N,0,9,,CLR,,29.84,29.98,,,,,,,
"Jul 6, 5:30 am",61,57,88,N,0,9,,CLR,,29.83,29.97,,,,,,,
"Jul 6, 5:25 am",63,59,88,N,0,9,,CLR,,29.83,29.97,,,,,,,
"Jul 6, 5:20 am",63,59,88,NNE,3,9,,CLR,,29.83,29.97,,,,,,,
"Jul 6, 5:15 am",63,59,88,NNE,3,9,,CLR,,29.83,29.97,,,,,,,
"Jul 6, 5:10 am",63,59,88,NNE,3,9,,CLR,,29.83,29.97,,,,,,,
"Jul 6, 5:05 am",63,59,88,NNE,3,9,,CLR,,29.83,29.97,,,,,,,
"Jul 6, 5:00 am",63,59,88,N,3,10,,CLR,,29.83,29.97,,,,,,,
"Jul 6, 4:55 am",63,59,88,NNE,5,10,,CLR,,29.82,29.96,,,,,,,
"Jul 6, 4:53 am",62,59,90,NNE,5,10,,FEW010,1014.4,29.82,29.96,,,,64,62,,
"Jul 6, 4:50 am",63,59,88,N,5,10,,FEW010,,29.82,29.96,,,,,,,
"Jul 6, 4:45 am",63,57,83,NNE,5,10,,CLR,,29.82,29.96,,,,,,,
"Jul 6, 4:40 am",63,57,83,N,3,10,,CLR,,29.82,29.96,,,,,,,
"Jul 6, 4:35 am",63,57,83,N,3,10,,CLR,,29.83,29.97,,,,,,,
"Jul 6, 4:30 am",63,57,83,N,5,10,,CLR,,29.83,29.97,,,,,,,
"Jul 6, 4:25 am",63,57,83,N,3,10,,CLR,,29.83,29.97,,,,,,,
"Jul 6, 4:20 am",63,57,83,NNW,5,10,,CLR,,29.83,29.97,,,,,,,
"Jul 6, 4:15 am",63,59,88,NW,5,10,,CLR,,29.83,29.97,,,,,,,
"Jul 6, 4:10 am",63,59,88,N,3,10,,CLR,,29.83,29.97,,,,,,,
"Jul 6, 4:05 am",63,61,94,N,0,10,,CLR,,29.83,29.97,,,,,,,
"Jul 6, 4:00 am",63,61,94,N,0,10,,CLR,,29.83,29.97,,,,,,,
"Jul 6, 3:55 am",63,61,94,N,0,10,,CLR,,29.83,29.97,,,,,,,
"Jul 6, 3:53 am",63,60,90,N,0,10,,CLR,1014.6,29.83,29.97,,,,,,,
"Jul 6, 3:50 am",63,61,94,N,0,10,,CLR,,29.83,29.97,,,,,,,
"Jul 6, 3:45 am",63,61,94,N,0,10,,CLR,,29.83,29.97,,,,,,,
"Jul 6, 3:40 am",63,61,94,N,0,10,,CLR,,29.83,29.97,,,,,,,
"Jul 6, 3:35 am",63,61,94,N,0,10,,CLR,,29.83,29.97,,,,,,,
"Jul 6, 3:30 am",63,61,94,N,0,10,,CLR,,29.83,29.97,,,,,,,
"Jul 6, 3:25 am",63,61,94,S,3,10,,CLR,,29.83,29.97,,,,,,,
"Jul 6, 3:20 am",63,61,94,S,3,10,,CLR,,29.83,29.97,,,,,,,
"Jul 6, 3:15 am",63,61,94,S,3,10,,CLR,,29.83,29.97,,,,,,,
"Jul 6, 3:10 am",63,61,94,SSW,5,10,,CLR,,29.83,29.97,,,,,,,
"Jul 6, 3:05 am",63,61,94,N,0,10,,CLR,,29.83,29.97,,,,,,,
"Jul 6, 3:00 am",63,61,94,N,0,10,,CLR,,29.83,29.97,,,,,,,
"Jul 6, 2:55 am",63,61,94,N,0,10,,CLR,,29.83,29.97,,,,,,,
"Jul 6, 2:53 am",63,60,90,SSW,3,10,,CLR,1014.5,29.83,29.97,,,,,,,
"Jul 6, 2:50 am",63,61,94,SSW,3,10,,CLR,,29.83,29.97,,,,,,,
"Jul 6, 2:45 am",63,61,94,S,5,10,,CLR,,29.83,29.97,,,,,,,
"Jul 6, 2:40 am",63,61,94,S,5,10,,CLR,,29.83,29.97,,,,,,,
"Jul 6, 2:35 am",63,61,94,S,3,10,,CLR,,29.83,29.97,,,,,,,
"Jul 6, 2:30 am",63,61,94,S,3,10,,CLR,,29.83,29.97,,,,,,,
"Jul 6, 2:25 am",63,61,94,N,0,10,,CLR,,29.83,29.97,,,,,,,
"Jul 6, 2:20 am",63,61,94,N,0,10,,CLR,,29.83,29.97,,,,,,,
"Jul 6, 2:15 am",63,61,94,N,0,10,,CLR,,29.83,29.97,,,,,,,
"Jul 6, 2:10 am",63,61,94,N,0,10,,CLR,,29.83,29.97,,,,,,,
"Jul 6, 2:05 am",63,61,94,SSW,3,10,,CLR,,29.83,29.97,,,,,,,
"Jul 6, 2:00 am",63,61,94,N,0,10,,CLR,,29.83,29.97,,,,,,,
"Jul 6, 1:55 am",64,61,88,N,0,10,,CLR,,29.83,29.97,,,,,,,
"Jul 6, 1:53 am",64,60,87,N,0,10,,CLR,1014.7,29.83,29.97,,,,,,,
"Jul 6, 1:50 am",64,61,88,N,0,10,,CLR,,29.83,29.97,,,,,,,
"Jul 6, 1:45 am",63,61,94,S,3,10,,CLR,,29.84,29.98,,,,,,,
"Jul 6, 1:40 am",63,61,94,SW,3,10,,CLR,,29.84,29.98,,,,,,,
"Jul 6, 1:35 am",63,59,88,WSW,3,10,,CLR,,29.84,29.98,,,,,,,
"Jul 6, 1:30 am",64,59,83,N,0,10,,CLR,,29.84,29.98,,,,,,,
"Jul 6, 1:25 am",64,59,83,N,0,10,,CLR,,29.84,29.98,,,,,,,
"Jul 6, 1:20 am",64,59,83,WSW,3,10,,CLR,,29.84,29.98,,,,,,,
"Jul 6, 1:15 am",64,57,77,WSW,5,10,,CLR,,29.84,29.98,,,,,,,
"Jul 6, 1:10 am",64,57,77,WSW,5,10,,CLR,,29.84,29.98,,,,,,,
"Jul 6, 1:05 am",64,57,77,WSW,7,10,,CLR,,29.84,29.98,,,,,,,
"Jul 6, 1:00 am",63,57,83,WSW,6,10,,CLR,,29.84,29.98,,,,,,,
"Jul 6, 12:55 am",63,57,83,WSW,6,10,,CLR,,29.84,29.98,,,,,,,
"Jul 6, 12:53 am",63,58,84,W,5,10,,CLR,1015.1,29.84,29.98,,,,,,73,63
"Jul 6, 12:50 am",64,57,77,WSW,6,10,,CLR,,29.84,29.98,,,,,,,
"Jul 6, 12:45 am",64,59,83,SW,6,10,,CLR,,29.84,29.98,,,,,,,
"Jul 6, 12:40 am",64,57,77,SW,6,10,,CLR,,29.85,29.99,,,,,,,
"Jul 6, 12:35 am",63,57,83,WSW,7,10,,CLR,,29.85,29.99,,,,,,,
"Jul 6, 12:30 am",64,57,77,WSW,7,10,,CLR,,29.85,29.99,,,,,,,
"Jul 6, 12:25 am",63,57,83,WSW,7,10,,CLR,,29.85,29.99,,,,,,,
"Jul 6, 12:20 am",63,57,83,SW,6,10,,CLR,,29.85,29.99,,,,,,,
"Jul 6, 12:15 am",63,59,88,WSW,6,10,,CLR,,29.86,30,,,,,,,
"Jul 6, 12:10 am",64,59,83,WSW,3,10,,CLR,,29.86,30,,,,,,,
"Jul 6, 12:05 am",64,59,83,N,0,10,,CLR,,29.86,30,,,,,,,
"Jul 6, 12:00 am",64,59,83,N,0,10,,CLR,,29.86,30,,,,,,,
"Jul 5, 11:55 pm",64,59,83,S,3,10,,CLR,,29.86,30,,,,,,,
"Jul 5, 11:53 pm",64,59,84,,5,10,,CLR,1015.7,29.86,30,,,,,,,
"Jul 5, 11:50 pm",64,59,83,SSW,3,10,,CLR,,29.86,30,,,,,,,
"Jul 5, 11:45 pm",64,61,88,SSW,3,10,,CLR,,29.86,30,,,,,,,
"Jul 5, 11:40 pm",64,59,83,WSW,6,10,,CLR,,29.86,30,,,,,,,
"Jul 5, 11:35 pm",64,59,83,WSW,6,10,,CLR,,29.86,30,,,,,,,
"Jul 5, 11:30 pm",64,59,83,SW,5,10,,CLR,,29.86,30,,,,,,,
"Jul 5, 11:25 pm",64,59,83,WSW,5,10,,CLR,,29.86,30,,,,,,,
"Jul 5, 11:20 pm",64,59,83,SW,7,10,,CLR,,29.86,30,,,,,,,
"Jul 5, 11:15 pm",64,59,83,SW,7,10,,CLR,,29.86,30,,,,,,,
"Jul 5, 11:10 pm",64,59,83,SW,7,10,,CLR,,29.86,30,,,,,,,
"Jul 5, 11:05 pm",64,59,83,SW,7,10,,CLR,,29.87,30.01,,,,,,,
"Jul 5, 11:00 pm",64,59,83,SW,7,10,,CLR,,29.87,30.01,,,,,,,
"Jul 5, 10:55 pm",64,59,83,WSW,8,10,,CLR,,29.87,30.01,,,,,,,
"Jul 5, 10:53 pm",64,59,84,WSW,8,10,,CLR,1015.9,29.87,30.01,,,,72,64,,
"Jul 5, 10:50 pm",64,59,83,WSW,8,10,,CLR,,29.87,30.01,,,,,,,
"Jul 5, 10:45 pm",64,59,83,WSW,8,10,,CLR,,29.87,30.01,,,,,,,
"Jul 5, 10:40 pm",64,59,83,WSW,8,10,,CLR,,29.87,30.01,,,,,,,
"Jul 5, 10:35 pm",64,57,77,WSW,9,10,,CLR,,29.87,30.01,,,,,,,
"Jul 5, 10:30 pm",64,57,77,WSW,7,10,,CLR,,29.87,30.01,,,,,,,
"Jul 5, 10:25 pm",64,57,77,WSW,7,10,,CLR,,29.87,30.01,,,,,,,
"Jul 5, 10:20 pm",64,57,77,SW,7,10,,CLR,,29.87,30.01,,,,,,,
"Jul 5, 10:15 pm",64,57,77,SW,7,10,,CLR,,29.87,30.01,,,,,,,
"Jul 5, 10:10 pm",64,57,77,WSW,7,10,,CLR,,29.87,30.01,,,,,,,
"Jul 5, 10:05 pm",64,59,83,WSW,8,10,,CLR,,29.87,30.01,,,,,,,
"Jul 5, 10:00 pm",64,59,83,WSW,7,10,,CLR,,29.87,30.01,,,,,,,
"Jul 5, 9:55 pm",64,59,83,SW,7,10,,CLR,,29.87,30.01,,,,,,,
"Jul 5, 9:53 pm",64,59,84,WSW,7,10,,FEW010,1015.9,29.87,30.01,,,,,,,
"Jul 5, 9:50 pm",64,59,83,SW,8,10,,FEW010,,29.87,30.01,,,,,,,
"Jul 5, 9:45 pm",64,59,83,SW,8,10,,CLR,,29.87,30.01,,,,,,,
"Jul 5, 9:40 pm",64,59,83,WSW,8,10,,CLR,,29.86,30,,,,,,,
"Jul 5, 9:35 pm",64,59,83,WSW,7,10,,CLR,,29.86,30,,,,,,,
"Jul 5, 9:30 pm",64,59,83,SW,6,10,,CLR,,29.86,30,,,,,,,
"Jul 5, 9:25 pm",64,59,83,WSW,7,10,,CLR,,29.86,30,,,,,,,
"Jul 5, 9:20 pm",64,59,83,SW,8,10,,CLR,,29.86,30,,,,,,,
"Jul 5, 9:15 pm",64,59,83,WSW,8,10,,CLR,,29.86,30,,,,,,,
"Jul 5, 9:10 pm",64,57,77,WSW,10,10,,CLR,,29.86,30,,,,,,,
"Jul 5, 9:05 pm",64,57,77,WSW,9,10,,CLR,,29.86,30,,,,,,,
"Jul 5, 9:00 pm",64,57,77,W,10,10,,CLR,,29.86,30,,,,,,,
"Jul 5, 8:55 pm",64,59,83,WSW,8,10,,CLR,,29.86,30,,,,,,,
"Jul 5, 8:53 pm",65,59,81,WSW,7,10,,FEW010,1015.5,29.85,29.99,,,,,,,
"Jul 5, 8:50 pm",64,59,83,WSW,8,10,,FEW010,,29.85,29.99,,,,,,,
"Jul 5, 8:45 pm",64,59,83,W,9,10,,CLR,,29.85,29.99,,,,,,,
"Jul 5, 8:40 pm",64,59,83,WSW,10,10,,CLR,,29.85,29.99,,,,,,,
"Jul 5, 8:35 pm",64,59,83,W,9,10,,CLR,,29.85,29.99,,,,,,,
"Jul 5, 8:30 pm",64,57,77,WSW,9,10,,CLR,,29.85,29.99,,,,,,,
"Jul 5, 8:25 pm",64,59,83,WSW,10,10,,CLR,,29.85,29.99,,,,,,,
"Jul 5, 8:20 pm",64,59,83,WSW,9,10,,CLR,,29.85,29.99,,,,,,,
"Jul 5, 8:15 pm",64,59,83,WSW,10,10,,CLR,,29.85,29.99,,,,,,,
"Jul 5, 8:10 pm",64,59,83,WSW,10,10,,CLR,,29.85,29.99,,,,,,,
"Jul 5, 8:05 pm",64,59,83,WSW,12,10,,CLR,,29.85,29.99,,,,,,,
"Jul 5, 8:00 pm",64,59,83,WSW,10,10,,CLR,,29.85,29.99,,,,,,,
"Jul 5, 7:55 pm",66,61,83,WSW,10,10,,CLR,,29.85,29.99,,,,,,,
"Jul 5, 7:53 pm",66,60,81,SW,10,10,,FEW010,1015.4,29.85,29.99,,,,,,,
"Jul 5, 7:50 pm",66,61,83,SW,12,10,,FEW010,,29.85,29.99,,,,,,,
"Jul 5, 7:45 pm",66,59,78,WSW,13,10,,CLR,,29.85,29.99,,,,,,,
"Jul 5, 7:40 pm",66,61,83,WSW,12,10,,CLR,,29.85,29.99,,,,,,,
"Jul 5, 7:35 pm",66,59,78,WSW,13,10,,CLR,,29.85,29.99,,,,,,,
"Jul 5, 7:30 pm",66,61,83,WSW,14,10,,CLR,,29.85,29.99,,,,,,,
"Jul 5, 7:25 pm",66,61,83,WSW,13,10,,CLR,,29.85,29.99,,,,,,,
"Jul 5, 7:20 pm",66,61,83,WSW,13,10,,CLR,,29.85,29.99,,,,,,,
"Jul 5, 7:15 pm",68,61,78,WSW,14,10,,CLR,,29.85,29.99,,,,,,,
"Jul 5, 7:10 pm",68,61,78,WSW,14,10,,CLR,,29.85,29.99,,,,,,,
"Jul 5, 7:05 pm",68,61,78,WSW,12,10,,CLR,,29.86,30,,,,,,,
"Jul 5, 7:00 pm",68,61,78,W,14,10,,CLR,,29.86,30,,,,,,,
"Jul 5, 6:55 pm",68,61,78,W,15,10,,CLR,,29.86,30,,,,,,,
"Jul 5, 6:53 pm",68,60,76,W,15,10,,FEW010,1015.6,29.86,30,,,,,,,
"Jul 5, 6:50 pm",70,61,73,W,15,10,,FEW010,,29.86,30,,,,,,,
"Jul 5, 6:45 pm",68,61,78,W,14,10,,CLR,,29.86,30,,,,,,,
"Jul 5, 6:40 pm",70,61,73,W,15,10,,CLR,,29.86,30,,,,,,,
"Jul 5, 6:35 pm",70,61,73,W,15,10,,CLR,,29.85,29.99,,,,,,,
"Jul 5, 6:30 pm",70,61,73,W,15,10,,CLR,,29.85,29.99,,,,,,,
"Jul 5, 6:25 pm",70,61,73,W,16,10,,CLR,,29.85,29.99,,,,,,,
"Jul 5, 6:20 pm",70,61,73,WSW,16,10,,CLR,,29.85,29.99,,,,,,,
"Jul 5, 6:15 pm",70,61,73,W,16,10,,CLR,,29.85,29.99,,,,,,,
"Jul 5, 6:10 pm",70,59,69,W,15,10,,CLR,,29.86,30,,,,,,,
"Jul 5, 6:05 pm",70,59,69,W,16,10,,CLR,,29.86,30,,,,,,,
"Jul 5, 6:00 pm",70,61,73,WSW,15,10,,CLR,,29.85,29.99,,,,,,,
"Jul 5, 5:55 pm",70,61,73,W,16,10,,CLR,,29.86,30,,,,,,,
"Jul 5, 5:53 pm",70,60,71,WSW,16,10,,FEW010,1015.6,29.85,29.99,,,,,,,
"Jul 5, 5:50 pm",70,61,73,WSW,15,10,,CLR,,29.85,29.99,,,,,,,
"Jul 5, 5:45 pm",72,61,69,WSW,15,10,,CLR,,29.85,29.99,,,,,,,
"Jul 5, 5:40 pm",70,61,73,WSW,16,10,,CLR,,29.86,30,,,,,,,
"Jul 5, 5:35 pm",72,61,69,WSW,16,10,,CLR,,29.86,30,,,,,,,
"Jul 5, 5:30 pm",72,61,69,WSW,15,10,,CLR,,29.86,30,,,,,,,
"Jul 5, 5:25 pm",72,61,69,WSW,15,9,,CLR,,29.86,30,,,,,,,
"Jul 5, 5:20 pm",72,61,69,WSW,15,8,,CLR,,29.86,30,,,,,,,
"Jul 5, 5:15 pm",72,61,69,WSW,14,8,,CLR,,29.86,30,,,,,,,
"Jul 5, 5:10 pm",72,61,69,WSW,15,7,,CLR,,29.86,30,,,,,,,
"Jul 5, 5:05 pm",72,61,69,WSW,14,6,Haze,CLR,,29.86,30,,,,,,,
"Jul 5, 5:00 pm",72,61,69,W,14,5,Haze,CLR,,29.86,30,,,,,,,
"Jul 5, 4:55 pm",72,61,69,WSW,13,6,Haze,CLR,,29.86,30,,,,,,,
"Jul 5, 4:53 pm",72,61,68,W,14,6,Haze,FEW010,1015.8,29.86,30,,,,73,71,,
"Jul 5, 4:50 pm",72,61,69,WSW,13G18,6,Haze,FEW010,,29.86,30,,,,,,,
"Jul 5, 4:45 pm",72,61,69,WSW,14,6,Haze,CLR,,29.86,30,,,,,,,
"Jul 5, 4:40 pm",72,61,69,W,14G24,6,Haze,CLR,,29.86,30,,,,,,,
"Jul 5, 4:35 pm",72,61,69,W,15,7,,CLR,,29.86,30,,,,,,,
"Jul 5, 4:30 pm",72,61,69,WSW,14,7,,CLR,,29.86,30,,,,,,,
"Jul 5, 4:25 pm",72,61,69,WSW,14,8,,CLR,,29.86,30,,,,,,,
"Jul 5, 4:20 pm",72,61,69,WSW,14,8,,CLR,,29.87,30.01,,,,,,,
"Jul 5, 4:15 pm",72,61,69,WSW,15,8,,CLR,,29.87,30.01,,,,,,,
"Jul 5, 4:10 pm",72,61,69,W,14,8,,CLR,,29.87,30.01,,,,,,,
"Jul 5, 4:05 pm",72,61,69,W,15,8,,CLR,,29.87,30.01,,,,,,,
"Jul 5, 4:00 pm",72,61,69,W,15,8,,CLR,,29.87,30.01,,,,,,,
"Jul 5, 3:55 pm",72,61,69,WSW,14,8,,CLR,,29.88,30.02,,,,,,,
"Jul 5, 3:53 pm",72,61,68,W,15,8,,FEW010,1016.3,29.88,30.02,,,,,,,
"Jul 5, 3:50 pm",72,61,69,WSW,15,9,,CLR,,29.88,30.02,,,,,,,
"Jul 5, 3:45 pm",72,61,69,WSW,15,9,,CLR,,29.88,30.02,,,,,,,
"Jul 5, 3:40 pm",72,61,69,W,14,8,,CLR,,29.88,30.02,,,,,,,
"Jul 5, 3:35 pm",72,61,69,WSW,14,9,,CLR,,29.88,30.02,,,,,,,
"Jul 5, 3:30 pm",73,61,65,WSW,14,9,,CLR,,29.88,30.02,,,,,,,
"Jul 5, 3:25 pm",72,61,69,WSW,14,10,,CLR,,29.89,30.03,,,,,,,
"Jul 5, 3:20 pm",72,61,69,W,14,10,,CLR,,29.89,30.03,,,,,,,
"Jul 5, 3:15 pm",72,61,69,WSW,15,10,,CLR,,29.89,30.03,,,,,,,
"Jul 5, 3:10 pm",72,61,69,SW,15,10,,CLR,,29.89,30.03,,,,,,,
"Jul 5, 3:05 pm",72,61,69,WSW,14,10,,CLR,,29.89,30.03,,,,,,,
"Jul 5, 3:00 pm",72,61,69,WSW,14,10,,CLR,,29.89,30.03,,,,,,,
"Jul 5, 2:55 pm",72,61,69,WSW,14,10,,CLR,,29.89,30.03,,,,,,,
"Jul 5, 2:53 pm",72,60,66,W,14G24,10,,FEW010,1016.8,29.89,30.03,,,,,,,
"Jul 5, 2:50 pm",72,61,69,WSW,15,10,,FEW010,,29.89,30.03,,,,,,,
"Jul 5, 2:45 pm",72,61,69,WSW,15,10,,CLR,,29.89,30.03,,,,,,,
"Jul 5, 2:40 pm",72,61,69,WSW,14,10,,CLR,,29.89,30.03,,,,,,,
"Jul 5, 2:35 pm",73,61,65,W,12G17,10,,CLR,,29.89,30.03,,,,,,,
"Jul 5, 2:30 pm",73,61,65,W,14,10,,CLR,,29.89,30.03,,,,,,,
"Jul 5, 2:25 pm",73,61,65,W,14,10,,CLR,,29.9,30.04,,,,,,,
"Jul 5, 2:20 pm",72,61,69,W,13,10,,CLR,,29.9,30.04,,,,,,,
"Jul 5, 2:15 pm",73,61,65,W,14G21,10,,CLR,,29.9,30.04,,,,,,,
"Jul 5, 2:10 pm",73,61,65,W,14,10,,CLR,,29.91,30.05,,,,,,,
"Jul 5, 2:05 pm",72,61,69,WSW,14,10,,CLR,,29.91,30.05,,,,,,,
"Jul 5, 2:00 pm",72,61,69,WSW,10,10,,CLR,,29.91,30.05,,,,,,,
"Jul 5, 1:55 pm",73,61,65,W,13,10,,CLR,,29.91,30.05,,,,,,,
"Jul 5, 1:53 pm",73,60,64,W,12,10,,CLR,1017.4,29.91,30.05,,,,,,,
"Jul 5, 1:50 pm",72,61,69,W,13,10,,CLR,,29.91,30.05,,,,,,,
"Jul 5, 1:45 pm",73,61,65,WSW,12,10,,CLR,,29.91,30.05,,,,,,,
"Jul 5, 1:40 pm",73,61,65,W,12,10,,CLR,,29.91,30.05,,,,,,,
"Jul 5, 1:35 pm",73,61,65,W,12G18,10,,CLR,,29.91,30.05,,,,,,,
"Jul 5, 1:30 pm",73,61,65,WSW,12,9,,CLR,,29.91,30.05,,,,,,,
"Jul 5, 1:25 pm",73,61,65,WSW,10,10,,CLR,,29.91,30.05,,,,,,,
"Jul 5, 1:20 pm",72,61,69,WSW,10,10,,CLR,,29.91,30.05,,,,,,,
"Jul 5, 1:15 pm",72,61,69,WSW,12,10,,CLR,,29.92,30.06,,,,,,,
"Jul 5, 1:10 pm",73,61,65,WSW,13,10,,CLR,,29.92,30.06,,,,,,,
"Jul 5, 1:05 pm",73,61,65,WSW,12,10,,CLR,,29.92,30.06,,,,,,,
"Jul 5, 1:00 pm",73,61,65,W,10,10,,CLR,,29.92,30.06,,,,,,,
"Jul 5, 12:55 pm",73,61,65,WSW,10,10,,CLR,,29.92,30.06,,,,,,,
"Jul 5, 12:53 pm",73,60,64,W,12,10,,CLR,1017.7,29.92,30.06,,,,,,,
"Jul 5, 12:50 pm",72,61,69,W,12,10,,CLR,,29.92,30.06,,,,,,,
"Jul 5, 12:45 pm",72,61,69,W,10,10,,CLR,,29.92,30.06,,,,,,,
"Jul 5, 12:40 pm",72,61,69,W,9,10,,FEW015,,29.92,30.06,,,,,,,
"Jul 5, 12:35 pm",72,61,69,W,10,10,,FEW015,,29.92,30.06,,,,,,,
"Jul 5, 12:30 pm",72,61,69,W,9,10,,FEW015,,29.92,30.06,,,,,,,
"Jul 5, 12:25 pm",72,61,69,W,9,10,,FEW015,,29.92,30.06,,,,,,,
"Jul 5, 12:20 pm",72,61,69,WSW,10,10,,FEW015,,29.92,30.06,,,,,,,
"Jul 5, 12:15 pm",72,61,69,W,8,10,,FEW015,,29.92,30.06,,,,,,,
"Jul 5, 12:10 pm",72,61,69,W,12,10,,CLR,,29.92,30.06,,,,,,,
"Jul 5, 12:05 pm",72,61,69,WSW,12,10,,CLR,,29.93,30.07,,,,,,,
"Jul 5, 12:00 pm",72,61,69,WSW,9,10,,CLR,,29.93,30.07,,,,,,,
"Jul 5, 11:55 am",72,61,69,W,10,10,,CLR,,29.93,30.07,,,,,,,
"Jul 5, 11:53 am",72,60,66,W,10,10,,FEW015,1018.1,29.93,30.07,,,,,,,
"Jul 5, 11:50 am",72,61,69,W,12,10,,FEW015,,29.93,30.07,,,,,,,
"Jul 5, 11:45 am",72,61,69,WSW,8,10,,FEW015,,29.93,30.07,,,,,,,
"Jul 5, 11:40 am",72,61,69,W,10,10,,FEW015,,29.93,30.07,,,,,,,
"Jul 5, 11:35 am",72,61,69,W,10,10,,CLR,,29.93,30.07,,,,,,,
"Jul 5, 11:30 am",72,61,69,W,7,9,,CLR,,29.93,30.07,,,,,,,
"Jul 5, 11:25 am",72,61,69,W,7,8,,CLR,,29.93,30.07,,,,,,,
"Jul 5, 11:20 am",72,61,69,SW,8,8,,CLR,,29.93,30.07,,,,,,,
"Jul 5, 11:15 am",72,61,69,SW,8,9,,CLR,,29.93,30.07,,,,,,,
"Jul 5, 11:10 am",72,61,69,WSW,9,9,,CLR,,29.93,30.07,,,,,,,
"Jul 5, 11:05 am",72,61,69,W,9,9,,CLR,,29.94,30.08,,,,,,,
"Jul 5, 11:00 am",72,61,69,W,8,8,,CLR,,29.94,30.08,,,,,,,
"Jul 5, 10:55 am",72,61,69,W,9,9,,CLR,,29.94,30.08,,,,,,,
"Jul 5, 10:53 am",71,60,68,WSW,10,6,Haze,FEW015,1018.3,29.94,30.08,,,,73,63,,
"Jul 5, 10:50 am",72,61,69,SW,9,6,Haze,FEW015,,29.94,30.08,,,,,,,
"Jul 5, 10:45 am",72,61,69,WSW,9,8,,CLR,,29.94,30.08,,,,,,,
"Jul 5, 10:40 am",72,61,69,WSW,9,8,,CLR,,29.94,30.08,,,,,,,
"Jul 5, 10:35 am",72,61,69,WSW,9,7,,CLR,,29.93,30.07,,,,,,,
"Jul 5, 10:30 am",72,61,69,SW,9,7,,CLR,,29.93,30.07,,,,,,,
"Jul 5, 10:25 am",72,61,69,WSW,10,7,,CLR,,29.93,30.07,,,,,,,
"Jul 5, 10:20 am",72,61,69,SW,8,7,,CLR,,29.93,30.07,,,,,,,
"Jul 5, 10:15 am",72,61,69,WSW,9,8,,CLR,,29.93,30.07,,,,,,,
"Jul 5, 10:10 am",73,59,61,SSW,3,10,,CLR,,29.93,30.07,,,,,,,
"Jul 5, 10:05 am",72,59,65,SSE,6,9,,CLR,,29.93,30.07,,,,,,,
"Jul 5, 10:00 am",72,59,65,N,0,9,,CLR,,29.93,30.07,,,,,,,
"Jul 5, 9:55 am",72,59,65,N,0,9,,CLR,,29.93,30.07,,,,,,,
"Jul 5, 9:53 am",71,59,66,,3,6,Haze,FEW014,1018.2,29.93,30.07,,,,,,,
"Jul 5, 9:50 am",72,59,65,SW,3,6,Haze,FEW014,,29.93,30.07,,,,,,,
"Jul 5, 9:45 am",72,59,65,S,5,9,,CLR,,29.93,30.07,,,,,,,
"Jul 5, 9:40 am",70,59,69,N,0,9,,CLR,,29.93,30.07,,,,,,,
"Jul 5, 9:35 am",70,59,69,N,0,9,,CLR,,29.93,30.07,,,,,,,
"Jul 5, 9:30 am",70,59,69,SSE,5,8,,CLR,,29.93,30.07,,,,,,,
"Jul 5, 9:25 am",70,59,69,S,5,8,,CLR,,29.93,30.07,,,,,,,
"Jul 5, 9:20 am",70,59,69,N,0,7,,CLR,,29.93,30.07,,,,,,,
"Jul 5, 9:15 am",70,59,69,E,3,7,,CLR,,29.93,30.07,,,,,,,
"Jul 5, 9:10 am",68,59,73,E,3,6,Haze,FEW014,,29.93,30.07,,,,,,,
"Jul 5, 9:05 am",68,59,73,E,5,5,Haze,SCT013,,29.93,30.07,,,,,,,
"Jul 5, 9:02 am",67,60,79,,3,5,Haze,SCT013,,29.94,30.08,,,,,,,
"Jul 5, 9:00 am",66,61,83,N,0,6,Haze,BKN013,,29.94,30.08,,,,,,,
"Jul 5, 8:55 am",66,61,83,SE,3,6,Haze,BKN013,,29.94,30.08,,,,,,,
"Jul 5, 8:53 am",67,60,79,N,0,4,Haze,BKN012,1018.3,29.94,30.08,,,,,,,
"Jul 5, 8:50 am",68,61,78,N,0,6,Haze,BKN012,,29.94,30.08,,,,,,,
"Jul 5, 8:45 am",66,61,83,NW,3,6,Haze,OVC012,,29.94,30.08,,,,,,,
"Jul 5, 8:40 am",66,61,83,N,0,5,Haze,OVC011,,29.94,30.08,,,,,,,
"Jul 5, 8:35 am",66,61,83,N,0,5,Haze,OVC011,,29.93,30.07,,,,,,,
"Jul 5, 8:30 am",66,61,83,NE,5,3,Haze,BKN010,,29.93,30.07,,,,,,,
"Jul 5, 8:29 am",66,60,81,,5,3,Haze,BKN010,,29.93,30.07,,,,,,,
"Jul 5, 8:25 am",64,61,88,NE,3,2.5,Haze,OVC009,,29.94,30.08,,,,,,,
"Jul 5, 8:20 am",64,61,88,NE,5,2.5,Haze,OVC009,,29.93,30.07,,,,,,,
"Jul 5, 8:15 am",64,61,88,ENE,5,2.5,Haze,OVC009,,29.94,30.08,,,,,,,
"Jul 5, 8:10 am",64,61,88,N,0,2.5,Mist,OVC009,,29.93,30.07,,,,,,,
"Jul 5, 8:05 am",64,61,88,NNE,5,2.5,Mist,OVC009,,29.93,30.07,,,,,,,
"Jul 5, 8:00 am",64,61,88,NE,6,2.5,Mist,OVC009,,29.93,30.07,,,,,,,
"Jul 5, 7:55 am",64,59,83,SE,5,2.5,Haze,OVC009,,29.93,30.07,,,,,,,
"Jul 5, 7:53 am",64,60,87,ESE,6,2.5,Mist,OVC009,1018.2,29.93,30.07,,,,,,,
"Jul 5, 7:50 am",64,61,88,ESE,7,2.5,Mist,OVC009,,29.93,30.07,,,,,,,
"Jul 5, 7:45 am",64,61,88,ESE,7,2.5,Mist,OVC008,,29.93,30.07,,,,,,,
"Jul 5, 7:40 am",64,61,88,E,7,2.5,Mist,OVC008,,29.93,30.07,,,,,,,
"Jul 5, 7:35 am",64,59,83,N,0,2.5,Haze,OVC008,,29.93,30.07,,,,,,,
"Jul 5, 7:30 am",64,61,88,ENE,6,2.5,Mist,OVC008,,29.93,30.07,,,,,,,
"Jul 5, 7:25 am",64,61,88,E,3,2.5,Mist,OVC008,,29.93,30.07,,,,,,,
"Jul 5, 7:20 am",64,61,88,E,9,2.5,Mist,OVC008,,29.93,30.07,,,,,,,
"Jul 5, 7:15 am",63,61,94,E,6,2.5,Mist,OVC008,,29.93,30.07,,,,,,,
"Jul 5, 7:10 am",63,61,94,SE,5,2.5,Mist,OVC008,,29.93,30.07,,,,,,,
"Jul 5, 7:05 am",63,61,94,SE,6,2.5,Mist,OVC007,,29.93,30.07,,,,,,,
"Jul 5, 7:00 am",63,61,94,ESE,3,2,Mist,OVC007,,29.93,30.07,,,,,,,
"Jul 5, 6:55 am",63,61,94,N,0,2,Mist,OVC008,,29.93,30.07,,,,,,,
"Jul 5, 6:53 am",63,60,90,,5,2,Mist,OVC008,1017.9,29.93,30.07,,,,,,,
"Jul 5, 6:50 am",63,61,94,N,0,2,Mist,OVC008,,29.93,30.07,,,,,,,
"Jul 5, 6:45 am",63,61,94,E,7,2.5,Mist,OVC008,,29.92,30.06,,,,,,,
"Jul 5, 6:40 am",64,61,88,E,6,2,Mist,OVC008,,29.92,30.06,,,,,,,
"Jul 5, 6:35 am",63,61,94,E,6,2,Mist,OVC008,,29.92,30.06,,,,,,,
"Jul 5, 6:30 am",63,61,94,E,5,2,Mist,OVC008,,29.92,30.06,,,,,,,
"Jul 5, 6:25 am",63,61,94,SE,6,2,Mist,OVC008,,29.92,30.06,,,,,,,
"Jul 5, 6:20 am",63,61,94,ESE,5,2,Mist,OVC008,,29.92,30.06,,,,,,,
"Jul 5, 6:15 am",63,61,94,E,3,2,Mist,OVC009,,29.92,30.06,,,,,,,
"Jul 5, 6:10 am",64,61,88,ENE,6,2.5,Mist,OVC009,,29.92,30.06,,,,,,,
"Jul 5, 6:05 am",63,61,94,E,5,2.5,Mist,OVC009,,29.92,30.06,,,,,,,
"Jul 5, 6:02 am",63,59,87,E,3,2.5,Mist,OVC009,,29.92,30.06,,,,,,,
"Jul 5, 6:00 am",63,59,88,E,3,2.5,Mist,OVC010,,29.91,30.05,,,,,,,
"Jul 5, 5:55 am",64,59,83,ESE,7,3,Haze,OVC010,,29.91,30.05,,,,,,,
"Jul 5, 5:53 am",64,59,84,SE,8,3,Haze,OVC010,1017.4,29.91,30.05,,,,,,,
"Jul 5, 5:50 am",64,59,83,ESE,6,3,Haze,OVC010,,29.91,30.05,,,,,,,
"Jul 5, 5:45 am",63,59,88,SE,5,3,Mist,OVC009,,29.91,30.05,,,,,,,
"Jul 5, 5:40 am",63,59,88,SSE,3,3,Mist,OVC009,,29.91,30.05,,,,,,,
"Jul 5, 5:35 am",63,59,88,E,7,3,Mist,OVC009,,29.91,30.05,,,,,,,
"Jul 5, 5:30 am",63,59,88,ENE,6,3.5,Mist,OVC009,,29.91,30.05,,,,,,,
"Jul 5, 5:25 am",63,59,88,ESE,6,3.5,Mist,OVC009,,29.91,30.05,,,,,,,
"Jul 5, 5:20 am",63,59,88,E,6,3.5,Mist,OVC009,,29.91,30.05,,,,,,,
"Jul 5, 5:15 am",63,59,88,E,5,3.5,Mist,OVC009,,29.91,30.05,,,,,,,
"Jul 5, 5:10 am",63,59,88,E,6,4,Mist,OVC009,,29.91,30.05,,,,,,,
"Jul 5, 5:05 am",63,59,88,E,3,4,Mist,OVC009,,29.9,30.04,,,,,,,
"Jul 5, 5:00 am",63,59,88,ESE,5,4,Mist,OVC009,,29.9,30.04,,,,,,,
"Jul 5, 4:55 am",63,59,88,ESE,5,4,Mist,OVC009,,29.9,30.04,,,,,,,
"Jul 5, 4:53 am",63,59,87,N,0,4,Mist,OVC009,1017.1,29.9,30.04,,,,64,63,,
"Jul 5, 4:50 am",63,59,88,ENE,6,4,Mist,OVC009,,29.9,30.04,,,,,,,
"Jul 5, 4:45 am",63,59,88,E,3,5,Mist,OVC009,,29.9,30.04,,,,,,,
"Jul 5, 4:40 am",63,59,88,N,0,5,Mist,OVC009,,29.9,30.04,,,,,,,
"Jul 5, 4:35 am",63,59,88,ENE,5,5,Mist,OVC009,,29.9,30.04,,,,,,,
"Jul 5, 4:30 am",63,59,88,ENE,5,5,Mist,OVC009,,29.9,30.04,,,,,,,
"Jul 5, 4:25 am",63,59,88,ENE,3,5,Mist,OVC009,,29.9,30.04,,,,,,,
"Jul 5, 4:20 am",63,59,88,N,0,5,Mist,OVC009,,29.9,30.04,,,,,,,
"Jul 5, 4:15 am",63,59,88,E,5,5,Mist,OVC009,,29.89,30.03,,,,,,,
"Jul 5, 4:10 am",63,59,88,N,0,6,Mist,OVC009,,29.9,30.04,,,,,,,
"Jul 5, 4:05 am",63,59,88,N,0,7,,OVC009,,29.89,30.03,,,,,,,
"Jul 5, 4:00 am",63,59,88,N,0,9,,OVC009,,29.9,30.04,,,,,,,
"Jul 5, 3:55 am",63,61,94,N,0,10,,OVC009,,29.89,30.03,,,,,,,
"Jul 5, 3:53 am",63,60,90,N,0,10,,BKN009,1016.8,29.89,30.03,,,,,,,
"Jul 5, 3:50 am",63,59,88,N,0,9,,SCT011,,29.89,30.03,,,,,,,
"Jul 5, 3:45 am",63,59,88,N,0,10,,SCT011,,29.89,30.03,,,,,,,
"Jul 5, 3:40 am",63,59,88,N,0,10,,SCT011,,29.89,30.03,,,,,,,
"Jul 5, 3:35 am",63,59,88,N,0,10,,SCT011,,29.9,30.04,,,,,,,
"Jul 5, 3:30 am",63,59,88,N,0,10,,SCT011,,29.9,30.04,,,,,,,
"Jul 5, 3:25 am",63,59,88,N,0,10,,SCT011,,29.9,30.04,,,,,,,
"Jul 5, 3:20 am",63,59,88,NW,3,10,,FEW011,,29.9,30.04,,,,,,,
"Jul 5, 3:15 am",63,59,88,N,0,10,,CLR,,29.9,30.04,,,,,,,
"Jul 5, 3:10 am",63,59,88,N,0,10,,CLR,,29.89,30.03,,,,,,,
"Jul 5, 3:05 am",63,59,88,N,3,10,,CLR,,29.9,30.04,,,,,,,
"Jul 5, 3:00 am",63,59,88,N,3,10,,CLR,,29.9,30.04,,,,,,,
"Jul 5, 2:55 am",63,59,88,NNW,3,10,,CLR,,29.9,30.04,,,,,,,
"Jul 5, 2:53 am",63,59,87,NNW,3,9,,FEW010,1017,29.9,30.04,,,,,,,
"Jul 5, 2:50 am",63,59,88,NNW,3,9,,SCT010,,29.9,30.04,,,,,,,
"Jul 5, 2:45 am",63,59,88,N,3,10,,CLR,,29.9,30.04,,,,,,,
"Jul 5, 2:40 am",63,59,88,N,0,10,,CLR,,29.9,30.04,,,,,,,
"Jul 5, 2:35 am",63,59,88,N,3,10,,CLR,,29.9,30.04,,,,,,,
"Jul 5, 2:30 am",63,59,88,N,3,10,,CLR,,29.9,30.04,,,,,,,
"Jul 5, 2:25 am",63,59,88,N,3,10,,CLR,,29.9,30.04,,,,,,,
"Jul 5, 2:20 am",63,59,88,NW,3,10,,CLR,,29.9,30.04,,,,,,,
"Jul 5, 2:15 am",63,59,88,NNW,3,10,,CLR,,29.9,30.04,,,,,,,
"Jul 5, 2:10 am",63,59,88,NW,3,10,,CLR,,29.9,30.04,,,,,,,
"Jul 5, 2:05 am",63,59,88,N,0,10,,CLR,,29.9,30.04,,,,,,,
"Jul 5, 2:00 am",63,59,88,NW,5,10,,CLR,,29.9,30.04,,,,,,,
"Jul 5, 1:59 am",63,59,87,NW,5,10,,CLR,,29.9,30.04,,,,,,,
"Jul 5, 1:55 am",63,59,88,NNW,3,10,,CLR,,29.9,30.04,,,,,,,
"Jul 5, 1:53 am",63,59,87,NNW,5,10,,BKN009,1017.1,29.9,30.04,,,,,,,
"Jul 5, 1:50 am",63,59,88,NW,5,10,,BKN009,,29.9,30.04,,,,,,,
"Jul 5, 1:45 am",63,59,88,NW,3,10,,BKN009,,29.91,30.05,,,,,,,
"Jul 5, 1:40 am",64,59,83,,,10,,BKN009,,29.9,30.04,,,,,,,
"Jul 5, 1:35 am",63,59,88,NW,6,10,,BKN009,,29.9,30.04,,,,,,,
"Jul 5, 1:30 am",63,59,88,W,5,10,,BKN009,,29.91,30.05,,,,,,,
"Jul 5, 1:25 am",63,59,88,NW,3,10,,BKN009,,29.91,30.05,,,,,,,
"Jul 5, 1:20 am",63,59,88,WNW,6,10,,BKN009,,29.9,30.04,,,,,,,
"Jul 5, 1:15 am",63,59,88,WSW,3,10,,BKN009,,29.9,30.04,,,,,,,
"Jul 5, 1:10 am",63,59,88,W,3,10,,BKN009,,29.91,30.05,,,,,,,
"Jul 5, 1:05 am",63,61,94,WSW,3,10,,BKN009,,29.91,30.05,,,,,,,
"Jul 5, 1:00 am",63,61,94,WSW,3,10,,BKN009,,29.91,30.05,,,,,,,
"Jul 5, 12:55 am",63,61,94,WSW,3,10,,BKN009,,29.91,30.05,,,,,,,
"Jul 5, 12:53 am",63,60,90,WSW,3,8,,BKN009,1017.2,29.91,30.05,,,,,,74,62
"Jul 5, 12:50 am",63,61,94,N,0,8,,BKN009,,29.91,30.05,,,,,,,
"Jul 5, 12:45 am",63,61,94,SSW,3,8,,BKN009,,29.91,30.05,,,,,,,
"Jul 5, 12:40 am",63,61,94,SSW,5,8,,BKN009,,29.91,30.05,,,,,,,
"Jul 5, 12:35 am",64,61,88,SW,5,8,,BKN009,,29.91,30.05,,,,,,,
"Jul 5, 12:34 am",64,60,87,SW,5,8,,BKN009,,29.91,30.05,,,,,,,
"Jul 5, 12:30 am",64,61,88,N,0,8,,BKN009,,29.91,30.05,,,,,,,
"Jul 5, 12:25 am",64,61,88,SW,3,10,,SCT010,,29.91,30.05,,,,,,,
"Jul 5, 12:20 am",63,61,94,N,0,9,,SCT010,,29.91,30.05,,,,,,,
"Jul 5, 12:15 am",63,61,94,SSW,3,9,,SCT010,,29.91,30.05,,,,,,,
"Jul 5, 12:10 am",63,61,94,N,0,10,,SCT010,,29.91,30.05,,,,,,,
"Jul 5, 12:05 am",63,61,94,SSW,3,10,,BKN010,,29.91,30.05,,,,,,,
"Jul 5, 12:00 am",63,61,94,SSW,3,10,,SCT010,,29.91,30.05,,,,,,,
"Jul 4, 11:55 pm",63,59,88,SSW,5,10,,FEW010,,29.91,30.05,,,,,,,
"Jul 4, 11:53 pm",63,59,87,WSW,3,7,,FEW006,1017.2,29.91,30.05,,,,,,,
"Jul 4, 11:50 pm",63,61,94,N,0,7,,FEW006,,29.91,30.05,,,,,,,
"Jul 4, 11:45 pm",63,59,88,WSW,3,10,,CLR,,29.91,30.05,,,,,,,
"Jul 4, 11:40 pm",63,59,88,WSW,5,10,,CLR,,29.91,30.05,,,,,,,
"Jul 4, 11:35 pm",63,59,88,SW,5,10,,CLR,,29.91,30.05,,,,,,,
"Jul 4, 11:30 pm",63,59,88,SW,5,10,,CLR,,29.91,30.05,,,,,,,
"Jul 4, 11:25 pm",63,59,88,WSW,6,9,,CLR,,29.91,30.05,,,,,,,
"Jul 4, 11:20 pm",63,59,88,WSW,6,9,,CLR,,29.9,30.04,,,,,,,
"Jul 4, 11:15 pm",63,61,94,WSW,5,9,,CLR,,29.9,30.04,,,,,,,
"Jul 4, 11:10 pm",63,61,94,WSW,5,9,,CLR,,29.9,30.04,,,,,,,
"Jul 4, 11:05 pm",63,61,94,WSW,7,10,,CLR,,29.9,30.04,,,,,,,
"Jul 4, 11:00 pm",63,61,94,WSW,5,10,,CLR,,29.9,30.04,,,,,,,
"Jul 4, 10:55 pm",63,61,94,SW,6,10,,CLR,,29.9,30.04,,,,,,,
"Jul 4, 10:53 pm",63,60,90,SW,6,7,,SCT006,1017,29.9,30.04,,,,71,62,,
"Jul 4, 10:50 pm",63,61,94,SW,7,7,,SCT006,,29.9,30.04,,,,,,,
"Jul 4, 10:45 pm",63,61,94,SW,6,10,,BKN006,,29.9,30.04,,,,,,,
"Jul 4, 10:40 pm",63,61,94,WSW,6,10,,BKN006,,29.9,30.04,,,,,,,
"Jul 4, 10:35 pm",63,61,94,WSW,7,10,,BKN006,,29.9,30.04,,,,,,,
"Jul 4, 10:30 pm",63,61,94,WSW,8,10,,BKN006,,29.9,30.04,,,,,,,
"Jul 4, 10:25 pm",63,61,94,W,7,10,,BKN006,,29.9,30.04,,,,,,,
"Jul 4, 10:20 pm",63,61,94,W,7,10,,BKN006,,29.9,30.04,,,,,,,
"Jul 4, 10:15 pm",63,61,94,W,5,10,,BKN007,,29.9,30.04,,,,,,,
"Jul 4, 10:10 pm",63,61,94,SW,7,9,,OVC007,,29.9,30.04,,,,,,,
"Jul 4, 10:05 pm",63,61,94,SW,6,8,,OVC006,,29.9,30.04,,,,,,,
"Jul 4, 10:00 pm",63,61,94,WSW,7,7,,OVC006,,29.9,30.04,,,,,,,
"Jul 4, 9:55 pm",63,59,88,WSW,7,7,,OVC006,,29.9,30.04,,,,,,,
"Jul 4, 9:53 pm",62,59,90,WSW,7,5,Mist,BKN006,1016.8,29.89,30.03,,,,,,,
"Jul 4, 9:50 pm",63,61,94,WSW,7,5,Mist,BKN006,,29.89,30.03,,,,,,,
"Jul 4, 9:45 pm",63,61,94,WSW,8,5,Mist,OVC006,,29.89,30.03,,,,,,,
"Jul 4, 9:40 pm",63,61,94,WSW,8,5,Mist,OVC006,,29.89,30.03,,,,,,,
"Jul 4, 9:35 pm",62,60,93,WSW,7,5,Mist,OVC005,,29.89,30.03,,,,,,,
"Jul 4, 9:30 pm",63,61,94,SW,9,5,Mist,OVC005,,29.89,30.03,,,,,,,
"Jul 4, 9:25 pm",63,61,94,WSW,7,3,Mist,OVC005,,29.89,30.03,,,,,,,
"Jul 4, 9:20 pm",63,61,94,SW,7,3,Mist,OVC004,,29.88,30.02,,,,,,,
"Jul 4, 9:15 pm",63,61,94,WSW,8,3,Mist,OVC003,,29.88,30.02,,,,,,,
"Jul 4, 9:13 pm",62,60,93,WSW,7,3,Mist,OVC003,,29.88,30.02,,,,,,,
"Jul 4, 9:10 pm",63,61,94,SW,9,2.5,Mist,OVC003,,29.88,30.02,,,,,,,
"Jul 4, 9:05 pm",63,61,94,W,7,2.5,Mist,OVC003,,29.88,30.02,,,,,,,
"Jul 4, 9:00 pm",63,61,94,SW,9,2.5,Mist,OVC003,,29.88,30.02,,,,,,,
"Jul 4, 8:55 pm",63,61,94,SW,7,2.5,Mist,OVC003,,29.88,30.02,,,,,,,
"Jul 4, 8:53 pm",62,60,93,WSW,6,2.5,Mist,OVC003,1016.2,29.88,30.02,,,,,,,
"Jul 4, 8:50 pm",63,61,94,SW,10G16,2.5,Mist,OVC003,,29.88,30.02,,,,,,,
"Jul 4, 8:45 pm",63,61,94,WSW,9,2.5,Mist,OVC003,,29.88,30.02,,,,,,,
"Jul 4, 8:40 pm",63,61,94,W,10,2.5,Mist,OVC003,,29.87,30.01,,,,,,,
"Jul 4, 8:35 pm",63,61,94,W,12,2.5,Mist,OVC003,,29.87,30.01,,,,,,,
"Jul 4, 8:30 pm",63,61,94,W,10,2.5,Mist,OVC003,,29.87,30.01,,,,,,,
"Jul 4, 8:25 pm",63,61,94,WSW,10,2.5,Mist,OVC002,,29.87,30.01,,,,,,,
"Jul 4, 8:20 pm",63,61,94,W,12,2.5,Mist,OVC003,,29.87,30.01,,,,,,,
"Jul 4, 8:18 pm",63,60,90,W,12,2.5,Mist,OVC003,,29.87,30.01,,,,,,,
"Jul 4, 8:15 pm",63,61,94,WSW,12,4,Mist,OVC002,,29.86,30,,,,,,,
"Jul 4, 8:10 pm",63,61,94,WSW,9,4,Mist,OVC002,,29.86,30,,,,,,,
"Jul 4, 8:05 pm",63,61,94,WSW,9,4,Mist,OVC003,,29.86,30,,,,,,,
"Jul 4, 8:00 pm",63,61,94,WSW,12,4,Mist,OVC004,,29.86,30,,,,,,,
"Jul 4, 7:55 pm",63,61,94,WSW,13,7,,OVC003,,29.86,30,,,,,,,
"Jul 4, 7:53 pm",63,60,90,W,12,4,Mist,OVC003,1015.7,29.86,30,,,,,,,
"Jul 4, 7:50 pm",63,61,94,WSW,10,6,Mist,OVC004,,29.86,30,,,,,,,
"Jul 4, 7:45 pm",64,61,88,WSW,9,6,Mist,OVC004,,29.86,30,,,,,,,
"Jul 4, 7:40 pm",64,61,88,W,12,6,Mist,OVC004,,29.86,30,,,,,,,
"Jul 4, 7:35 pm",64,61,88,WSW,10,6,Mist,OVC004,,29.86,30,,,,,,,
"Jul 4, 7:34 pm",64,60,87,WSW,10,6,Mist,OVC004,,29.86,30,,,,,,,
"Jul 4, 7:30 pm",64,61,88,WSW,12,6,Mist,BKN005,,29.86,30,,,,,,,
"Jul 4, 7:25 pm",64,61,88,WSW,10,6,Mist,BKN005,,29.86,30,,,,,,,
"Jul 4, 7:20 pm",64,61,88,W,12,7,,BKN006,,29.86,30,,,,,,,
"Jul 4, 7:15 pm",64,61,88,WSW,12,7,,BKN006,,29.86,30,,,,,,,
"Jul 4, 7:13 pm",65,61,87,WSW,12,7,,BKN006,,29.86,30,,,,,,,
"Jul 4, 7:10 pm",64,61,88,W,12,10,,SCT007,,29.86,30,,,,,,,
"Jul 4, 7:05 pm",66,61,83,W,15,10,,SCT007,,29.86,30,,,,,,,
"Jul 4, 7:00 pm",66,61,83,W,15,10,,SCT008,,29.86,30,,,,,,,
"Jul 4, 6:55 pm",66,61,83,W,15,10,,SCT008,,29.86,30,,,,,,,
"Jul 4, 6:53 pm",67,61,81,W,13,10,,SCT008,1015.5,29.85,29.99,,,,,,,
"Jul 4, 6:50 pm",66,61,83,W,15,10,,FEW009,,29.85,29.99,,,,,,,
"Jul 4, 6:45 pm",66,61,83,WSW,15,10,,FEW009,,29.85,29.99,,,,,,,
"Jul 4, 6:40 pm",68,61,78,W,15,10,,FEW009,,29.85,29.99,,,,,,,
"Jul 4, 6:35 pm",68,61,78,W,15,10,,FEW009,,29.85,29.99,,,,,,,
"Jul 4, 6:30 pm",68,61,78,W,16G22,10,,FEW009,,29.85,29.99,,,,,,,
"Jul 4, 6:25 pm",68,61,78,W,15,10,,FEW009,,29.85,29.99,,,,,,,
"Jul 4, 6:20 pm",68,61,78,WSW,15,10,,FEW009,,29.85,29.99,,,,,,,
"Jul 4, 6:15 pm",68,61,78,W,17,10,,FEW009,,29.85,29.99,,,,,,,
"Jul 4, 6:10 pm",70,61,73,W,16,10,,FEW009,,29.85,29.99,,,,,,,
"Jul 4, 6:05 pm",70,61,73,W,16,10,,FEW009,,29.85,29.99,,,,,,,
"Jul 4, 6:00 pm",70,61,73,W,16,10,,FEW009,,29.85,29.99,,,,,,,
"Jul 4, 5:55 pm",70,61,73,W,17,10,,FEW009,,29.85,29.99,,,,,,,
"Jul 4, 5:53 pm",70,61,73,WSW,15,10,,FEW009,1015.5,29.85,29.99,,,,,,,
"Jul 4, 5:50 pm",70,61,73,W,15,10,,FEW009,,29.85,29.99,,,,,,,
"Jul 4, 5:45 pm",70,61,73,WSW,15,10,,FEW009,,29.85,29.99,,,,,,,
"Jul 4, 5:40 pm",70,61,73,WSW,14G20,10,,FEW009,,29.86,30,,,,,,,
"Jul 4, 5:35 pm",70,61,73,WSW,14,10,,FEW009,,29.86,30,,,,,,,
"Jul 4, 5:30 pm",70,61,73,W,15,10,,FEW009,,29.86,30,,,,,,,
"Jul 4, 5:25 pm",72,61,69,WSW,15,10,,FEW009,,29.86,30,,,,,,,
"Jul 4, 5:21 pm",71,61,71,W,14,10,,FEW009,,29.86,30,,,,,,,
"Jul 4, 5:20 pm",72,61,69,WSW,14,10,,FEW009,,29.86,30,,,,,,,
"Jul 4, 5:15 pm",72,61,69,W,15,10,,FEW010,,29.86,30,,,,,,,
"Jul 4, 5:10 pm",72,61,69,W,15,10,,CLR,,29.86,30,,,,,,,
"Jul 4, 5:05 pm",70,61,73,WSW,15,10,,CLR,,29.86,30,,,,,,,
"Jul 4, 5:00 pm",72,61,69,WSW,16,10,,CLR,,29.86,30,,,,,,,
"Jul 4, 4:55 pm",72,61,69,WSW,15,10,,CLR,,29.86,30,,,,,,,
"Jul 4, 4:53 pm",71,60,68,WSW,15,10,,FEW010,1015.9,29.86,30,,,,74,70,,
"Jul 4, 4:50 pm",72,61,69,W,16,10,,FEW010,,29.87,30.01,,,,,,,
"Jul 4, 4:45 pm",72,61,69,WSW,16,10,,FEW010,,29.87,30.01,,,,,,,
"Jul 4, 4:40 pm",72,61,69,WSW,16,10,,FEW010,,29.87,30.01,,,,,,,
"Jul 4, 4:35 pm",72,61,69,WSW,16,10,,FEW010,,29.87,30.01,,,,,,,
"Jul 4, 4:30 pm",72,61,69,W,15,10,,FEW010,,29.87,30.01,,,,,,,
"Jul 4, 4:25 pm",72,61,69,W,16,10,,FEW010,,29.87,30.01,,,,,,,
"Jul 4, 4:20 pm",72,61,69,W,15,10,,FEW010,,29.87,30.01,,,,,,,
"Jul 4, 4:15 pm",72,61,69,W,15G21,10,,FEW010,,29.87,30.01,,,,,,,
"Jul 4, 4:10 pm",73,61,65,W,16,10,,FEW010,,29.87,30.01,,,,,,,
"Jul 4, 4:05 pm",72,61,69,W,16,10,,FEW010,,29.87,30.01,,,,,,,
"Jul 4, 4:00 pm",72,61,69,W,15,10,,CLR,,29.87,30.01,,,,,,,
"Jul 4, 3:55 pm",72,61,69,W,15G21,10,,CLR,,29.87,30.01,,,,,,,
"Jul 4, 3:53 pm",72,60,66,W,15,10,,FEW010,1016.1,29.87,30.01,,,,,,,
"Jul 4, 3:50 pm",72,61,69,WSW,16,10,,FEW010,,29.87,30.01,,,,,,,
"Jul 4, 3:45 pm",73,61,65,W,16,10,,FEW010,,29.87,30.01,,,,,,,
"Jul 4, 3:40 pm",72,61,69,W,15,10,,CLR,,29.87,30.01,,,,,,,
"Jul 4, 3:35 pm",72,61,69,W,16,10,,CLR,,29.88,30.02,,,,,,,
"Jul 4, 3:30 pm",72,61,69,W,16,10,,CLR,,29.88,30.02,,,,,,,
"Jul 4, 3:25 pm",72,61,69,W,15,10,,CLR,,29.88,30.02,,,,,,,
"Jul 4, 3:20 pm",72,61,69,W,16,10,,CLR,,29.88,30.02,,,,,,,
"Jul 4, 3:15 pm",72,61,69,W,14G20,10,,CLR,,29.88,30.02,,,,,,,
"Jul 4, 3:10 pm",72,61,69,WSW,14,10,,CLR,,29.88,30.02,,,,,,,
"Jul 4, 3:05 pm",73,61,65,W,15,10,,CLR,,29.88,30.02,,,,,,,
"Jul 4, 3:00 pm",73,61,65,WSW,15,10,,CLR,,29.88,30.02,,,,,,,
"Jul 4, 2:55 pm",73,61,65,WSW,14,10,,CLR,,29.88,30.02,,,,,,,
"Jul 4, 2:53 pm",73,60,64,W,15G23,10,,CLR,1016.5,29.88,30.02,,,,,,,
"Jul 4, 2:50 pm",73,61,65,W,15,10,,CLR,,29.88,30.02,,,,,,,
"Jul 4, 2:45 pm",73,61,65,WSW,15,10,,CLR,,29.88,30.02,,,,,,,
"Jul 4, 2:40 pm",73,61,65,WSW,14,10,,CLR,,29.88,30.02,,,,,,,
"Jul 4, 2:35 pm",73,59,61,WSW,14,10,,CLR,,29.89,30.03,,,,,,,
"Jul 4, 2:30 pm",73,59,61,WSW,14,10,,CLR,,29.89,30.03,,,,,,,
"Jul 4, 2:25 pm",73,59,61,W,14,10,,CLR,,29.89,30.03,,,,,,,
"Jul 4, 2:20 pm",73,59,61,WSW,13,10,,CLR,,29.89,30.03,,,,,,,
"Jul 4, 2:15 pm",73,59,61,WSW,14,10,,CLR,,29.89,30.03,,,,,,,
"Jul 4, 2:10 pm",72,59,65,WSW,14,10,,CLR,,29.89,30.03,,,,,,,
"Jul 4, 2:05 pm",73,59,61,WSW,14,10,,CLR,,29.89,30.03,,,,,,,
"Jul 4, 2:00 pm",73,59,61,SW,14,10,,CLR,,29.89,30.03,,,,,,,
"Jul 4, 1:55 pm",72,59,65,W,13,10,,CLR,,29.89,30.03,,,,,,,
"Jul 4, 1:53 pm",73,59,61,WSW,14,10,,CLR,1016.6,29.89,30.03,,,,,,,
"Jul 4, 1:50 pm",73,61,65,WSW,12,10,,CLR,,29.89,30.03,,,,,,,
"Jul 4, 1:45 pm",73,59,61,WSW,14,10,,CLR,,29.89,30.03,,,,,,,
"Jul 4, 1:40 pm",73,59,61,WSW,13,10,,CLR,,29.89,30.03,,,,,,,
"Jul 4, 1:35 pm",73,59,61,WSW,13,9,,CLR,,29.89,30.03,,,,,,,
"Jul 4, 1:30 pm",73,59,61,W,12,9,,CLR,,29.89,30.03,,,,,,,
"Jul 4, 1:25 pm",73,61,65,SW,13,10,,CLR,,29.89,30.03,,,,,,,
"Jul 4, 1:20 pm",72,59,65,SW,13,10,,CLR,,29.89,30.03,,,,,,,
"Jul 4, 1:15 pm",72,59,65,SW,13G25,10,,CLR,,29.89,30.03,,,,,,,
"Jul 4, 1:10 pm",72,59,65,WSW,12G17,10,,CLR,,29.89,30.03,,,,,,,
"Jul 4, 1:05 pm",73,59,61,WSW,12,10,,CLR,,29.89,30.03,,,,,,,
"Jul 4, 1:00 pm",72,59,65,WSW,10,10,,CLR,,29.89,30.03,,,,,,,
"Jul 4, 12:55 pm",72,59,65,WSW,12,10,,CLR,,29.89,30.03,,,,,,,
"Jul 4, 12:53 pm",72,59,64,W,12,10,,CLR,1016.8,29.89,30.03,,,,,,,
"Jul 4, 12:50 pm",72,59,65,WSW,12,10,,CLR,,29.89,30.03,,,,,,,
"Jul 4, 12:45 pm",73,59,61,WSW,10,10,,CLR,,29.89,30.03,,,,,,,
"Jul 4, 12:40 pm",72,59,65,WSW,12,10,,CLR,,29.89,30.03,,,,,,,
"Jul 4, 12:35 pm",73,59,61,WSW,12,10,,CLR,,29.89,30.03,,,,,,,
"Jul 4, 12:30 pm",73,59,61,W,12G17,10,,CLR,,29.89,30.03,,,,,,,
"Jul 4, 12:25 pm",72,59,65,WSW,9,10,,CLR,,29.9,30.04,,,,,,,
"Jul 4, 12:20 pm",73,59,61,WSW,10,10,,CLR,,29.9,30.04,,,,,,,
"Jul 4, 12:15 pm",72,59,65,SW,12,10,,CLR,,29.9,30.04,,,,,,,
"Jul 4, 12:10 pm",72,59,65,WSW,10,10,,CLR,,29.9,30.04,,,,,,,
"Jul 4, 12:05 pm",72,59,65,SW,8,10,,CLR,,29.9,30.04,,,,,,,
"Jul 4, 12:00 pm",72,59,65,WSW,10,10,,CLR,,29.9,30.04,,,,,,,
"Jul 4, 11:55 am",72,59,65,WSW,8,10,,CLR,,29.9,30.04,,,,,,,
"Jul 4, 11:53 am",72,59,64,WSW,8,10,,CLR,1016.9,29.9,30.04,,,,,,,
"Jul 4, 11:50 am",72,59,65,WSW,7,10,,CLR,,29.9,30.04,,,,,,,
"Jul 4, 11:45 am",72,59,65,W,9,10,,CLR,,29.9,30.04,,,,,,,
"Jul 4, 11:40 am",72,59,65,W,9,10,,CLR,,29.9,30.04,,,,,,,
"Jul 4, 11:35 am",72,59,65,WSW,9,10,,CLR,,29.9,30.04,,,,,,,
"Jul 4, 11:30 am",72,59,65,W,9,10,,CLR,,29.9,30.04,,,,,,,
"Jul 4, 11:25 am",70,59,69,WSW,9,10,,CLR,,29.9,30.04,,,,,,,
"Jul 4, 11:20 am",72,59,65,WSW,9,10,,CLR,,29.9,30.04,,,,,,,
"Jul 4, 11:15 am",72,59,65,WSW,8,10,,CLR,,29.9,30.04,,,,,,,
"Jul 4, 11:10 am",70,59,69,WSW,10,10,,CLR,,29.9,30.04,,,,,,,
"Jul 4, 11:05 am",72,59,65,W,10,10,,CLR,,29.9,30.04,,,,,,,
"Jul 4, 11:00 am",72,59,65,WSW,9,10,,CLR,,29.9,30.04,,,,,,,
"Jul 4, 10:55 am",70,59,69,WSW,7,10,,CLR,,29.9,30.04,,,,,,,
"Jul 4, 10:53 am",70,59,68,W,9,9,,SCT022,1017,29.9,30.04,,,,70,65,,
"Jul 4, 10:50 am",70,59,69,W,6G20,9,,SCT021,,29.9,30.04,,,,,,,
"Jul 4, 10:45 am",70,59,69,W,6G20,9,,SCT021,,29.9,30.04,,,,,,,
"Jul 4, 10:40 am",70,59,69,WSW,7,9,,SCT021,,29.9,30.04,,,,,,,
"Jul 4, 10:35 am",70,59,69,WSW,7,9,,SCT021,,29.89,30.03,,,,,,,
"Jul 4, 10:30 am",70,59,69,W,9,9,,SCT021,,29.89,30.03,,,,,,,
"Jul 4, 10:25 am",70,59,69,WSW,6,9,,SCT021,,29.89,30.03,,,,,,,
"Jul 4, 10:20 am",70,59,69,W,9,9,,SCT021,,29.89,30.03,,,,,,,
"Jul 4, 10:15 am",70,59,69,W,6,9,,SCT021,,29.89,30.03,,,,,,,
"Jul 4, 10:10 am",70,59,69,W,8,9,,SCT021,,29.89,30.03,,,,,,,
"Jul 4, 10:05 am",70,59,69,W,6,9,,SCT021,,29.89,30.03,,,,,,,
"Jul 4, 10:00 am",70,59,69,WSW,8,9,,SCT021,,29.89,30.03,,,,,,,
"Jul 4, 9:59 am",69,59,70,W,8,9,,SCT021,,29.89,30.03,,,,,,,
"Jul 4, 9:55 am",70,59,69,WSW,7,10,,BKN021,,29.89,30.03,,,,,,,
"Jul 4, 9:53 am",69,59,70,WSW,6,9,,BKN020,1016.7,29.89,30.03,,,,,,,
"Jul 4, 9:50 am",70,59,69,WSW,7,9,,BKN020,,29.89,30.03,,,,,,,
"Jul 4, 9:45 am",70,59,69,WSW,8,10,,BKN020,,29.89,30.03,,,,,,,
"Jul 4, 9:40 am",70,59,69,WSW,8,10,,BKN021,,29.89,30.03,,,,,,,
"Jul 4, 9:35 am",70,59,69,WSW,9,10,,BKN021,,29.89,30.03,,,,,,,
"Jul 4, 9:30 am",70,59,69,WSW,9,10,,BKN020,,29.89,30.03,,,,,,,
"Jul 4, 9:25 am",70,59,69,SW,6,10,,OVC020,,29.89,30.03,,,,,,,
"Jul 4, 9:20 am",70,59,69,SW,7,9,,OVC020,,29.89,30.03,,,,,,,
"Jul 4, 9:15 am",68,59,73,SW,6,9,,BKN020,,29.89,30.03,,,,,,,
"Jul 4, 9:10 am",68,59,73,WSW,6,9,,OVC020,,29.89,30.03,,,,,,,
"Jul 4, 9:05 am",68,59,73,WSW,8,9,,OVC020,,29.89,30.03,,,,,,,
"Jul 4, 9:00 am",68,59,73,WSW,8,9,,OVC019,,29.89,30.03,,,,,,,
"Jul 4, 8:55 am",68,59,73,WSW,8,9,,OVC019,,29.89,30.03,,,,,,,
"Jul 4, 8:53 am",68,59,73,SW,7,9,,OVC019,1016.6,29.89,30.03,,,,,,,
"Jul 4, 8:50 am",68,59,73,WSW,8,9,,OVC019,,29.89,30.03,,,,,,,
"Jul 4, 8:45 am",68,59,73,SW,8,9,,OVC019,,29.88,30.02,,,,,,,
"Jul 4, 8:40 am",66,59,78,SW,7,9,,OVC019,,29.88,30.02,,,,,,,
"Jul 4, 8:35 am",66,59,78,SW,7,9,,OVC018,,29.88,30.02,,,,,,,
"Jul 4, 8:30 am",66,59,78,WSW,7,9,,OVC018,,29.88,30.02,,,,,,,
"Jul 4, 8:25 am",66,59,78,WSW,6,9,,OVC018,,29.88,30.02,,,,,,,
"Jul 4, 8:20 am",66,59,78,W,6,10,,OVC018,,29.88,30.02,,,,,,,
"Jul 4, 8:15 am",66,61,83,WSW,7,10,,OVC018,,29.88,30.02,,,,,,,
"Jul 4, 8:10 am",66,59,78,WSW,6,10,,OVC018,,29.88,30.02,,,,,,,
"Jul 4, 8:05 am",66,59,78,W,8,10,,OVC018,,29.88,30.02,,,,,,,
"Jul 4, 8:00 am",66,59,78,W,7,9,,OVC018,,29.88,30.02,,,,,,,
"Jul 4, 7:55 am",66,59,78,W,5,9,,OVC018,,29.87,30.01,,,,,,,
"Jul 4, 7:53 am",67,59,76,WNW,6,9,,FEW011 OVC018,1016.1,29.87,30.01,,,,,,,
"Jul 4, 7:50 am",66,59,78,W,5,8,,FEW011 OVC018,,29.87,30.01,,,,,,,
"Jul 4, 7:45 am",66,57,73,N,0,8,,OVC018,,29.87,30.01,,,,,,,
"Jul 4, 7:40 am",66,59,78,E,3,8,,OVC018,,29.87,30.01,,,,,,,
"Jul 4, 7:35 am",66,57,73,N,0,8,,OVC018,,29.87,30.01,,,,,,,
"Jul 4, 7:30 am",66,57,73,SSE,3,8,,OVC017,,29.87,30.01,,,,,,,
"Jul 4, 7:25 am",66,57,73,ESE,3,8,,OVC017,,29.87,30.01,,,,,,,
"Jul 4, 7:20 am",66,57,73,N,0,8,,OVC017,,29.87,30.01,,,,,,,
"Jul 4, 7:15 am",66,57,73,ESE,3,8,,OVC017,,29.87,30.01,,,,,,,
"Jul 4, 7:10 am",66,57,73,N,0,8,,OVC017,,29.86,30,,,,,,,
"Jul 4, 7:05 am",66,57,73,SSW,3,8,,OVC017,,29.86,30,,,,,,,
"Jul 4, 7:00 am",66,57,73,S,3,8,,OVC017,,29.86,30,,,,,,,
"Jul 4, 6:55 am",66,57,73,,,8,,OVC017,,29.86,30,,,,,,,
"Jul 4, 6:53 am",66,58,75,,3,8,,FEW014 OVC017,1015.6,29.86,30,,,,,,,
"Jul 4, 6:50 am",66,57,73,N,0,8,,FEW014 OVC017,,29.86,30,,,,,,,
"Jul 4, 6:45 am",66,57,73,,,8,,FEW014 OVC016,,29.86,30,,,,,,,
"Jul 4, 6:40 am",66,57,73,ESE,5,8,,FEW014 OVC016,,29.86,30,,,,,,,
"Jul 4, 6:35 am",66,57,73,ESE,5,8,,FEW014 OVC016,,29.86,30,,,,,,,
"Jul 4, 6:30 am",66,59,78,N,0,8,,FEW014 OVC016,,29.86,30,,,,,,,
"Jul 4, 6:25 am",66,57,73,N,0,8,,FEW014 OVC016,,29.86,30,,,,,,,
"Jul 4, 6:20 am",66,57,73,N,0,8,,FEW014 OVC016,,29.85,29.99,,,,,,,
"Jul 4, 6:15 am",66,57,73,E,5,8,,FEW014 OVC016,,29.85,29.99,,,,,,,
"Jul 4, 6:10 am",66,57,73,SE,3,8,,FEW014 OVC016,,29.85,29.99,,,,,,,
"Jul 4, 6:05 am",64,57,77,N,0,8,,FEW014 OVC016,,29.85,29.99,,,,,,,
"Jul 4, 6:00 am",64,57,77,ESE,3,8,,FEW014 OVC016,,29.85,29.99,,,,,,,
"Jul 4, 5:55 am",64,57,77,SSE,3,8,,FEW014 OVC016,,29.85,29.99,,,,,,,
"Jul 4, 5:53 am",65,58,78,SSE,3,8,,FEW014 OVC016,1015.3,29.85,29.99,,,,,,,
"Jul 4, 5:50 am",64,57,77,SE,3,8,,FEW014 OVC016,,29.85,29.99,,,,,,,
"Jul 4, 5:45 am",64,57,77,SSE,3,8,,FEW014 OVC016,,29.85,29.99,,,,,,,
"Jul 4, 5:40 am",64,57,77,SSE,5,8,,FEW014 OVC016,,29.85,29.99,,,,,,,
"Jul 4, 5:35 am",64,57,77,N,0,10,,OVC015,,29.85,29.99,,,,,,,
"Jul 4, 5:30 am",64,57,77,S,3,10,,OVC015,,29.85,29.99,,,,,,,
"Jul 4, 5:25 am",64,57,77,N,0,10,,OVC015,,29.84,29.98,,,,,,,
"Jul 4, 5:20 am",64,57,77,SSE,3,10,,OVC015,,29.85,29.99,,,,,,,
"Jul 4, 5:15 am",64,57,77,N,0,10,,OVC015,,29.85,29.99,,,,,,,
"Jul 4, 5:10 am",64,57,77,SSE,3,10,,OVC015,,29.85,29.99,,,,,,,
"Jul 4, 5:05 am",64,57,77,SE,3,10,,OVC015,,29.85,29.99,,,,,,,
"Jul 4, 5:00 am",64,57,77,ESE,3,10,,OVC015,,29.85,29.99,,,,,,,
"Jul 4, 4:55 am",64,57,77,SE,3,10,,OVC015,,29.84,29.98,,,,,,,
"Jul 4, 4:53 am",65,58,78,SSE,3,10,,OVC015,1015.1,29.84,29.98,,,,66,65,,
"Jul 4, 4:50 am",64,57,77,SE,5,10,,OVC015,,29.84,29.98,,,,,,,
"Jul 4, 4:45 am",64,57,77,SSE,5,10,,OVC015,,29.84,29.98,,,,,,,
"Jul 4, 4:40 am",64,57,77,SE,5,10,,OVC015,,29.84,29.98,,,,,,,
"Jul 4, 4:35 am",64,57,77,SSE,5,10,,OVC015,,29.84,29.98,,,,,,,
"Jul 4, 4:30 am",64,57,77,SSE,6,10,,OVC015,,29.84,29.98,,,,,,,
"Jul 4, 4:25 am",64,57,77,SSE,7,10,,OVC015,,29.84,29.98,,,,,,,
"Jul 4, 4:20 am",64,57,77,SSE,7,10,,OVC015,,29.84,29.98,,,,,,,
"Jul 4, 4:15 am",64,57,77,SSE,7,10,,OVC015,,29.84,29.98,,,,,,,
"Jul 4, 4:10 am",64,57,77,SE,6,10,,OVC015,,29.84,29.98,,,,,,,
"Jul 4, 4:05 am",64,57,77,SE,6,9,,OVC015,,29.83,29.97,,,,,,,
"Jul 4, 4:00 am",66,61,83,S,5,9,,OVC015,,29.83,29.97,,,,,,,
"Jul 4, 3:55 am",66,61,83,S,3,10,,OVC015,,29.83,29.97,,,,,,,
"Jul 4, 3:53 am",66,59,78,N,0,10,,OVC015,1014.6,29.83,29.97,,,,,,,
"Jul 4, 3:50 am",64,59,83,N,0,10,,OVC015,,29.83,29.97,,,,,,,
"Jul 4, 3:45 am",66,59,78,N,0,10,,OVC015,,29.83,29.97,,,,,,,
"Jul 4, 3:40 am",64,57,77,SW,5,10,,OVC015,,29.83,29.97,,,,,,,
"Jul 4, 3:35 am",64,57,77,S,3,10,,OVC015,,29.83,29.97,,,,,,,
"Jul 4, 3:30 am",64,59,83,SSW,3,10,,OVC015,,29.83,29.97,,,,,,,
"Jul 4, 3:25 am",66,59,78,SSW,3,10,,OVC015,,29.83,29.97,,,,,,,
"Jul 4, 3:20 am",66,59,78,SSE,7,10,,OVC015,,29.83,29.97,,,,,,,
"Jul 4, 3:15 am",64,57,77,ESE,3,10,,OVC015,,29.83,29.97,,,,,,,
"Jul 4, 3:10 am",64,57,77,SSE,5,10,,OVC015,,29.83,29.97,,,,,,,
"Jul 4, 3:05 am",64,59,83,SSE,3,10,,OVC015,,29.83,29.97,,,,,,,
"Jul 4, 3:00 am",66,61,83,SW,3,10,,OVC015,,29.83,29.97,,,,,,,
"Jul 4, 2:55 am",66,61,83,N,0,10,,OVC015,,29.83,29.97,,,,,,,
"Jul 4, 2:53 am",66,60,81,N,0,10,,OVC015,1014.6,29.83,29.97,,,,,,,
"Jul 4, 2:50 am",66,59,78,N,0,10,,OVC015,,29.83,29.97,,,,,,,
"Jul 4, 2:45 am",64,59,83,N,0,10,,OVC016,,29.83,29.97,,,,,,,
"Jul 4, 2:40 am",66,61,83,S,5,10,,OVC016,,29.83,29.97,,,,,,,
"Jul 4, 2:35 am",66,61,83,SSW,3,10,,OVC016,,29.83,29.97,,,,,,,
"Jul 4, 2:30 am",66,57,73,S,7,10,,OVC016,,29.83,29.97,,,,,,,
"Jul 4, 2:25 am",66,57,73,SE,5,10,,OVC016,,29.83,29.97,,,,,,,
"Jul 4, 2:20 am",66,57,73,S,6,10,,OVC016,,29.83,29.97,,,,,,,
"Jul 4, 2:15 am",66,57,73,S,5,10,,OVC016,,29.83,29.97,,,,,,,
"Jul 4, 2:10 am",66,59,78,S,5,10,,OVC016,,29.83,29.97,,,,,,,
"Jul 4, 2:05 am",66,59,78,S,5,10,,OVC016,,29.83,29.97,,,,,,,
"Jul 4, 2:00 am",66,59,78,S,7,10,,OVC016,,29.83,29.97,,,,,,,
"Jul 4, 1:55 am",66,59,78,SE,5,10,,OVC016,,29.83,29.97,,,,,,,
"Jul 4, 1:53 am",66,59,78,SE,6,10,,OVC015,1014.4,29.83,29.97,,,,,,,
"Jul 4, 1:50 am",66,61,83,SSE,3,10,,OVC015,,29.83,29.97,,,,,,,
"Jul 4, 1:45 am",66,61,83,N,0,10,,OVC015,,29.83,29.97,,,,,,,
"Jul 4, 1:40 am",66,61,83,N,0,10,,OVC015,,29.83,29.97,,,,,,,
"Jul 4, 1:35 am",66,61,83,N,0,10,,OVC015,,29.83,29.97,,,,,,,
"Jul 4, 1:30 am",66,61,83,N,0,10,,OVC015,,29.83,29.97,,,,,,,
"Jul 4, 1:25 am",66,61,83,SW,3,10,,OVC015,,29.83,29.97,,,,,,,
"Jul 4, 1:20 am",66,61,83,N,0,10,,OVC015,,29.83,29.97,,,,,,,
"Jul 4, 1:15 am",66,61,83,WSW,6,10,,OVC015,,29.83,29.97,,,,,,,
"Jul 4, 1:10 am",66,61,83,N,0,10,,OVC015,,29.83,29.97,,,,,,,
"Jul 4, 1:05 am",66,61,83,N,0,10,,OVC015,,29.83,29.97,,,,,,,
"Jul 4, 1:00 am",66,61,83,SW,3,10,,OVC015,,29.83,29.97,,,,,,,
"Jul 4, 12:55 am",66,61,83,SW,5,10,,OVC016,,29.83,29.97,,,,,,,
"Jul 4, 12:53 am",66,60,81,N,0,10,,OVC015,1014.6,29.83,29.97,,,,,,73,63
"Jul 4, 12:50 am",66,61,83,S,3,10,,OVC015,,29.83,29.97,,,,,,,
"Jul 4, 12:45 am",66,61,83,N,0,10,,OVC015,,29.83,29.97,,,,,,,
"Jul 4, 12:40 am",66,61,83,SW,5,10,,OVC015,,29.83,29.97,,,,,,,
"Jul 4, 12:35 am",66,59,78,S,3,10,,OVC015,,29.83,29.97,,,,,,,
"Jul 4, 12:30 am",66,59,78,S,3,10,,OVC015,,29.83,29.97,,,,,,,
"Jul 4, 12:25 am",66,59,78,N,0,10,,OVC015,,29.83,29.97,,,,,,,
"Jul 4, 12:20 am",66,59,78,N,0,10,,OVC015,,29.83,29.97,,,,,,,
"Jul 4, 12:15 am",66,59,78,SSE,6,10,,OVC015,,29.83,29.97,,,,,,,
"Jul 4, 12:10 am",66,59,78,SSW,3,10,,OVC015,,29.83,29.97,,,,,,,
"Jul 4, 12:05 am",66,59,78,SSW,5,10,,OVC015,,29.83,29.97,,,,,,,
"Jul 4, 12:00 am",66,59,78,SW,3,10,,OVC015,,29.83,29.97,,,,,,,
"Jul 3, 11:55 pm",66,59,78,SW,3,10,,OVC015,,29.83,29.97,,,,,,,
"Jul 3, 11:53 pm",66,59,78,N,0,10,,OVC015,1014.7,29.83,29.97,,,,,,,
"Jul 3, 11:50 pm",66,59,78,N,0,10,,OVC015,,29.83,29.97,,,,,,,
"Jul 3, 11:45 pm",66,59,78,N,0,10,,OVC015,,29.83,29.97,,,,,,,
"Jul 3, 11:40 pm",66,59,78,ESE,3,10,,OVC015,,29.83,29.97,,,,,,,
"Jul 3, 11:35 pm",66,59,78,N,0,10,,OVC015,,29.83,29.97,,,,,,,
"Jul 3, 11:30 pm",66,59,78,ESE,5,10,,OVC015,,29.83,29.97,,,,,,,
"Jul 3, 11:25 pm",66,59,78,SE,3,10,,OVC015,,29.83,29.97,,,,,,,
"Jul 3, 11:20 pm",66,61,83,N,0,10,,OVC015,,29.83,29.97,,,,,,,
"Jul 3, 11:15 pm",64,61,88,N,0,10,,OVC015,,29.83,29.97,,,,,,,
"Jul 3, 11:10 pm",64,59,83,SSW,3,10,,OVC015,,29.83,29.97,,,,,,,
"Jul 3, 11:05 pm",66,61,83,SSW,3,10,,OVC015,,29.83,29.97,,,,,,,
"Jul 3, 11:00 pm",64,61,88,SSW,5,10,,OVC016,,29.83,29.97,,,,,,,
"Jul 3, 10:55 pm",64,61,88,WSW,5,10,,OVC015,,29.83,29.97,,,,,,,
"Jul 3, 10:53 pm",65,60,84,SW,3,10,,OVC015,1014.7,29.83,29.97,,,,71,64,,
"Jul 3, 10:50 pm",64,61,88,SW,3,10,,OVC015,,29.83,29.97,,,,,,,
"Jul 3, 10:45 pm",64,61,88,SSW,5,10,,OVC015,,29.83,29.97,,,,,,,
"Jul 3, 10:40 pm",64,59,83,SW,6,10,,OVC015,,29.83,29.97,,,,,,,
"Jul 3, 10:35 pm",64,59,83,SW,6,10,,OVC014,,29.83,29.97,,,,,,,
"Jul 3, 10:30 pm",64,59,83,SSW,5,10,,OVC014,,29.83,29.97,,,,,,,
"Jul 3, 10:25 pm",64,59,83,WSW,5,10,,OVC014,,29.83,29.97,,,,,,,
"Jul 3, 10:20 pm",64,59,83,WSW,6,10,,OVC014,,29.83,29.97,,,,,,,
"Jul 3, 10:15 pm",64,59,83,SW,6,10,,BKN015,,29.83,29.97,,,,,,,
"Jul 3, 10:10 pm",64,59,83,WSW,7,10,,BKN015,,29.83,29.97,,,,,,,
"Jul 3, 10:05 pm",64,59,83,WSW,7,10,,BKN015,,29.83,29.97,,,,,,,
"Jul 3, 10:00 pm",64,61,88,WSW,7,10,,BKN015,,29.83,29.97,,,,,,,
"Jul 3, 9:55 pm",64,61,88,WSW,7,10,,BKN015,,29.82,29.96,,,,,,,
"Jul 3, 9:53 pm",65,60,84,WSW,6,10,,OVC016,1014.5,29.82,29.96,,,,,,,
"Jul 3, 9:50 pm",64,61,88,WSW,7,10,,OVC016,,29.82,29.96,,,,,,,
"Jul 3, 9:45 pm",64,61,88,SW,6,10,,OVC016,,29.82,29.96,,,,,,,
"Jul 3, 9:40 pm",64,59,83,W,8,10,,BKN016,,29.82,29.96,,,,,,,
"Jul 3, 9:35 pm",64,59,83,W,8,10,,BKN013 BKN018,,29.82,29.96,,,,,,,
"Jul 3, 9:30 pm",64,59,83,W,8,10,,SCT013,,29.82,29.96,,,,,,,
"Jul 3, 9:25 pm",64,59,83,WSW,8,10,,BKN013 BKN018,,29.81,29.95,,,,,,,
"Jul 3, 9:20 pm",64,61,88,W,8,10,,SCT013 BKN018,,29.81,29.95,,,,,,,
"Jul 3, 9:15 pm",64,61,88,WSW,8,10,,SCT013,,29.81,29.95,,,,,,,
"Jul 3, 9:10 pm",64,61,88,W,8,10,,SCT013,,29.81,29.95,,,,,,,
"Jul 3, 9:05 pm",64,59,83,W,9,10,,SCT013,,29.81,29.95,,,,,,,
"Jul 3, 9:00 pm",64,61,88,W,8,10,,FEW012,,29.81,29.95,,,,,,,
"Jul 3, 8:55 pm",64,61,88,WSW,7,10,,FEW013,,29.81,29.95,,,,,,,
"Jul 3, 8:53 pm",65,59,81,SW,7,10,,SCT013,1013.8,29.8,29.94,,,,,,,
"Jul 3, 8:50 pm",64,59,83,SW,9,10,,SCT013,,29.8,29.94,,,,,,,
"Jul 3, 8:47 pm",64,59,84,WSW,8,10,,SCT013,,29.8,29.94,,,,,,,
"Jul 3, 8:45 pm",64,59,83,WSW,7,10,,BKN012,,29.8,29.94,,,,,,,
"Jul 3, 8:40 pm",64,59,83,WSW,7,10,,BKN012,,29.8,29.94,,,,,,,
"Jul 3, 8:35 pm",64,59,83,WSW,8,10,,BKN012,,29.8,29.94,,,,,,,
"Jul 3, 8:30 pm",64,59,83,W,7,10,,BKN012,,29.8,29.94,,,,,,,
"Jul 3, 8:25 pm",64,59,83,W,8,10,,BKN012,,29.8,29.94,,,,,,,
"Jul 3, 8:20 pm",64,59,83,WSW,10,10,,BKN012,,29.8,29.94,,,,,,,
"Jul 3, 8:15 pm",64,59,83,WSW,10,10,,BKN012,,29.8,29.94,,,,,,,
"Jul 3, 8:10 pm",64,59,83,WSW,10,10,,BKN012,,29.79,29.93,,,,,,,
"Jul 3, 8:05 pm",64,59,83,W,10,10,,BKN012,,29.79,29.93,,,,,,,
"Jul 3, 8:01 pm",65,59,81,WSW,10,10,,BKN012,,29.79,29.93,,,,,,,
"Jul 3, 8:00 pm",64,59,83,W,10,10,,SCT012,,29.79,29.93,,,,,,,
"Jul 3, 7:55 pm",64,59,83,W,12,10,,SCT012,,29.79,29.93,,,,,,,
"Jul 3, 7:53 pm",65,59,81,W,13,10,,SCT013,1013.3,29.79,29.93,,,,,,,
"Jul 3, 7:50 pm",64,59,83,W,13,10,,SCT013,,29.79,29.93,,,,,,,
"Jul 3, 7:45 pm",66,59,78,WSW,9,10,,FEW013,,29.79,29.93,,,,,,,
"Jul 3, 7:40 pm",66,59,78,W,12,10,,FEW013,,29.79,29.93,,,,,,,
"Jul 3, 7:35 pm",66,59,78,WSW,12,10,,FEW013,,29.79,29.93,,,,,,,
"Jul 3, 7:30 pm",66,59,78,W,12,10,,CLR,,29.79,29.93,,,,,,,
"Jul 3, 7:25 pm",66,59,78,W,12,10,,CLR,,29.79,29.93,,,,,,,
"Jul 3, 7:20 pm",66,59,78,WSW,12,10,,CLR,,29.79,29.93,,,,,,,
"Jul 3, 7:15 pm",66,59,78,W,13,10,,CLR,,29.79,29.93,,,,,,,
"Jul 3, 7:10 pm",66,59,78,WSW,10,10,,CLR,,29.79,29.93,,,,,,,
"Jul 3, 7:05 pm",66,59,78,WSW,13,10,,CLR,,29.79,29.93,,,,,,,
"Jul 3, 7:00 pm",66,59,78,WSW,12,10,,CLR,,29.79,29.92,,,,,,,
"Jul 3, 6:55 pm",66,59,78,WSW,13,10,,CLR,,29.79,29.92,,,,,,,
"Jul 3, 6:53 pm",67,59,76,WSW,13,10,,FEW012,1013.1,29.79,29.92,,,,,,,
"Jul 3, 6:50 pm",66,59,78,WSW,13,10,,FEW012,,29.79,29.92,,,,,,,
"Jul 3, 6:45 pm",68,59,73,WSW,13,10,,CLR,,29.79,29.92,,,,,,,
"Jul 3, 6:40 pm",68,59,73,WSW,12,10,,CLR,,29.79,29.92,,,,,,,
"Jul 3, 6:35 pm",68,59,73,WSW,13,10,,CLR,,29.79,29.92,,,,,,,
"Jul 3, 6:30 pm",68,59,73,WSW,12,10,,CLR,,29.79,29.92,,,,,,,
"Jul 3, 6:25 pm",68,59,73,W,13,10,,CLR,,29.79,29.92,,,,,,,
"Jul 3, 6:20 pm",68,59,73,W,13,10,,CLR,,29.79,29.92,,,,,,,
"Jul 3, 6:15 pm",68,59,73,WSW,13,10,,CLR,,29.79,29.92,,,,,,,
"Jul 3, 6:10 pm",70,59,69,WSW,13,10,,CLR,,29.78,29.91,,,,,,,
"Jul 3, 6:05 pm",70,59,69,WSW,12,10,,CLR,,29.78,29.91,,,,,,,
"Jul 3, 6:00 pm",70,59,69,W,13,10,,CLR,,29.78,29.91,,,,,,,
"Jul 3, 5:55 pm",70,59,69,WSW,12,10,,CLR,,29.78,29.91,,,,,,,
"Jul 3, 5:53 pm",70,59,68,WSW,12,10,,FEW012,1012.7,29.78,29.91,,,,,,,
"Jul 3, 5:50 pm",70,59,69,WSW,10,10,,FEW012,,29.78,29.91,,,,,,,
"Jul 3, 5:45 pm",70,59,69,W,12,10,,FEW012,,29.78,29.91,,,,,,,
"Jul 3, 5:40 pm",70,59,69,W,12,10,,CLR,,29.78,29.91,,,,,,,
"Jul 3, 5:35 pm",70,59,69,WSW,10,10,,CLR,,29.78,29.91,,,,,,,
"Jul 3, 5:30 pm",70,59,69,SW,10,10,,CLR,,29.78,29.91,,,,,,,
"Jul 3, 5:25 pm",70,59,69,WSW,12,10,,CLR,,29.78,29.91,,,,,,,
"Jul 3, 5:20 pm",70,59,69,WSW,12,10,,CLR,,29.78,29.91,,,,,,,
"Jul 3, 5:15 pm",70,59,69,WSW,12,10,,CLR,,29.78,29.91,,,,,,,
"Jul 3, 5:10 pm",70,59,69,WSW,12,10,,CLR,,29.79,29.92,,,,,,,
"Jul 3, 5:05 pm",70,59,69,WSW,13,10,,CLR,,29.79,29.92,,,,,,,
"Jul 3, 5:00 pm",70,59,69,WSW,12,10,,CLR,,29.79,29.92,,,,,,,
"Jul 3, 4:55 pm",70,59,69,WSW,12,10,,CLR,,29.79,29.92,,,,,,,
"Jul 3, 4:53 pm",70,59,68,WSW,12,10,,FEW012,1012.9,29.79,29.92,,,,73,70,,
"Jul 3, 4:50 pm",70,59,69,W,9,10,,FEW012,,29.79,29.92,,,,,,,
"Jul 3, 4:45 pm",70,59,69,WSW,10,10,,CLR,,29.79,29.92,,,,,,,
"Jul 3, 4:40 pm",70,59,69,WSW,10,10,,CLR,,29.79,29.92,,,,,,,
"Jul 3, 4:35 pm",70,59,69,WSW,12,10,,CLR,,29.79,29.92,,,,,,,
"Jul 3, 4:30 pm",70,59,69,W,13,10,,CLR,,29.79,29.92,,,,,,,
"Jul 3, 4:25 pm",72,59,65,WSW,13G20,10,,CLR,,29.79,29.92,,,,,,,
"Jul 3, 4:20 pm",70,59,69,W,13,10,,CLR,,29.79,29.92,,,,,,,
"Jul 3, 4:15 pm",72,59,65,WSW,10,10,,CLR,,29.79,29.92,,,,,,,
"Jul 3, 4:10 pm",72,59,65,W,13,10,,CLR,,29.78,29.91,,,,,,,
"Jul 3, 4:05 pm",70,57,64,WSW,12,10,,CLR,,29.79,29.92,,,,,,,
"Jul 3, 4:00 pm",70,57,64,W,12,10,,CLR,,29.79,29.92,,,,,,,
"Jul 3, 3:55 pm",72,57,61,WSW,13,10,,CLR,,29.79,29.92,,,,,,,
"Jul 3, 3:53 pm",71,58,63,WSW,12,10,,FEW012,1012.9,29.79,29.92,,,,,,,
"Jul 3, 3:50 pm",72,57,61,W,12,10,,FEW012,,29.79,29.92,,,,,,,
"Jul 3, 3:45 pm",72,57,61,W,13G20,10,,CLR,,29.79,29.92,,,,,,,
"Jul 3, 3:40 pm",72,57,61,WSW,13,10,,CLR,,29.79,29.92,,,,,,,
"Jul 3, 3:35 pm",72,57,61,WSW,13,10,,CLR,,29.79,29.92,,,,,,,
"Jul 3, 3:30 pm",72,57,61,W,14G20,10,,CLR,,29.79,29.92,,,,,,,
"Jul 3, 3:25 pm",72,57,61,WSW,14,10,,CLR,,29.79,29.92,,,,,,,
"Jul 3, 3:20 pm",72,57,61,W,13,10,,CLR,,29.79,29.92,,,,,,,
"Jul 3, 3:15 pm",72,57,61,WSW,14,10,,CLR,,29.79,29.92,,,,,,,
"Jul 3, 3:10 pm",72,57,61,WSW,12,10,,CLR,,29.79,29.92,,,,,,,
"Jul 3, 3:05 pm",72,57,61,SW,12,10,,CLR,,29.79,29.92,,,,,,,
"Jul 3, 3:00 pm",72,57,61,WSW,13,10,,CLR,,29.79,29.92,,,,,,,
"Jul 3, 2:55 pm",72,57,61,WSW,13,10,,CLR,,29.79,29.92,,,,,,,
"Jul 3, 2:53 pm",71,58,63,SW,13,10,,FEW012 FEW090,1013.2,29.79,29.93,,,,,,,
"Jul 3, 2:50 pm",72,57,61,SW,14,10,,FEW012 FEW090,,29.79,29.93,,,,,,,
"Jul 3, 2:45 pm",72,57,61,WSW,13,10,,CLR,,29.79,29.93,,,,,,,
"Jul 3, 2:40 pm",72,57,61,WSW,12,10,,CLR,,29.79,29.93,,,,,,,
"Jul 3, 2:35 pm",72,57,61,WSW,12,10,,CLR,,29.79,29.93,,,,,,,
"Jul 3, 2:30 pm",72,57,61,WSW,13,10,,CLR,,29.79,29.93,,,,,,,
"Jul 3, 2:25 pm",72,57,61,SW,13,10,,CLR,,29.79,29.93,,,,,,,
"Jul 3, 2:20 pm",72,57,61,SW,13G20,10,,CLR,,29.79,29.93,,,,,,,
"Jul 3, 2:15 pm",72,57,61,WSW,13,10,,CLR,,29.79,29.93,,,,,,,
"Jul 3, 2:10 pm",72,57,61,WSW,13,10,,CLR,,29.79,29.93,,,,,,,
"Jul 3, 2:05 pm",72,57,61,WSW,13,10,,CLR,,29.79,29.93,,,,,,,
"Jul 3, 2:00 pm",72,57,61,WSW,12,10,,CLR,,29.79,29.93,,,,,,,
"Jul 3, 1:55 pm",72,57,61,SW,13,10,,CLR,,29.79,29.93,,,,,,,
"Jul 3, 1:53 pm",72,57,59,SW,13,10,,FEW018,1013.4,29.79,29.93,,,,,,,
"Jul 3, 1:50 pm",72,57,61,WSW,13G18,10,,FEW018,,29.79,29.93,,,,,,,
"Jul 3, 1:45 pm",72,57,61,WSW,12,10,,FEW018,,29.79,29.93,,,,,,,
"Jul 3, 1:40 pm",72,57,61,WSW,14G20,10,,CLR,,29.79,29.93,,,,,,,
"Jul 3, 1:35 pm",72,57,61,SW,13G20,10,,CLR,,29.79,29.93,,,,,,,
"Jul 3, 1:30 pm",72,57,61,WSW,13,10,,CLR,,29.79,29.93,,,,,,,
"Jul 3, 1:25 pm",72,57,61,WSW,14,10,,CLR,,29.79,29.93,,,,,,,
"Jul 3, 1:20 pm",72,57,61,WSW,15,10,,CLR,,29.8,29.94,,,,,,,
"Jul 3, 1:15 pm",72,57,61,SW,14,10,,CLR,,29.79,29.93,,,,,,,
"Jul 3, 1:10 pm",72,57,61,SW,14,10,,CLR,,29.79,29.93,,,,,,,
"Jul 3, 1:05 pm",72,57,61,WSW,13,10,,CLR,,29.79,29.93,,,,,,,
"Jul 3, 1:00 pm",72,57,61,SW,15,10,,CLR,,29.79,29.93,,,,,,,
"Jul 3, 12:55 pm",72,57,61,WSW,14,10,,CLR,,29.79,29.93,,,,,,,
"Jul 3, 12:53 pm",72,58,61,WSW,15,10,,CLR,1013.4,29.79,29.93,,,,,,,
"Jul 3, 12:50 pm",72,57,61,WSW,13,10,,CLR,,29.79,29.93,,,,,,,
"Jul 3, 12:45 pm",72,57,61,WSW,10,10,,CLR,,29.79,29.93,,,,,,,
"Jul 3, 12:40 pm",72,57,61,WSW,10,10,,CLR,,29.79,29.93,,,,,,,
"Jul 3, 12:35 pm",72,57,61,W,12,10,,CLR,,29.79,29.93,,,,,,,
"Jul 3, 12:30 pm",72,57,61,W,10,10,,CLR,,29.79,29.93,,,,,,,
"Jul 3, 12:25 pm",72,57,61,WSW,10,10,,CLR,,29.79,29.93,,,,,,,
"Jul 3, 12:20 pm",72,57,61,WSW,12,10,,CLR,,29.79,29.93,,,,,,,
"Jul 3, 12:15 pm",72,57,61,WSW,10G18,10,,CLR,,29.79,29.93,,,,,,,
"Jul 3, 12:10 pm",72,57,61,WSW,12G18,10,,CLR,,29.79,29.93,,,,,,,
"Jul 3, 12:05 pm",72,57,61,WSW,13,10,,CLR,,29.79,29.93,,,,,,,
"Jul 3, 12:00 pm",72,57,61,WSW,12,10,,CLR,,29.79,29.93,,,,,,,
"Jul 3, 11:55 am",72,57,61,WSW,14,10,,CLR,,29.79,29.93,,,,,,,
"Jul 3, 11:53 am",71,57,61,WSW,12,10,,FEW027,1013.4,29.79,29.93,,,,,,,
"Jul 3, 11:50 am",72,57,61,WSW,12,10,,FEW027,,29.79,29.93,,,,,,,
"Jul 3, 11:45 am",72,57,61,WSW,12,10,,CLR,,29.79,29.93,,,,,,,
"Jul 3, 11:40 am",72,57,61,WSW,12,10,,CLR,,29.79,29.93,,,,,,,
"Jul 3, 11:35 am",72,57,61,WSW,14,10,,CLR,,29.79,29.93,,,,,,,
"Jul 3, 11:30 am",72,57,61,WSW,14,10,,CLR,,29.79,29.93,,,,,,,
"Jul 3, 11:25 am",72,57,61,WSW,13,10,,CLR,,29.79,29.93,,,,,,,
"Jul 3, 11:20 am",72,57,61,WSW,13,10,,CLR,,29.79,29.93,,,,,,,
"Jul 3, 11:15 am",72,57,61,WSW,13,10,,CLR,,29.79,29.93,,,,,,,
"Jul 3, 11:10 am",72,57,61,WSW,14,10,,CLR,,29.79,29.93,,,,,,,
"Jul 3, 11:05 am",72,57,61,WSW,13,10,,CLR,,29.79,29.93,,,,,,,
"Jul 3, 11:00 am",72,57,61,WSW,13,10,,CLR,,29.79,29.92,,,,,,,
"Jul 3, 10:55 am",72,57,61,WSW,10,10,,CLR,,29.79,29.92,,,,,,,
"Jul 3, 10:53 am",72,57,59,WSW,12,10,,FEW025,1013.1,29.79,29.92,,,,72,64,,
"Jul 3, 10:50 am",72,57,61,W,3G20,10,,CLR,,29.79,29.92,,,,,,,
"Jul 3, 10:45 am",72,57,61,W,3G20,10,,CLR,,29.79,29.92,,,,,,,
"Jul 3, 10:40 am",72,57,61,W,3G20,10,,CLR,,29.79,29.92,,,,,,,
"Jul 3, 10:35 am",72,57,61,W,3G20,10,,CLR,,29.79,29.92,,,,,,,
"Jul 3, 10:30 am",72,57,61,W,3G20,10,,CLR,,29.79,29.92,,,,,,,
"Jul 3, 10:25 am",72,57,61,W,3G20,10,,CLR,,29.79,29.92,,,,,,,
"Jul 3, 10:20 am",72,57,61,W,3G20,10,,CLR,,29.79,29.92,,,,,,,
"Jul 3, 10:15 am",72,55,57,W,3G20,10,,CLR,,29.79,29.92,,,,,,,
"Jul 3, 10:10 am",72,55,57,N,0,10,,CLR,,29.79,29.92,,,,,,,
"Jul 3, 10:05 am",72,55,57,SSW,5,10,,CLR,,29.79,29.92,,,,,,,
"Jul 3, 10:00 am",70,55,60,WSW,5,10,,CLR,,29.79,29.92,,,,,,,
"Jul 3, 9:55 am",72,55,57,S,7,10,,CLR,,29.79,29.92,,,,,,,
"Jul 3, 9:53 am",71,56,59,,5,10,,FEW022,1013,29.79,29.92,,,,,,,
"Jul 3, 9:50 am",72,55,57,ESE,5,10,,FEW022,,29.79,29.92,,,,,,,
"Jul 3, 9:45 am",70,55,60,N,0,10,,CLR,,29.79,29.92,,,,,,,
"Jul 3, 9:40 am",70,55,60,E,3,10,,CLR,,29.79,29.92,,,,,,,
"Jul 3, 9:35 am",70,55,60,S,5,10,,CLR,,29.79,29.92,,,,,,,
"Jul 3, 9:30 am",70,55,60,ENE,3,10,,CLR,,29.79,29.93,,,,,,,
"Jul 3, 9:25 am",70,55,60,E,6,10,,CLR,,29.79,29.93,,,,,,,
"Jul 3, 9:20 am",70,55,60,SE,3,10,,CLR,,29.79,29.93,,,,,,,
"Jul 3, 9:15 am",70,55,60,S,5,10,,CLR,,29.79,29.93,,,,,,,
"Jul 3, 9:10 am",68,55,64,SE,5,10,,CLR,,29.79,29.93,,,,,,,
"Jul 3, 9:05 am",68,55,64,SSE,6,10,,CLR,,29.79,29.93,,,,,,,
"Jul 3, 9:00 am",68,55,64,E,5,10,,CLR,,29.79,29.93,,,,,,,
"Jul 3, 8:55 am",68,55,64,,,10,,CLR,,29.79,29.93,,,,,,,
"Jul 3, 8:53 am",68,55,63,S,6,9,,SCT020,1013.2,29.79,29.93,,,,,,,
"Jul 3, 8:50 am",68,55,64,S,6G20,9,,SCT020,,29.79,29.92,,,,,,,
"Jul 3, 8:45 am",66,55,68,,,9,,SCT020,,29.79,29.92,,,,,,,
"Jul 3, 8:40 am",66,55,68,ESE,8,9,,SCT020,,29.79,29.92,,,,,,,
"Jul 3, 8:35 am",66,55,68,S,5,9,,SCT020,,29.79,29.92,,,,,,,
"Jul 3, 8:30 am",66,55,68,SSE,6,9,,SCT020,,29.79,29.92,,,,,,,
"Jul 3, 8:25 am",66,55,68,E,6,9,,SCT020,,29.79,29.92,,,,,,,
"Jul 3, 8:20 am",66,55,68,,,9,,SCT020,,29.79,29.92,,,,,,,
"Jul 3, 8:15 am",66,55,68,E,3,9,,SCT020,,29.79,29.92,,,,,,,
"Jul 3, 8:13 am",67,56,68,,3,9,,SCT020,,29.79,29.92,,,,,,,
"Jul 3, 8:10 am",66,55,68,E,5,9,,BKN020,,29.79,29.92,,,,,,,
"Jul 3, 8:05 am",66,55,68,E,6,9,,BKN020,,29.79,29.92,,,,,,,
"Jul 3, 8:00 am",64,55,73,E,7,10,,BKN020,,29.79,29.92,,,,,,,
"Jul 3, 7:55 am",64,55,73,E,5,10,,BKN020,,29.79,29.92,,,,,,,
"Jul 3, 7:53 am",65,55,70,E,6,8,,BKN020,1012.8,29.79,29.92,,,,,,,
"Jul 3, 7:50 am",64,55,73,ESE,6G20,8,,BKN020,,29.78,29.91,,,,,,,
"Jul 3, 7:45 am",64,55,73,ESE,6G20,10,,OVC019,,29.78,29.91,,,,,,,
"Jul 3, 7:40 am",64,55,73,ESE,6G20,10,,OVC019,,29.78,29.91,,,,,,,
"Jul 3, 7:35 am",64,55,73,ESE,6G20,10,,OVC019,,29.78,29.91,,,,,,,
"Jul 3, 7:30 am",64,55,73,ESE,6G20,10,,OVC019,,29.78,29.91,,,,,,,
"Jul 3, 7:25 am",64,55,73,ESE,6G20,10,,OVC019,,29.78,29.91,,,,,,,
"Jul 3, 7:20 am",64,55,73,ESE,6G20,10,,OVC019,,29.78,29.91,,,,,,,
"Jul 3, 7:15 am",64,55,73,ESE,6G20,10,,OVC019,,29.78,29.91,,,,,,,
"Jul 3, 7:10 am",64,55,73,,,10,,OVC019,,29.78,29.91,,,,,,,
"Jul 3, 7:05 am",64,55,73,ESE,7,10,,OVC019,,29.77,29.9,,,,,,,
"Jul 3, 7:00 am",64,55,73,SE,7,10,,OVC019,,29.77,29.9,,,,,,,
"Jul 3, 6:55 am",64,55,73,ESE,5,10,,OVC019,,29.77,29.9,,,,,,,
"Jul 3, 6:53 am",64,55,73,ESE,6,8,,OVC019,1012.3,29.77,29.9,,,,,,,
"Jul 3, 6:50 am",64,55,73,E,6,8,,OVC019,,29.77,29.9,,,,,,,
"Jul 3, 6:45 am",64,55,73,E,7,10,,OVC019,,29.76,29.89,,,,,,,
"Jul 3, 6:40 am",64,55,73,E,8,10,,OVC019,,29.77,29.9,,,,,,,
"Jul 3, 6:35 am",64,55,73,ESE,7,10,,OVC019,,29.76,29.89,,,,,,,
"Jul 3, 6:30 am",64,55,73,ESE,7,10,,OVC019,,29.77,29.9,,,,,,,
"Jul 3, 6:25 am",64,55,73,ESE,8,10,,OVC019,,29.77,29.9,,,,,,,
"Jul 3, 6:20 am",64,55,73,SE,8,10,,OVC019,,29.77,29.9,,,,,,,
"Jul 3, 6:15 am",64,55,73,SE,8,10,,OVC019,,29.76,29.89,,,,,,,
"Jul 3, 6:10 am",64,55,73,SE,6,10,,OVC019,,29.76,29.89,,,,,,,
"Jul 3, 6:05 am",64,55,73,ESE,8,10,,OVC019,,29.76,29.89,,,,,,,
"Jul 3, 6:00 am",64,55,73,ESE,9,10,,OVC019,,29.75,29.88,,,,,,,
"Jul 3, 5:55 am",64,55,73,ESE,5,10,,OVC019,,29.75,29.88,,,,,,,
"Jul 3, 5:53 am",64,55,73,,7,10,,BKN017 BKN021,1011.6,29.75,29.88,,,,,,,
"Jul 3, 5:50 am",64,55,73,E,8,9,,FEW014 OVC018,,29.75,29.88,,,,,,,
"Jul 3, 5:45 am",64,55,73,ESE,6,9,,FEW014 OVC018,,29.75,29.88,,,,,,,
"Jul 3, 5:40 am",64,55,73,E,7,9,,FEW014 OVC018,,29.75,29.88,,,,,,,
"Jul 3, 5:35 am",64,55,73,E,5,9,,FEW014 OVC018,,29.75,29.88,,,,,,,
"Jul 3, 5:30 am",64,55,73,ESE,7,10,,FEW014 OVC018,,29.75,29.88,,,,,,,
"Jul 3, 5:25 am",64,55,73,ESE,9,10,,FEW014 OVC018,,29.75,29.88,,,,,,,
"Jul 3, 5:20 am",64,55,73,ESE,7,10,,FEW014 OVC018,,29.75,29.88,,,,,,,
"Jul 3, 5:15 am",64,55,73,ESE,8,10,,FEW014 OVC018,,29.75,29.88,,,,,,,
"Jul 3, 5:10 am",64,55,73,SE,7,10,,FEW014 OVC018,,29.75,29.88,,,,,,,
"Jul 3, 5:05 am",64,55,73,ESE,6,10,,FEW014 OVC018,,29.74,29.87,,,,,,,
"Jul 3, 5:00 am",64,55,73,ESE,7,10,,FEW014 OVC018,,29.74,29.87,,,,,,,
"Jul 3, 4:55 am",64,55,73,ESE,9,10,,OVC019,,29.74,29.87,,,,,,,
"Jul 3, 4:53 am",65,56,73,ESE,8,10,,FEW012 OVC017,1011.3,29.74,29.87,,,,65,63,,
"Jul 3, 4:50 am",64,55,73,ESE,8,10,,FEW012 OVC017,,29.74,29.87,,,,,,,
"Jul 3, 4:45 am",64,55,73,ESE,9,10,,FEW012 OVC016,,29.74,29.87,,,,,,,
"Jul 3, 4:40 am",64,57,77,SE,8,10,,FEW012 OVC016,,29.74,29.87,,,,,,,
"Jul 3, 4:35 am",64,57,77,ESE,3,10,,FEW012 OVC016,,29.74,29.87,,,,,,,
"Jul 3, 4:30 am",64,57,77,ESE,5,10,,FEW012 OVC016,,29.74,29.87,,,,,,,
"Jul 3, 4:25 am",64,57,77,ESE,9,10,,FEW012 OVC016,,29.74,29.87,,,,,,,
"Jul 3, 4:20 am",64,57,77,E,7,10,,OVC016,,29.74,29.87,,,,,,,
"Jul 3, 4:15 am",64,57,77,NE,6,10,,OVC016,,29.74,29.87,,,,,,,
"Jul 3, 4:10 am",64,57,77,ENE,6,10,,OVC016,,29.74,29.87,,,,,,,
"Jul 3, 4:05 am",64,57,77,E,8,10,,OVC016,,29.74,29.87,,,,,,,
"Jul 3, 4:00 am",64,57,77,NE,6,10,,OVC016,,29.74,29.87,,,,,,,
"Jul 3, 3:55 am",64,57,77,ESE,5,10,,OVC016,,29.74,29.87,,,,,,,
"Jul 3, 3:53 am",64,57,78,ESE,3,10,,FEW012 OVC015,1011.2,29.74,29.87,,,,,,,
"Jul 3, 3:50 am",64,57,77,ENE,7,10,,FEW012 OVC015,,29.74,29.87,,,,,,,
"Jul 3, 3:45 am",64,57,77,ENE,7,10,,FEW012 OVC015,,29.73,29.86,,,,,,,
"Jul 3, 3:40 am",64,57,77,E,6,10,,FEW012 OVC015,,29.73,29.86,,,,,,,
"Jul 3, 3:35 am",64,57,77,ESE,6,10,,FEW012 OVC015,,29.73,29.86,,,,,,,
"Jul 3, 3:30 am",64,57,77,SE,5,10,,FEW012 OVC015,,29.73,29.86,,,,,,,
"Jul 3, 3:25 am",64,57,77,SE,6,10,,FEW012 OVC015,,29.74,29.87,,,,,,,
"Jul 3, 3:20 am",64,57,77,SE,3,10,,FEW012 OVC015,,29.73,29.86,,,,,,,
"Jul 3, 3:15 am",64,57,77,SE,3,10,,FEW012 OVC015,,29.74,29.87,,,,,,,
"Jul 3, 3:10 am",64,57,77,ESE,3,10,,FEW012 OVC015,,29.74,29.87,,,,,,,
"Jul 3, 3:05 am",64,57,77,SSE,6,10,,FEW012 OVC015,,29.73,29.86,,,,,,,
"Jul 3, 3:00 am",64,57,77,SE,5,10,,FEW012 OVC015,,29.74,29.87,,,,,,,
"Jul 3, 2:55 am",64,57,77,ESE,6,10,,FEW012 OVC015,,29.74,29.87,,,,,,,
"Jul 3, 2:53 am",64,57,78,ESE,7,10,,FEW012 OVC015,1011.2,29.74,29.87,,,,,,,
"Jul 3, 2:50 am",64,57,77,ESE,6,10,,FEW012 OVC015,,29.74,29.87,,,,,,,
"Jul 3, 2:45 am",64,57,77,ESE,5,10,,FEW012 OVC015,,29.74,29.87,,,,,,,
"Jul 3, 2:40 am",64,57,77,ESE,5,10,,FEW012 OVC015,,29.74,29.87,,,,,,,
"Jul 3, 2:35 am",64,57,77,ESE,3,10,,FEW012 BKN015,,29.74,29.87,,,,,,,
"Jul 3, 2:30 am",64,57,77,ESE,7,10,,FEW012 BKN015,,29.74,29.87,,,,,,,
"Jul 3, 2:25 am",64,57,77,N,0,10,,FEW012 BKN015,,29.74,29.87,,,,,,,
"Jul 3, 2:20 am",64,57,77,SSE,6,10,,OVC016,,29.74,29.87,,,,,,,
"Jul 3, 2:15 am",64,57,77,ESE,7,10,,OVC016,,29.74,29.87,,,,,,,
"Jul 3, 2:10 am",64,57,77,SE,6,10,,OVC016,,29.74,29.87,,,,,,,
"Jul 3, 2:05 am",64,57,77,SE,6,10,,OVC016,,29.74,29.87,,,,,,,
"Jul 3, 2:00 am",64,57,77,SE,6,10,,OVC016,,29.74,29.87,,,,,,,
"Jul 3, 1:55 am",64,57,77,SE,7,10,,OVC016,,29.74,29.87,,,,,,,
"Jul 3, 1:53 am",64,58,81,SE,8,10,,FEW012 BKN015,1011.2,29.74,29.87,,,,,,,
"Jul 3, 1:50 am",64,57,77,E,3,10,,FEW012 BKN015,,29.74,29.87,,,,,,,
"Jul 3, 1:45 am",64,57,77,ENE,3,10,,FEW012 BKN015,,29.74,29.87,,,,,,,
"Jul 3, 1:40 am",64,57,77,N,0,10,,FEW012 BKN015,,29.74,29.87,,,,,,,
"Jul 3, 1:35 am",64,57,77,E,3,10,,FEW012 BKN015,,29.74,29.87,,,,,,,
"Jul 3, 1:30 am",64,57,77,E,6,10,,FEW012 BKN015,,29.74,29.87,,,,,,,
"Jul 3, 1:25 am",64,57,77,E,3,10,,FEW012 BKN015,,29.74,29.87,,,,,,,
"Jul 3, 1:20 am",64,57,77,N,0,10,,FEW012 BKN015,,29.74,29.87,,,,,,,
"Jul 3, 1:15 am",64,57,77,SE,5,10,,SCT012 BKN015,,29.74,29.87,,,,,,,
"Jul 3, 1:10 am",64,57,77,SE,5,10,,SCT012 BKN015,,29.74,29.87,,,,,,,
"Jul 3, 1:05 am",64,57,77,ESE,5,10,,SCT012 BKN015,,29.74,29.87,,,,,,,
"Jul 3, 1:00 am",63,57,83,ESE,3,10,,SCT012 BKN015,,29.75,29.88,,,,,,,
"Jul 3, 12:55 am",63,57,83,E,3,10,,SCT012 BKN015,,29.74,29.87,,,,,,,
"Jul 3, 12:53 am",63,58,84,E,5,10,,SCT012 BKN015,1011.4,29.75,29.88,,,,,,70,60
"Jul 3, 12:50 am",63,57,83,E,5,10,,SCT012 BKN015,,29.75,29.88,,,,,,,
"Jul 3, 12:45 am",63,57,83,E,3,10,,SCT012 BKN015,,29.75,29.88,,,,,,,
"Jul 3, 12:41 am",63,58,84,ESE,5,10,,SCT012 BKN015,,29.75,29.88,,,,,,,
"Jul 3, 12:40 am",63,57,83,ESE,5,10,,BKN012,,29.75,29.88,,,,,,,
"Jul 3, 12:35 am",63,57,83,ESE,3,10,,BKN012,,29.75,29.88,,,,,,,
"Jul 3, 12:30 am",63,57,83,ESE,5,10,,BKN012,,29.75,29.88,,,,,,,
"Jul 3, 12:25 am",64,57,77,SE,3,10,,BKN012,,29.75,29.88,,,,,,,
"Jul 3, 12:20 am",64,57,77,SE,5,10,,BKN012,,29.75,29.88,,,,,,,
"Jul 3, 12:15 am",64,57,77,SSE,5,10,,BKN012,,29.75,29.88,,,,,,,
"Jul 3, 12:10 am",64,57,77,SE,3,10,,BKN012,,29.76,29.89,,,,,,,
"Jul 3, 12:05 am",64,57,77,SE,5,10,,BKN012,,29.76,29.89,,,,,,,
"Jul 3, 12:00 am",64,57,77,S,5,10,,BKN012,,29.76,29.89,,,,,,,
"Jul 2, 11:55 pm",64,57,77,SSE,3,10,,BKN012,,29.76,29.89,,,,,,,
"Jul 2, 11:53 pm",64,58,81,N,0,10,,BKN012,1011.9,29.76,29.89,,,,,,,
"Jul 2, 11:50 pm",64,57,77,SSE,3,10,,BKN012,,29.76,29.89,,,,,,,
"Jul 2, 11:45 pm",64,57,77,SE,5,10,,BKN012,,29.76,29.89,,,,,,,
"Jul 2, 11:40 pm",64,57,77,SE,5,10,,BKN012,,29.76,29.89,,,,,,,
"Jul 2, 11:35 pm",64,57,77,SSE,3,10,,BKN012,,29.76,29.89,,,,,,,
"Jul 2, 11:30 pm",64,59,83,S,3,10,,BKN012,,29.76,29.89,,,,,,,
"Jul 2, 11:25 pm",64,59,83,N,0,10,,BKN012,,29.76,29.89,,,,,,,
"Jul 2, 11:20 pm",64,59,83,N,0,10,,BKN012,,29.76,29.89,,,,,,,
"Jul 2, 11:15 pm",64,59,83,N,0,10,,BKN012,,29.76,29.89,,,,,,,
"Jul 2, 11:10 pm",64,59,83,SSE,3,10,,BKN012,,29.76,29.89,,,,,,,
"Jul 2, 11:05 pm",64,59,83,N,0,10,,BKN012,,29.76,29.89,,,,,,,
"Jul 2, 11:00 pm",64,59,83,N,0,10,,BKN012,,29.76,29.89,,,,,,,
"Jul 2, 10:55 pm",64,59,83,N,0,10,,BKN012,,29.76,29.89,,,,,,,
"Jul 2, 10:53 pm",64,59,84,SW,3,10,,BKN012,1012,29.76,29.89,,,,67,63,,
"Jul 2, 10:50 pm",64,59,83,SW,3,10,,BKN012,,29.76,29.89,,,,,,,
"Jul 2, 10:45 pm",64,59,83,SSW,5,10,,BKN012,,29.76,29.89,,,,,,,
"Jul 2, 10:43 pm",64,59,84,SW,5,10,,BKN012,,29.76,29.89,,,,,,,
"Jul 2, 10:40 pm",64,57,77,SW,3,10,,SCT012,,29.76,29.89,,,,,,,
"Jul 2, 10:35 pm",64,57,77,N,0,10,,SCT012,,29.76,29.89,,,,,,,
"Jul 2, 10:30 pm",63,57,83,SW,5,10,,SCT012,,29.75,29.88,,,,,,,
"Jul 2, 10:25 pm",63,57,83,SW,5,10,,SCT010,,29.75,29.88,,,,,,,
"Jul 2, 10:20 pm",64,57,77,SW,6,10,,SCT010,,29.75,29.88,,,,,,,
"Jul 2, 10:15 pm",64,57,77,SSW,6,10,,SCT010,,29.75,29.88,,,,,,,
"Jul 2, 10:10 pm",63,57,83,SSW,7,10,,SCT010,,29.75,29.88,,,,,,,
"Jul 2, 10:05 pm",63,57,83,SW,7,10,,SCT010,,29.75,29.88,,,,,,,
"Jul 2, 10:00 pm",63,57,83,WSW,5,10,,CLR,,29.75,29.88,,,,,,,
"Jul 2, 9:55 pm",63,57,83,SW,6,10,,CLR,,29.75,29.88,,,,,,,
"Jul 2, 9:53 pm",63,58,84,WSW,6,10,,SCT010,1011.5,29.75,29.88,,,,,,,
"Jul 2, 9:50 pm",63,57,83,W,7,10,,SCT010,,29.75,29.88,,,,,,,
"Jul 2, 9:45 pm",64,57,77,WSW,7,10,,SCT010,,29.74,29.87,,,,,,,
"Jul 2, 9:40 pm",64,57,77,WSW,7,10,,CLR,,29.75,29.88,,,,,,,
"Jul 2, 9:35 pm",64,57,77,WSW,6,10,,CLR,,29.75,29.88,,,,,,,
"Jul 2, 9:30 pm",63,57,83,WSW,8,10,,CLR,,29.74,29.87,,,,,,,
"Jul 2, 9:25 pm",63,57,83,WSW,8,10,,CLR,,29.74,29.87,,,,,,,
"Jul 2, 9:20 pm",63,57,83,WSW,8,10,,CLR,,29.74,29.87,,,,,,,
"Jul 2, 9:15 pm",63,57,83,WSW,9,10,,CLR,,29.74,29.87,,,,,,,
"Jul 2, 9:10 pm",63,57,83,WSW,9,10,,CLR,,29.74,29.87,,,,,,,
"Jul 2, 9:05 pm",63,57,83,WSW,10,10,,CLR,,29.74,29.87,,,,,,,
"Jul 2, 9:00 pm",63,57,83,WSW,10,10,,CLR,,29.74,29.87,,,,,,,
"Jul 2, 8:55 pm",63,57,83,WSW,10,10,,CLR,,29.74,29.87,,,,,,,
"Jul 2, 8:53 pm",63,58,84,WSW,10,10,,FEW015 FEW100,1011.2,29.74,29.87,,,,,,,
"Jul 2, 8:50 pm",63,57,83,WSW,9,10,,FEW015 FEW100,,29.74,29.87,,,,,,,
"Jul 2, 8:45 pm",63,57,83,WSW,9,10,,CLR,,29.73,29.86,,,,,,,
"Jul 2, 8:40 pm",63,57,83,WSW,9,10,,CLR,,29.73,29.86,,,,,,,
"Jul 2, 8:35 pm",63,57,83,SW,9,10,,CLR,,29.73,29.86,,,,,,,
"Jul 2, 8:30 pm",63,57,83,WSW,10,10,,CLR,,29.73,29.86,,,,,,,
"Jul 2, 8:25 pm",63,57,83,WSW,10,10,,CLR,,29.73,29.86,,,,,,,
"Jul 2, 8:20 pm",63,57,83,WSW,10,10,,CLR,,29.73,29.86,,,,,,,
"Jul 2, 8:15 pm",63,57,83,WSW,12,10,,CLR,,29.73,29.86,,,,,,,
"Jul 2, 8:10 pm",63,57,83,WSW,10,10,,CLR,,29.72,29.85,,,,,,,
"Jul 2, 8:05 pm",64,57,77,WSW,10,10,,CLR,,29.72,29.85,,,,,,,
"Jul 2, 8:00 pm",63,57,83,WSW,9,10,,CLR,,29.72,29.85,,,,,,,
"Jul 2, 7:55 pm",64,57,77,WSW,9,10,,CLR,,29.72,29.85,,,,,,,
"Jul 2, 7:53 pm",64,57,78,W,10,10,,FEW015 FEW100,1010.6,29.72,29.85,,,,,,,
"Jul 2, 7:50 pm",64,57,77,W,12,10,,FEW015 FEW100,,29.72,29.85,,,,,,,
"Jul 2, 7:45 pm",64,57,77,WSW,10,10,,CLR,,29.72,29.85,,,,,,,
"Jul 2, 7:40 pm",64,57,77,WSW,10,10,,CLR,,29.72,29.85,,,,,,,
"Jul 2, 7:35 pm",64,57,77,SW,10,10,,CLR,,29.71,29.84,,,,,,,
"Jul 2, 7:30 pm",64,57,77,WSW,12,10,,CLR,,29.71,29.84,,,,,,,
"Jul 2, 7:25 pm",64,57,77,WSW,10,10,,CLR,,29.71,29.84,,,,,,,
"Jul 2, 7:20 pm",64,57,77,WSW,10,10,,CLR,,29.71,29.84,,,,,,,
"Jul 2, 7:15 pm",64,57,77,WSW,8,10,,CLR,,29.71,29.84,,,,,,,
"Jul 2, 7:10 pm",64,57,77,WSW,9,10,,CLR,,29.7,29.83,,,,,,,
"Jul 2, 7:05 pm",64,57,77,WSW,9,10,,CLR,,29.7,29.83,,,,,,,
"Jul 2, 7:00 pm",64,57,77,SW,8,10,,CLR,,29.7,29.83,,,,,,,
"Jul 2, 6:55 pm",64,57,77,WSW,9,10,,CLR,,29.7,29.83,,,,,,,
"Jul 2, 6:53 pm",66,57,73,WSW,10,10,,FEW015,1010,29.7,29.83,,,,,,,
"Jul 2, 6:50 pm",66,57,73,WSW,9,10,,FEW015,,29.7,29.83,,,,,,,
"Jul 2, 6:45 pm",66,57,73,SW,7,10,,CLR,,29.7,29.83,,,,,,,
"Jul 2, 6:40 pm",66,57,73,WSW,9,10,,CLR,,29.7,29.83,,,,,,,
"Jul 2, 6:35 pm",66,57,73,SW,9,10,,CLR,,29.7,29.83,,,,,,,
"Jul 2, 6:30 pm",66,57,73,SW,9,10,,FEW015,,29.7,29.83,,,,,,,
"Jul 2, 6:25 pm",66,57,73,WSW,9,10,,FEW015,,29.7,29.83,,,,,,,
"Jul 2, 6:20 pm",66,57,73,WSW,9,10,,FEW015,,29.7,29.83,,,,,,,
"Jul 2, 6:15 pm",66,57,73,SW,10,10,,FEW015,,29.7,29.83,,,,,,,
"Jul 2, 6:10 pm",66,57,73,WSW,12,10,,FEW015,,29.7,29.83,,,,,,,
"Jul 2, 6:05 pm",66,57,73,WSW,12G17,10,,CLR,,29.7,29.83,,,,,,,
"Jul 2, 6:00 pm",66,55,68,WSW,10,10,,CLR,,29.7,29.83,,,,,,,
"Jul 2, 5:55 pm",66,57,73,W,12,10,,CLR,,29.7,29.83,,,,,,,
"Jul 2, 5:53 pm",66,57,73,WSW,10,10,,FEW015,1010.1,29.7,29.83,,,,,,,
"Jul 2, 5:50 pm",66,57,73,WSW,13,10,,FEW015,,29.7,29.83,,,,,,,
"Jul 2, 5:45 pm",66,55,68,WSW,13,10,,CLR,,29.71,29.84,,,,,,,
"Jul 2, 5:40 pm",66,57,73,WSW,14,10,,CLR,,29.71,29.84,,,,,,,
"Jul 2, 5:35 pm",66,57,73,WSW,14,10,,CLR,,29.71,29.84,,,,,,,
"Jul 2, 5:30 pm",66,57,73,WSW,14G20,10,,CLR,,29.71,29.84,,,,,,,
"Jul 2, 5:25 pm",66,57,73,WSW,15,10,,CLR,,29.71,29.84,,,,,,,
"Jul 2, 5:20 pm",66,57,73,WSW,13G18,10,,CLR,,29.71,29.84,,,,,,,
"Jul 2, 5:15 pm",66,57,73,SW,12,10,,CLR,,29.71,29.84,,,,,,,
"Jul 2, 5:10 pm",66,57,73,SW,13,10,,CLR,,29.71,29.84,,,,,,,
"Jul 2, 5:05 pm",66,55,68,WSW,12,10,,CLR,,29.71,29.84,,,,,,,
"Jul 2, 5:00 pm",66,57,73,SW,12G17,10,,CLR,,29.71,29.84,,,,,,,
"Jul 2, 4:55 pm",66,57,73,SW,13,10,,CLR,,29.71,29.84,,,,,,,
"Jul 2, 4:53 pm",67,57,71,WSW,13,10,,FEW015 FEW090,1010.4,29.71,29.84,,,,70,67,,
"Jul 2, 4:50 pm",66,55,68,WSW,12,10,,FEW015 FEW090,,29.72,29.85,,,,,,,
"Jul 2, 4:45 pm",66,55,68,WSW,14,10,,CLR,,29.71,29.84,,,,,,,
"Jul 2, 4:40 pm",68,55,64,WSW,12,10,,CLR,,29.72,29.85,,,,,,,
"Jul 2, 4:35 pm",66,57,73,SW,14,10,,CLR,,29.72,29.85,,,,,,,
"Jul 2, 4:30 pm",66,55,68,WSW,13,10,,CLR,,29.72,29.85,,,,,,,
"Jul 2, 4:25 pm",66,57,73,SW,13,10,,CLR,,29.72,29.85,,,,,,,
"Jul 2, 4:20 pm",66,57,73,WSW,14,10,,CLR,,29.72,29.85,,,,,,,
"Jul 2, 4:15 pm",66,57,73,W,15,10,,CLR,,29.73,29.86,,,,,,,
"Jul 2, 4:10 pm",66,57,73,WSW,16,10,,CLR,,29.73,29.86,,,,,,,
"Jul 2, 4:05 pm",68,57,68,W,14,10,,CLR,,29.73,29.86,,,,,,,
"Jul 2, 4:00 pm",66,57,73,WSW,15G22,10,,CLR,,29.73,29.86,,,,,,,
"Jul 2, 3:55 pm",68,57,68,WSW,14,10,,CLR,,29.73,29.86,,,,,,,
"Jul 2, 3:53 pm",67,57,71,WSW,14G23,10,,FEW015 FEW090,1011,29.73,29.86,,,,,,,
"Jul 2, 3:50 pm",68,57,68,W,14,10,,FEW015 FEW090,,29.73,29.86,,,,,,,
"Jul 2, 3:45 pm",70,57,64,W,14,10,,CLR,,29.73,29.86,,,,,,,
"Jul 2, 3:40 pm",68,57,68,SW,14,10,,CLR,,29.73,29.86,,,,,,,
"Jul 2, 3:35 pm",68,57,68,W,15,10,,CLR,,29.73,29.86,,,,,,,
"Jul 2, 3:30 pm",68,57,68,WSW,13,10,,CLR,,29.74,29.87,,,,,,,
"Jul 2, 3:25 pm",68,57,68,WSW,13,10,,CLR,,29.74,29.87,,,,,,,
"Jul 2, 3:20 pm",70,57,64,WSW,13,10,,CLR,,29.74,29.87,,,,,,,
"Jul 2, 3:15 pm",70,57,64,WSW,14G20,10,,CLR,,29.74,29.87,,,,,,,
"Jul 2, 3:10 pm",68,55,64,WSW,15,10,,CLR,,29.74,29.87,,,,,,,
"Jul 2, 3:05 pm",68,57,68,WSW,13,10,,CLR,,29.74,29.87,,,,,,,
"Jul 2, 3:00 pm",68,55,64,W,14,10,,CLR,,29.74,29.87,,,,,,,
"Jul 2, 2:55 pm",68,55,64,WSW,14,10,,CLR,,29.74,29.87,,,,,,,
"Jul 2, 2:53 pm",69,56,63,W,15,10,,FEW015,1011.5,29.75,29.88,,,,,,,
"Jul 2, 2:50 pm",70,55,60,WSW,14,10,,FEW015,,29.75,29.88,,,,,,,
"Jul 2, 2:45 pm",70,55,60,W,14,10,,CLR,,29.75,29.88,,,,,,,
"Jul 2, 2:40 pm",70,55,60,WSW,14,10,,CLR,,29.75,29.88,,,,,,,
"Jul 2, 2:35 pm",68,55,64,WSW,14,10,,CLR,,29.75,29.88,,,,,,,
"Jul 2, 2:30 pm",70,55,60,W,14,10,,CLR,,29.75,29.88,,,,,,,
"Jul 2, 2:25 pm",68,55,64,WSW,9,10,,CLR,,29.75,29.88,,,,,,,
"Jul 2, 2:20 pm",70,55,60,WSW,13,10,,CLR,,29.75,29.88,,,,,,,
"Jul 2, 2:15 pm",70,55,60,WSW,12,10,,CLR,,29.75,29.88,,,,,,,
"Jul 2, 2:10 pm",70,55,60,WSW,10G17,10,,CLR,,29.75,29.88,,,,,,,
"Jul 2, 2:05 pm",68,55,64,WSW,10G18,10,,CLR,,29.75,29.88,,,,,,,
"Jul 2, 2:00 pm",68,55,64,WSW,13,10,,CLR,,29.75,29.88,,,,,,,
"Jul 2, 1:55 pm",68,55,64,WSW,13,10,,CLR,,29.76,29.89,,,,,,,
"Jul 2, 1:53 pm",69,56,63,WSW,13,10,,CLR,1011.8,29.75,29.88,,,,,,,
"Jul 2, 1:50 pm",70,55,60,W,13,10,,FEW025,,29.76,29.89,,,,,,,
"Jul 2, 1:45 pm",70,55,60,WSW,13,10,,FEW025,,29.76,29.89,,,,,,,
"Jul 2, 1:40 pm",70,55,60,W,15,10,,CLR,,29.76,29.89,,,,,,,
"Jul 2, 1:35 pm",70,55,60,SW,10G16,10,,CLR,,29.76,29.89,,,,,,,
"Jul 2, 1:30 pm",68,55,64,WSW,12,10,,CLR,,29.76,29.89,,,,,,,
"Jul 2, 1:25 pm",70,55,60,SW,14,10,,CLR,,29.76,29.89,,,,,,,
"Jul 2, 1:20 pm",70,55,60,SW,12G17,10,,CLR,,29.76,29.89,,,,,,,
"Jul 2, 1:15 pm",70,55,60,W,12G18,10,,CLR,,29.76,29.89,,,,,,,
"Jul 2, 1:10 pm",70,55,60,WSW,10,10,,CLR,,29.76,29.89,,,,,,,
"Jul 2, 1:05 pm",68,55,64,SW,10,10,,CLR,,29.76,29.89,,,,,,,
"Jul 2, 1:00 pm",70,55,60,WSW,12,10,,CLR,,29.76,29.89,,,,,,,
"Jul 2, 12:55 pm",70,55,60,SW,12,10,,CLR,,29.76,29.89,,,,,,,
"Jul 2, 12:53 pm",68,56,65,SW,10,10,,FEW025,1012.2,29.76,29.89,,,,,,,
"Jul 2, 12:50 pm",68,55,64,SSW,7G20,10,,FEW025,,29.76,29.89,,,,,,,
"Jul 2, 12:45 pm",70,55,60,SSW,7G20,10,,CLR,,29.77,29.9,,,,,,,
"Jul 2, 12:40 pm",70,55,60,WSW,9,10,,CLR,,29.77,29.9,,,,,,,
"Jul 2, 12:35 pm",70,55,60,WSW,9,10,,CLR,,29.77,29.9,,,,,,,
"Jul 2, 12:30 pm",68,55,64,WSW,9,10,,CLR,,29.77,29.9,,,,,,,
"Jul 2, 12:25 pm",68,55,64,W,8,10,,CLR,,29.77,29.9,,,,,,,
"Jul 2, 12:20 pm",68,55,64,WSW,8,10,,CLR,,29.77,29.9,,,,,,,
"Jul 2, 12:15 pm",68,55,64,W,10,10,,CLR,,29.77,29.9,,,,,,,
"Jul 2, 12:10 pm",66,55,68,WSW,8,10,,CLR,,29.77,29.9,,,,,,,
"Jul 2, 12:05 pm",70,55,60,WSW,9,10,,CLR,,29.78,29.91,,,,,,,
"Jul 2, 12:00 pm",68,55,64,W,10,10,,CLR,,29.77,29.9,,,,,,,
"Jul 2, 11:55 am",66,55,68,W,9,10,,CLR,,29.78,29.91,,,,,,,
"Jul 2, 11:53 am",68,56,65,WSW,9,9,,FEW025,1012.6,29.77,29.9,,,,,,,
"Jul 2, 11:50 am",68,55,64,W,10,9,,FEW022,,29.77,29.9,,,,,,,
"Jul 2, 11:45 am",68,55,64,W,13,10,,CLR,,29.78,29.91,,,,,,,
"Jul 2, 11:40 am",68,55,64,W,10,10,,CLR,,29.78,29.91,,,,,,,
"Jul 2, 11:35 am",66,55,68,WSW,10,10,,CLR,,29.78,29.91,,,,,,,
"Jul 2, 11:30 am",68,55,64,W,10,10,,CLR,,29.78,29.91,,,,,,,
"Jul 2, 11:25 am",68,55,64,W,10,10,,CLR,,29.78,29.91,,,,,,,
"Jul 2, 11:20 am",68,55,64,WSW,12,10,,CLR,,29.78,29.91,,,,,,,
"Jul 2, 11:15 am",68,55,64,WSW,12,10,,CLR,,29.78,29.91,,,,,,,
"Jul 2, 11:10 am",66,55,68,WSW,9,10,,CLR,,29.78,29.91,,,,,,,
"Jul 2, 11:05 am",66,55,68,WSW,10,10,,CLR,,29.78,29.91,,,,,,,
"Jul 2, 11:00 am",66,55,68,WSW,12G17,10,,CLR,,29.78,29.91,,,,,,,
"Jul 2, 10:55 am",66,57,73,WSW,12,10,,CLR,,29.78,29.91,,,,,,,
"Jul 2, 10:53 am",67,56,68,WSW,10,9,,SCT020 SCT060,1012.8,29.78,29.91,,,,67,62,,
"Jul 2, 10:50 am",66,55,68,WSW,12,9,,SCT020 SCT060,,29.78,29.91,,,,,,,
"Jul 2, 10:45 am",66,55,68,SW,9,9,,FEW020,,29.78,29.91,,,,,,,
"Jul 2, 10:40 am",66,57,73,WSW,12,9,,FEW020,,29.78,29.91,,,,,,,
"Jul 2, 10:35 am",66,57,73,WSW,9,9,,FEW020,,29.78,29.91,,,,,,,
"Jul 2, 10:30 am",66,55,68,W,7,9,,FEW020,,29.78,29.91,,,,,,,
"Jul 2, 10:25 am",66,55,68,WSW,9,9,,SCT020,,29.78,29.91,,,,,,,
"Jul 2, 10:20 am",67,56,68,WSW,10,9,,SCT020,,29.77,29.9,,,,,,,
"Jul 2, 10:15 am",66,55,68,W,9,10,,SCT020,,29.77,29.9,,,,,,,
"Jul 2, 10:10 am",66,57,73,WSW,9,10,,BKN020,,29.77,29.9,,,,,,,
"Jul 2, 10:05 am",66,55,68,W,8,10,,BKN020,,29.77,29.9,,,,,,,
"Jul 2, 10:00 am",66,55,68,WSW,9,10,,OVC020,,29.77,29.9,,,,,,,
"Jul 2, 9:55 am",66,55,68,SW,8,10,,OVC020,,29.78,29.91,,,,,,,
"Jul 2, 9:53 am",66,56,70,WSW,8,8,,BKN020,1012.6,29.78,29.91,,,,,,,
"Jul 2, 9:50 am",66,55,68,WSW,9,9,,OVC020,,29.78,29.91,,,,,,,
"Jul 2, 9:45 am",66,55,68,WSW,7,10,,OVC019,,29.77,29.9,,,,,,,
"Jul 2, 9:40 am",64,55,73,WSW,5,10,,OVC019,,29.77,29.9,,,,,,,
"Jul 2, 9:35 am",64,55,73,N,0,10,,OVC018,,29.77,29.9,,,,,,,
"Jul 2, 9:30 am",64,55,73,SW,6,10,,OVC018,,29.77,29.9,,,,,,,
"Jul 2, 9:25 am",64,55,73,WNW,5,10,,OVC018,,29.77,29.9,,,,,,,
"Jul 2, 9:20 am",64,55,73,WSW,5,10,,OVC017,,29.77,29.9,,,,,,,
"Jul 2, 9:15 am",64,55,73,W,6,10,,OVC017,,29.77,29.9,,,,,,,
"Jul 2, 9:10 am",64,55,73,W,5,10,,OVC017,,29.77,29.9,,,,,,,
"Jul 2, 9:05 am",64,55,73,WSW,5,10,,OVC016,,29.77,29.9,,,,,,,
"Jul 2, 9:00 am",64,55,73,WSW,8,10,,OVC016,,29.77,29.9,,,,,,,
"Jul 2, 8:55 am",64,55,73,W,7,10,,OVC016,,29.76,29.89,,,,,,,
"Jul 2, 8:53 am",64,56,75,W,7,8,,OVC016,1012.1,29.76,29.89,,,,,,,
"Jul 2, 8:50 am",64,55,73,WSW,7,8,,OVC016,,29.76,29.89,,,,,,,
"Jul 2, 8:45 am",64,55,73,SW,7,8,,OVC016,,29.76,29.89,,,,,,,
"Jul 2, 8:35 am",63,55,77,WSW,7,8,,OVC016,,29.76,29.89,,,,,,,
"Jul 2, 8:30 am",63,55,77,WSW,7,8,,OVC015,,29.76,29.89,,,,,,,
"Jul 2, 8:25 am",63,55,77,WSW,8,8,,OVC015,,29.76,29.89,,,,,,,
"Jul 2, 8:20 am",63,55,77,W,6,8,,OVC015,,29.76,29.89,,,,,,,
"Jul 2, 8:15 am",63,55,77,WSW,7,8,,OVC015,,29.76,29.89,,,,,,,
"Jul 2, 8:10 am",63,55,77,WSW,7,8,,OVC015,,29.76,29.89,,,,,,,
"Jul 2, 8:09 am",63,56,78,WSW,6,8,,OVC015,,29.76,29.89,,,,,,,
"Jul 2, 8:05 am",63,55,77,WSW,6,8,,OVC015,,29.76,29.89,,,,,,,
"Jul 2, 8:00 am",63,55,77,WSW,5,10,,OVC014,,29.76,29.89,,,,,,,
"Jul 2, 7:55 am",63,55,77,WSW,5,10,,OVC014,,29.76,29.89,,,,,,,
"Jul 2, 7:53 am",63,56,78,WSW,5,8,,OVC014,1011.9,29.76,29.89,,,,,,,
"Jul 2, 7:50 am",63,55,77,SW,6,8,,OVC014,,29.75,29.88,,,,,,,
"Jul 2, 7:45 am",63,55,77,SW,6,10,,OVC014,,29.75,29.88,,,,,,,
"Jul 2, 7:40 am",63,57,83,WSW,3,10,,OVC014,,29.75,29.88,,,,,,,
"Jul 2, 7:35 am",63,57,83,SW,5,10,,OVC014,,29.75,29.88,,,,,,,
"Jul 2, 7:30 am",63,57,83,WSW,7,10,,OVC014,,29.75,29.88,,,,,,,
"Jul 2, 7:25 am",63,57,83,WSW,6,10,,OVC014,,29.75,29.88,,,,,,,
"Jul 2, 7:20 am",63,57,83,WSW,7,10,,OVC014,,29.75,29.88,,,,,,,
"Jul 2, 7:15 am",63,57,83,W,6,10,,OVC014,,29.75,29.88,,,,,,,
"Jul 2, 7:10 am",63,57,83,W,5,10,,OVC013,,29.74,29.87,,,,,,,
"Jul 2, 7:05 am",63,57,83,SW,3,10,,OVC013,,29.74,29.87,,,,,,,
"Jul 2, 7:00 am",63,57,83,SW,3,10,,OVC013,,29.74,29.87,,,,,,,
"Jul 2, 6:55 am",63,57,83,SW,5,10,,OVC013,,29.74,29.87,,,,,,,
"Jul 2, 6:53 am",62,57,84,SW,6,8,,OVC013,1011.4,29.74,29.87,,,,,,,
"Jul 2, 6:50 am",63,57,83,W,5G20,8,,OVC013,,29.74,29.87,,,,,,,
"Jul 2, 6:45 am",63,57,83,W,5G20,10,,OVC013,,29.74,29.87,,,,,,,
"Jul 2, 6:40 am",63,57,83,W,5G20,10,,OVC013,,29.74,29.87,,,,,,,
"Jul 2, 6:35 am",63,57,83,W,5G20,10,,OVC013,,29.74,29.87,,,,,,,
"Jul 2, 6:30 am",63,57,83,W,5G20,10,,OVC012,,29.74,29.87,,,,,,,
"Jul 2, 6:25 am",63,57,83,W,5G20,10,,OVC012,,29.74,29.87,,,,,,,
"Jul 2, 6:20 am",63,57,83,W,5G20,10,,OVC012,,29.73,29.86,,,,,,,
"Jul 2, 6:15 am",63,57,83,W,5G20,10,,OVC012,,29.73,29.86,,,,,,,
"Jul 2, 6:10 am",63,57,83,W,5G20,10,,OVC012,,29.74,29.87,,,,,,,
"Jul 2, 6:05 am",63,57,83,W,5G20,10,,OVC012,,29.73,29.86,,,,,,,
"Jul 2, 6:00 am",63,57,83,W,5G20,10,,OVC012,,29.73,29.86,,,,,,,
"Jul 2, 5:55 am",63,57,83,W,5G20,10,,OVC011,,29.74,29.87,,,,,,,
"Jul 2, 5:53 am",62,57,84,N,0,9,,OVC010,1011.1,29.73,29.86,,,,,,,
"Jul 2, 5:50 am",63,57,83,N,0,9,,OVC010,,29.73,29.86,,,,,,,
"Jul 2, 5:45 am",63,57,83,NNW,3,9,,OVC010,,29.73,29.86,,,,,,,
"Jul 2, 5:40 am",63,57,83,NW,3,9,,OVC010,,29.73,29.86,,,,,,,
"Jul 2, 5:35 am",63,57,83,NNW,3,9,,OVC010,,29.73,29.86,,,,,,,
"Jul 2, 5:30 am",63,57,83,NW,3,9,,OVC010,,29.73,29.86,,,,,,,
"Jul 2, 5:25 am",63,57,83,WNW,5,9,,OVC010,,29.73,29.86,,,,,,,
"Jul 2, 5:20 am",63,57,83,N,0,9,,OVC010,,29.73,29.86,,,,,,,
"Jul 2, 5:15 am",63,57,83,NW,3,9,,OVC010,,29.73,29.86,,,,,,,
"Jul 2, 5:11 am",62,57,84,NNW,3,9,,OVC010,,29.72,29.85,,,,,,,
"Jul 2, 5:10 am",63,57,83,NW,3,9,,OVC009,,29.72,29.85,,,,,,,
"Jul 2, 5:05 am",63,57,83,N,0,9,,OVC009,,29.73,29.86,,,,,,,
"Jul 2, 5:00 am",63,57,83,N,3,9,,OVC009,,29.73,29.86,,,,,,,
"Jul 2, 4:55 am",63,57,83,WNW,5,9,,OVC009,,29.73,29.86,,,,,,,
"Jul 2, 4:53 am",62,57,84,N,0,9,,OVC009,1010.7,29.72,29.85,,,,62,60,,
"Jul 2, 4:50 am",63,57,83,NW,3,9,,OVC009,,29.72,29.85,,,,,,,
"Jul 2, 4:45 am",63,57,83,N,3,9,,OVC009,,29.72,29.85,,,,,,,
"Jul 2, 4:40 am",63,57,83,N,3,9,,OVC009,,29.72,29.85,,,,,,,
"Jul 2, 4:35 am",63,57,83,N,5,9,,OVC009,,29.72,29.85,,,,,,,
"Jul 2, 4:30 am",63,57,83,NNE,3,9,,OVC009,,29.72,29.85,,,,,,,
"Jul 2, 4:25 am",63,57,83,N,0,9,,OVC009,,29.72,29.85,,,,,,,
"Jul 2, 4:20 am",61,57,88,N,0,9,,OVC009,,29.72,29.85,,,,,,,
"Jul 2, 4:15 am",61,57,88,N,0,9,,OVC009,,29.72,29.85,,,,,,,
"Jul 2, 4:10 am",61,57,88,N,0,9,,OVC009,,29.72,29.85,,,,,,,
"Jul 2, 4:05 am",61,57,88,NNW,3,9,,OVC009,,29.72,29.85,,,,,,,
"Jul 2, 4:00 am",63,57,83,NNW,5,9,,OVC009,,29.72,29.85,,,,,,,
"Jul 2, 3:55 am",61,57,88,N,0,9,,OVC009,,29.72,29.85,,,,,,,
"Jul 2, 3:53 am",62,57,84,NW,3,9,,OVC009,1010.5,29.72,29.85,,,,,,,
"Jul 2, 3:50 am",63,57,83,NW,6,9,,OVC009,,29.72,29.85,,,,,,,
"Jul 2, 3:45 am",63,57,83,NW,5,9,,OVC008,,29.72,29.85,,,,,,,
"Jul 2, 3:40 am",63,57,83,NNE,3,9,,OVC008,,29.72,29.85,,,,,,,
"Jul 2, 3:35 am",61,57,88,N,0,9,,OVC008,,29.72,29.85,,,,,,,
"Jul 2, 3:30 am",61,57,88,NE,3,9,,OVC008,,29.72,29.85,,,,,,,
"Jul 2, 3:25 am",61,57,88,N,0,9,,OVC008,,29.71,29.84,,,,,,,
"Jul 2, 3:20 am",61,57,88,N,0,9,,OVC008,,29.72,29.85,,,,,,,
"Jul 2, 3:15 am",61,57,88,N,0,9,,OVC008,,29.72,29.85,,,,,,,
"Jul 2, 3:10 am",61,57,88,N,0,9,,OVC008,,29.72,29.85,,,,,,,
"Jul 2, 3:05 am",61,57,88,N,0,9,,OVC008,,29.71,29.84,,,,,,,
"Jul 2, 3:00 am",61,57,88,N,0,9,,OVC008,,29.71,29.84,,,,,,,
"Jul 2, 2:55 am",61,57,88,WNW,3,9,,OVC009,,29.71,29.84,,,,,,,
"Jul 2, 2:53 am",61,57,87,NW,3,9,,OVC008,1010.4,29.72,29.85,,,,,,,
"Jul 2, 2:50 am",61,57,88,W,3,9,,OVC008,,29.72,29.85,,,,,,,
"Jul 2, 2:45 am",61,57,88,NW,5,10,,OVC009,,29.72,29.85,,,,,,,
"Jul 2, 2:40 am",61,57,88,NNW,3,10,,OVC008,,29.72,29.85,,,,,,,
"Jul 2, 2:35 am",61,57,88,N,0,9,,OVC008,,29.72,29.85,,,,,,,
"Jul 2, 2:30 am",61,57,88,NNW,5,9,,OVC008,,29.72,29.85,,,,,,,
"Jul 2, 2:25 am",61,57,88,N,0,10,,OVC008,,29.72,29.85,,,,,,,
"Jul 2, 2:20 am",61,57,88,N,0,10,,OVC008,,29.72,29.85,,,,,,,
"Jul 2, 2:15 am",61,57,88,NNW,3,9,,OVC008,,29.72,29.85,,,,,,,
"Jul 2, 2:10 am",61,57,88,N,0,8,,OVC008,,29.72,29.85,,,,,,,
"Jul 2, 2:05 am",61,57,88,N,0,8,,OVC008,,29.72,29.85,,,,,,,
"Jul 2, 2:00 am",61,57,88,N,0,8,,OVC008,,29.72,29.85,,,,,,,
"Jul 2, 1:55 am",61,57,88,N,0,9,,OVC008,,29.72,29.85,,,,,,,
"Jul 2, 1:53 am",61,57,87,SW,3,10,,OVC007,1010.7,29.72,29.85,,,,,,,
"Jul 2, 1:50 am",61,57,88,N,0,10,,OVC007,,29.73,29.86,,,,,,,
"Jul 2, 1:45 am",61,57,88,N,0,10,,OVC007,,29.73,29.86,,,,,,,
"Jul 2, 1:40 am",61,57,88,W,3,10,,OVC007,,29.73,29.86,,,,,,,
"Jul 2, 1:35 am",61,57,88,NW,3,10,,OVC007,,29.73,29.86,,,,,,,
"Jul 2, 1:30 am",61,57,88,WNW,3,10,,OVC007,,29.73,29.86,,,,,,,
"Jul 2, 1:25 am",61,57,88,WSW,3,10,,OVC007,,29.73,29.86,,,,,,,
"Jul 2, 1:20 am",61,57,88,W,5,9,,OVC008,,29.73,29.86,,,,,,,
"Jul 2, 1:15 am",61,57,88,N,0,10,,OVC008,,29.73,29.86,,,,,,,
"Jul 2, 1:10 am",61,57,88,WNW,3,10,,OVC008,,29.73,29.86,,,,,,,
"Jul 2, 1:05 am",61,57,88,W,5,10,,OVC007,,29.73,29.86,,,,,,,
"Jul 2, 1:00 am",61,57,88,WNW,5,10,,OVC007,,29.74,29.87,,,,,,,
"Jul 2, 12:55 am",61,57,88,W,6,10,,OVC007,,29.74,29.87,,,,,,,
"Jul 2, 12:53 am",60,57,90,WNW,6,10,,OVC006,1011.3,29.74,29.87,,,,,,70,60
"Jul 2, 12:50 am",61,57,88,WNW,6G20,10,,OVC006,,29.74,29.87,,,,,,,
"Jul 2, 12:45 am",61,57,88,WNW,6G20,10,,OVC006,,29.74,29.87,,,,,,,
"Jul 2, 12:40 am",61,57,88,,,10,,OVC006,,29.74,29.87,,,,,,,
"Jul 2, 12:35 am",61,57,88,WNW,6,10,,OVC006,,29.74,29.87,,,,,,,
"Jul 2, 12:30 am",61,57,88,WNW,7,10,,OVC006,,29.74,29.87,,,,,,,
"Jul 2, 12:25 am",61,57,88,W,8,10,,OVC006,,29.74,29.87,,,,,,,
"Jul 2, 12:20 am",61,57,88,WNW,9,10,,OVC006,,29.74,29.87,,,,,,,
"Jul 2, 12:15 am",61,57,88,W,5,10,,OVC006,,29.74,29.87,,,,,,,
"Jul 2, 12:10 am",61,57,88,SW,8,10,,OVC006,,29.74,29.87,,,,,,,
"Jul 2, 12:05 am",61,57,88,W,8,10,,OVC006,,29.74,29.87,,,,,,,
"Jul 2, 12:00 am",61,57,88,W,7,10,,OVC006,,29.74,29.87,,,,,,,
"Jul 1, 11:55 pm",61,57,88,W,9,10,,OVC006,,29.74,29.87,,,,,,,
"Jul 1, 11:53 pm",60,57,90,W,9,10,,OVC006,1011.3,29.74,29.87,,,,,,,
"Jul 1, 11:50 pm",61,57,88,W,8,10,,OVC006,,29.74,29.87,,,,,,,
"Jul 1, 11:45 pm",61,57,88,WSW,8,10,,OVC006,,29.74,29.87,,,,,,,
"Jul 1, 11:40 pm",61,57,88,W,10,10,,OVC006,,29.74,29.87,,,,,,,
"Jul 1, 11:35 pm",61,57,88,W,12G18,10,,OVC006,,29.74,29.87,,,,,,,
"Jul 1, 11:30 pm",61,57,88,W,10,10,,OVC006,,29.74,29.87,,,,,,,
"Jul 1, 11:25 pm",61,57,88,W,12,10,,OVC006,,29.74,29.87,,,,,,,
"Jul 1, 11:20 pm",61,57,88,W,13,10,,OVC007,,29.74,29.87,,,,,,,
"Jul 1, 11:15 pm",61,57,88,W,12,10,,OVC007,,29.74,29.87,,,,,,,
"Jul 1, 11:10 pm",61,57,88,W,10,10,,OVC007,,29.73,29.86,,,,,,,
"Jul 1, 11:05 pm",61,57,88,WSW,9,10,,OVC007,,29.73,29.86,,,,,,,
"Jul 1, 11:00 pm",61,57,88,W,12,10,,OVC007,,29.73,29.86,,,,,,,
"Jul 1, 10:55 pm",63,57,83,W,13,10,,OVC008,,29.73,29.86,,,,,,,
"Jul 1, 10:53 pm",62,58,86,W,12,10,,OVC008,1010.9,29.73,29.86,,,,68,62,,
"Jul 1, 10:50 pm",63,57,83,W,12,10,,OVC008,,29.73,29.86,,,,,,,
"Jul 1, 10:45 pm",63,57,83,W,9,10,,OVC008,,29.73,29.86,,,,,,,
"Jul 1, 10:40 pm",63,57,83,W,12,10,,OVC008,,29.73,29.86,,,,,,,
"Jul 1, 10:35 pm",63,57,83,W,12,10,,OVC008,,29.73,29.86,,,,,,,
"Jul 1, 10:30 pm",63,57,83,W,13,10,,OVC008,,29.73,29.86,,,,,,,
"Jul 1, 10:25 pm",63,57,83,W,13,10,,OVC008,,29.72,29.85,,,,,,,
"Jul 1, 10:20 pm",63,57,83,W,12,10,,OVC008,,29.72,29.85,,,,,,,
"Jul 1, 10:15 pm",63,57,83,W,13,10,,OVC008,,29.72,29.85,,,,,,,
"Jul 1, 10:10 pm",63,57,83,WSW,12,10,,OVC008,,29.72,29.85,,,,,,,
"Jul 1, 10:05 pm",63,57,83,W,12,10,,OVC007,,29.72,29.85,,,,,,,
"Jul 1, 10:00 pm",63,57,83,W,10,10,,OVC007,,29.72,29.85,,,,,,,
"Jul 1, 9:55 pm",63,57,83,W,14,10,,OVC007,,29.72,29.85,,,,,,,
"Jul 1, 9:53 pm",62,58,86,W,12,10,,OVC007,1010.5,29.72,29.85,,,,,,,
"Jul 1, 9:50 pm",63,57,83,W,14,10,,OVC007,,29.71,29.84,,,,,,,
"Jul 1, 9:45 pm",63,57,83,W,13,10,,OVC007,,29.71,29.84,,,,,,,
"Jul 1, 9:40 pm",63,57,83,W,14,10,,OVC007,,29.71,29.84,,,,,,,
"Jul 1, 9:35 pm",63,57,83,W,13,10,,OVC007,,29.71,29.84,,,,,,,
"Jul 1, 9:30 pm",63,57,83,W,14,10,,OVC007,,29.71,29.84,,,,,,,
"Jul 1, 9:25 pm",63,57,83,W,14,10,,OVC007,,29.71,29.84,,,,,,,
"Jul 1, 9:20 pm",63,57,83,W,12,10,,OVC007,,29.71,29.84,,,,,,,
"Jul 1, 9:15 pm",63,57,83,W,13,10,,OVC008,,29.71,29.84,,,,,,,
"Jul 1, 9:10 pm",63,57,83,WSW,10,10,,OVC008,,29.7,29.83,,,,,,,
"Jul 1, 9:05 pm",63,57,83,W,12,10,,OVC008,,29.7,29.83,,,,,,,
"Jul 1, 9:00 pm",63,57,83,W,14,10,,OVC008,,29.7,29.83,,,,,,,
"Jul 1, 8:55 pm",63,57,83,W,12,10,,OVC008,,29.7,29.83,,,,,,,
"Jul 1, 8:53 pm",62,58,86,WSW,9,10,,OVC008,1010,29.7,29.83,,,,,,,
"Jul 1, 8:50 pm",63,57,83,WSW,10,10,,OVC008,,29.7,29.83,,,,,,,
"Jul 1, 8:45 pm",63,57,83,WSW,12,10,,OVC008,,29.7,29.83,,,,,,,
"Jul 1, 8:40 pm",63,57,83,W,10,10,,OVC008,,29.7,29.83,,,,,,,
"Jul 1, 8:35 pm",63,57,83,W,10,10,,OVC008,,29.7,29.83,,,,,,,
"Jul 1, 8:30 pm",63,57,83,WSW,9,10,,OVC008,,29.7,29.83,,,,,,,
"Jul 1, 8:25 pm",63,57,83,W,9,10,,OVC008,,29.7,29.83,,,,,,,
"Jul 1, 8:20 pm",63,57,83,WSW,10,10,,OVC008,,29.7,29.83,,,,,,,
"Jul 1, 8:15 pm",63,57,83,WSW,9,10,,OVC008,,29.7,29.83,,,,,,,
"Jul 1, 8:10 pm",63,57,83,W,13,10,,OVC008,,29.7,29.83,,,,,,,
"Jul 1, 8:05 pm",63,57,83,W,8,10,,OVC009,,29.7,29.83,,,,,,,
